1249588124	20240613	202406	2024	2024.4466	EDU	STUDENT						EDU			BGD	BANGLADESH	BGD								0	160	160	16	4	-4.0	2	1	2	-0.63492063492064	4	London, London, City of, United Kingdom	UK	UKH9	40110	51.5	-0.116667	-2601889	4	Dhaka, Dhaka, Bangladesh	BG	BG81	5778	23.7231	90.4086	-2737683	4	London, London, City of, United Kingdom	UK	UKH9	40110	51.5	-0.116667	-2601889	20250613230000	http://www.calcuttanews.net/news/278280089/bangladesh-yunus-hints-at-holding-elections-in-early-february
1249588125	20240613	202406	2024	2024.4466	EDU	STUDENT						EDU			BGDELI	BANGLADESH	BGD					ELI			0	160	160	16	4	-4.0	6	1	6	-0.63492063492064	4	Dhaka, Dhaka, Bangladesh	BG	BG81	5778	23.7231	90.4086	-2737683	4	Dhaka, Dhaka, Bangladesh	BG	BG81	5778	23.7231	90.4086	-2737683	4	Dhaka, Dhaka, Bangladesh	BG	BG81	5778	23.7231	90.4086	-2737683	20250613230000	http://www.calcuttanews.net/news/278280089/bangladesh-yunus-hints-at-holding-elections-in-early-february
1249588126	20250514	202505	2025	2025.3671											LEG	CONGRESSWOMAN						LEG			0	173	173	17	4	-5.0	7	1	7	-6.49895178197065	0								1	United States	US	US		39.828175	-98.5795	US	1	United States	US	US		39.828175	-98.5795	US	20250613230000	https://www.yahoo.com/news/four-migrants-escape-ice-detention-205552858.html
1249588127	20250514	202505	2025	2025.3671											LEG	CONGRESSWOMAN						LEG			0	180	180	18	4	-9.0	1	1	1	-6.49895178197065	0								1	Jersey	JE	JE		49.216667	-2.116667	JE	1	Jersey	JE	JE		49.216667	-2.116667	JE	20250613230000	https://www.yahoo.com/news/four-migrants-escape-ice-detention-205552858.html
1249588128	20250514	202505	2025	2025.3671											LEG	CONGRESSWOMAN						LEG			0	180	180	18	4	-9.0	6	1	6	-6.49895178197065	0								1	United States	US	US		39.828175	-98.5795	US	1	United States	US	US		39.828175	-98.5795	US	20250613230000	https://www.yahoo.com/news/four-migrants-escape-ice-detention-205552858.html
1249588129	20250514	202505	2025	2025.3671	GBRGOVMIL	UNITED KINGDOM	GBR					GOV	MIL		GBR	UNITED KINGDOM	GBR								0	1821	182	18	4	-9.0	1	1	1	-6.49558941459503	4	Nanyuki, Rift Valley, Kenya	KE	KE08	18585	0.016667	37.0728	-2258391	4	London, London, City of, United Kingdom	UK	UKH9	40110	51.5	-0.116667	-2601889	4	London, London, City of, United Kingdom	UK	UKH9	40110	51.5	-0.116667	-2601889	20250613230000	https://www.okayafrica.com/today-in-africa-news-brief-2025/
1249588130	20250514	202505	2025	2025.3671	GBRGOVMIL	UNITED KINGDOM	GBR					GOV	MIL		GBR	BRITISH	GBR								0	1821	182	18	4	-9.0	1	1	1	-6.49558941459503	4	London, London, City of, United Kingdom	UK	UKH9	40110	51.5	-0.116667	-2601889	4	Nanyuki, Rift Valley, Kenya	KE	KE08	18585	0.016667	37.0728	-2258391	4	London, London, City of, United Kingdom	UK	UKH9	40110	51.5	-0.116667	-2601889	20250613230000	https://www.okayafrica.com/today-in-africa-news-brief-2025/
1249588131	20250514	202505	2025	2025.3671	GBRGOVMIL	UNITED KINGDOM	GBR					GOV	MIL		GBR	BRITISH	GBR								0	1821	182	18	4	-9.0	3	1	3	-6.49558941459503	4	London, London, City of, United Kingdom	UK	UKH9	40110	51.5	-0.116667	-2601889	4	London, London, City of, United Kingdom	UK	UKH9	40110	51.5	-0.116667	-2601889	4	London, London, City of, United Kingdom	UK	UKH9	40110	51.5	-0.116667	-2601889	20250613230000	https://www.okayafrica.com/today-in-africa-news-brief-2025/
1249588132	20250514	202505	2025	2025.3671	GBRGOVMIL	UNITED KINGDOM	GBR					GOV	MIL		GBRMIL	UNITED KINGDOM	GBR					MIL			0	062	062	06	2	7.4	1	1	1	-6.49558941459503	4	Nanyuki, Rift Valley, Kenya	KE	KE08	18585	0.016667	37.0728	-2258391	4	London, London, City of, United Kingdom	UK	UKH9	40110	51.5	-0.116667	-2601889	4	London, London, City of, United Kingdom	UK	UKH9	40110	51.5	-0.116667	-2601889	20250613230000	https://www.okayafrica.com/today-in-africa-news-brief-2025/
1249588133	20250514	202505	2025	2025.3671	GBRGOVMIL	UNITED KINGDOM	GBR					GOV	MIL		GBRMIL	BRITISH	GBR					MIL			0	062	062	06	2	7.4	2	1	2	-6.49558941459503	4	London, London, City of, United Kingdom	UK	UKH9	40110	51.5	-0.116667	-2601889	4	London, London, City of, United Kingdom	UK	UKH9	40110	51.5	-0.116667	-2601889	4	London, London, City of, United Kingdom	UK	UKH9	40110	51.5	-0.116667	-2601889	20250613230000	https://www.okayafrica.com/today-in-africa-news-brief-2025/
1249588134	20250514	202505	2025	2025.3671	GOV	PRESIDENT						GOV			MED	MEDIA						MED			1	043	043	04	1	2.8	3	1	3	2.49221183800623	1	Nigeria	NI	NI		10	8	NI	1	Nigeria	NI	NI		10	8	NI	1	Nigeria	NI	NI		10	8	NI	20250613230000	https://www.artforum.com/news/kim-sajet-to-depart-as-director-national-portrait-gallery-1234732402/
1249588135	20250514	202505	2025	2025.3671	GOV	PRESIDENT						GOV			NGA	NIGERIA	NGA								1	043	043	04	1	2.8	1	1	1	2.49221183800623	1	Nigeria	NI	NI		10	8	NI	1	Nigeria	NI	NI		10	8	NI	1	Nigeria	NI	NI		10	8	NI	20250613230000	https://www.artforum.com/news/kim-sajet-to-depart-as-director-national-portrait-gallery-1234732402/
1249588136	20250514	202505	2025	2025.3671	ITA	NAPLES	ITA																		0	051	051	05	1	3.4	4	1	4	-5.46666666666667	4	Gaza, Israel (general), Israel	IS	IS00	18315	31.4167	34.3333	-797156	0								4	Rome, Lazio, Italy	IT	IT07	18350	41.9	12.4833	-126693	20250613230000	https://www.algemeiner.com/2025/06/13/rome-synagogue-defaced-nazi-graffiti-new-report-reveals-antisemitic-prejudice-rampant-italy/
1249588137	20250514	202505	2025	2025.3671	ITA	NAPLES	ITA																		0	051	051	05	1	3.4	1	1	1	-5.46666666666667	4	Gaza, Israel (general), Israel	IS	IS00	18315	31.4167	34.3333	-797156	0								4	Gaza, Israel (general), Israel	IS	IS00	18315	31.4167	34.3333	-797156	20250613230000	https://www.algemeiner.com/2025/06/13/rome-synagogue-defaced-nazi-graffiti-new-report-reveals-antisemitic-prejudice-rampant-italy/
1249588138	20250514	202505	2025	2025.3671	JUD	FEDERAL JUDGE						JUD			HLH	DOCTOR						HLH			1	016	016	01	1	-2.0	10	1	10	-13.7142857142857	2	Colorado, United States	US	USCO		39.0646	-105.327	CO	2	Colorado, United States	US	USCO		39.0646	-105.327	CO	2	Colorado, United States	US	USCO		39.0646	-105.327	CO	20250613230000	https://gazette.com/colorado_politics/federal-judge-dismisses-prisoners-lawsuit-over-needle-in-eye/article_be7b3d7b-6f9f-5fb0-9b77-9f325c4fedeb.html
1249588139	20250514	202505	2025	2025.3671	MED	MEDIA						MED			GOV	PRESIDENT						GOV			1	042	042	04	1	1.9	3	1	3	2.49221183800623	2	New York, United States	US	USNY		42.1497	-74.9384	NY	2	New York, United States	US	USNY		42.1497	-74.9384	NY	2	New York, United States	US	USNY		42.1497	-74.9384	NY	20250613230000	https://www.artforum.com/news/kim-sajet-to-depart-as-director-national-portrait-gallery-1234732402/
1249588140	20250514	202505	2025	2025.3671	MED	MEDIA						MED			NGAGOV	NIGERIA	NGA					GOV			1	042	042	04	1	1.9	1	1	1	2.49221183800623	2	New York, United States	US	USNY		42.1497	-74.9384	NY	2	New York, United States	US	USNY		42.1497	-74.9384	NY	2	New York, United States	US	USNY		42.1497	-74.9384	NY	20250613230000	https://www.artforum.com/news/kim-sajet-to-depart-as-director-national-portrait-gallery-1234732402/
1249588141	20250514	202505	2025	2025.3671	NGA	NIGERIA	NGA								GOV	PRESIDENT						GOV			1	042	042	04	1	1.9	1	1	1	2.49221183800623	2	New York, United States	US	USNY		42.1497	-74.9384	NY	2	New York, United States	US	USNY		42.1497	-74.9384	NY	2	New York, United States	US	USNY		42.1497	-74.9384	NY	20250613230000	https://www.artforum.com/news/kim-sajet-to-depart-as-director-national-portrait-gallery-1234732402/
1249588142	20250514	202505	2025	2025.3671	NGAGOV	NIGERIA	NGA					GOV			MED	MEDIA						MED			1	043	043	04	1	2.8	1	1	1	2.49221183800623	1	Nigeria	NI	NI		10	8	NI	1	Nigeria	NI	NI		10	8	NI	1	Nigeria	NI	NI		10	8	NI	20250613230000	https://www.artforum.com/news/kim-sajet-to-depart-as-director-national-portrait-gallery-1234732402/
1249588143	20250514	202505	2025	2025.3671	USA	JERSEY	USA								LEG	CONGRESSWOMAN						LEG			0	173	173	17	4	-5.0	2	1	2	-6.49895178197065	1	Jersey	JE	JE		49.216667	-2.116667	JE	1	Jersey	JE	JE		49.216667	-2.116667	JE	1	Jersey	JE	JE		49.216667	-2.116667	JE	20250613230000	https://www.yahoo.com/news/four-migrants-escape-ice-detention-205552858.html
1249588144	20250514	202505	2025	2025.3671	USA	JERSEY	USA								LEG	CONGRESSWOMAN						LEG			0	173	173	17	4	-5.0	1	1	1	-6.49895178197065	1	United States	US	US		39.828175	-98.5795	US	1	United States	US	US		39.828175	-98.5795	US	1	United States	US	US		39.828175	-98.5795	US	20250613230000	https://www.yahoo.com/news/four-migrants-escape-ice-detention-205552858.html
1249588145	20250514	202505	2025	2025.3671	USA	JERSEY	USA								LEG	CONGRESSWOMAN						LEG			0	180	180	18	4	-9.0	3	1	3	-6.49895178197065	1	Jersey	JE	JE		49.216667	-2.116667	JE	1	Jersey	JE	JE		49.216667	-2.116667	JE	1	Jersey	JE	JE		49.216667	-2.116667	JE	20250613230000	https://www.yahoo.com/news/four-migrants-escape-ice-detention-205552858.html
1249588146	20250606	202506	2025	2025.4274	HLH	HOSPITAL						HLH			CAN	ONTARIO	CAN								1	042	042	04	1	1.9	2	1	2	-5.34124629080119	3	El Paso County, Texas, United States	US	USTX	TX141	31.8001	-106.201	1383855	2	Texas, United States	US	USTX		31.106	-97.6475	TX	2	Texas, United States	US	USTX		31.106	-97.6475	TX	20250613230000	https://gazette.com/news/what-happens-when-you-go-to-the-er-with-measles/article_e85966d7-1124-475b-bdbc-a440ff6e673f.html
1249588147	20250606	202506	2025	2025.4274	USA	JERSEY	USA																		1	013	013	01	1	0.4	2	1	2	0.89020771513353	4	Domancy, RhôAlpes, France	FR	FRB9	16333	45.9142	6.64741	-1424121	0								4	Domancy, RhôAlpes, France	FR	FRB9	16333	45.9142	6.64741	-1424121	20250613230000	https://www.namibian.com.na/pogacar-back-in-dauphine-yellow-after-sixth-stage-victory/
1249588148	20250606	202506	2025	2025.4274	USA	JERSEY	USA																		1	013	013	01	1	0.4	8	1	8	0.89020771513353	1	Namibia	WA	WA		-22	17	WA	0								1	Namibia	WA	WA		-22	17	WA	20250613230000	https://www.namibian.com.na/pogacar-back-in-dauphine-yellow-after-sixth-stage-victory/
1249588149	20250612	202506	2025	2025.4438	GOV	PRESIDENT						GOV													1	010	010	01	1	0.0	5	1	5	-6.13026819923372	5	Free State, Free State, South Africa	SF	SF03	77365	-29	26	-1269735	0								5	Free State, Free State, South Africa	SF	SF03	77365	-29	26	-1269735	20250613230000	https://www.okayafrica.com/death-toll-eastern-cape-floods/
1249588150	20250612	202506	2025	2025.4438	GOV	PRESIDENT						GOV			AFR	AFRICA	AFR								1	015	015	01	1	0.0	10	1	10	-6.13026819923372	4	East London, Eastern Cape, South Africa	SF	SF05	77320	-33.0111	27.91	-1225311	4	East London, Eastern Cape, South Africa	SF	SF05	77320	-33.0111	27.91	-1225311	4	East London, Eastern Cape, South Africa	SF	SF05	77320	-33.0111	27.91	-1225311	20250613230000	https://www.okayafrica.com/death-toll-eastern-cape-floods/
1249588151	20250612	202506	2025	2025.4438	GOVEDU	EDUCATION MINIST						GOV	EDU												0	010	010	01	1	0.0	3	1	3	-6.13026819923372	5	Free State, Free State, South Africa	SF	SF03	77365	-29	26	-1269735	0								5	Free State, Free State, South Africa	SF	SF03	77365	-29	26	-1269735	20250613230000	https://www.okayafrica.com/death-toll-eastern-cape-floods/
1249588152	20250612	202506	2025	2025.4438	GOVEDU	EDUCATION MINIST						GOV	EDU		AFR	AFRICA	AFR								0	010	010	01	1	0.0	2	1	2	-6.13026819923372	5	Free State, Free State, South Africa	SF	SF03	77365	-29	26	-1269735	5	Free State, Free State, South Africa	SF	SF03	77365	-29	26	-1269735	5	Free State, Free State, South Africa	SF	SF03	77365	-29	26	-1269735	20250613230000	https://www.okayafrica.com/death-toll-eastern-cape-floods/
1249588153	20250612	202506	2025	2025.4438	ISR	ISRAEL	ISR								GOV	AMBASSADOR						GOV			1	010	010	01	1	0.0	4	1	4	-3.53982300884955	1	Iran	IR	IR		32	53	IR	1	Iran	IR	IR		32	53	IR	1	Iran	IR	IR		32	53	IR	20250613230000	https://www.gdnonline.com:443/Details/1355675
1249588154	20250613	202506	2025	2025.4466											AUT	AUSTRIA	AUT								0	040	040	04	1	1.0	4	1	4	2.08333333333333	0								1	Austria	AU	AU		47.333333	13.333333	AU	4	Toronto, Ontario, Canada	CA	CA08	12686	43.6667	-79.4167	-574890	20250613230000	https://www.timminspress.com:443/entertainment/television/arnold-schwarzenegger-teases-bigger-and-better-season-2-of-fubar/wcm/2ccecf1b-6299-41e4-950b-e0a951703724
1249588155	20250613	202506	2025	2025.4466											BGD	BANGLADESH	BGD								1	043	043	04	1	2.8	6	1	6	-0.70422535211268	0								1	Bangladesh	BG	BG		24	90	BG	1	India	IN	IN		20	77	IN	20250613230000	https://banglamirrornews.com/2025/06/13/screening-tightened-at-darshana-checkpost-to-prevent-spread-of-new-covid-variant/
1249588156	20250613	202506	2025	2025.4466											BGD	BANGLADESH	BGD								1	192	192	19	4	-9.5	10	1	10	-3.57142857142857	0								4	Moulvibazar, Sylhet, Bangladesh	BG	BG86	5822	24.4833	91.7833	-2737854	4	Moulvibazar, Sylhet, Bangladesh	BG	BG86	5822	24.4833	91.7833	-2737854	20250613230000	https://banglamirrornews.com/2025/06/13/13-push-ins-detained-by-bgb-in-moulvibazar/
1249588157	20250613	202506	2025	2025.4466											BGDJUD	BANGLADESH	BGD					JUD			0	190	190	19	4	-10.0	1	1	1	-5.10855683269477	0								1	Bangladesh	BG	BG		24	90	BG	1	Bangladesh	BG	BG		24	90	BG	20250613230000	https://www.dailymail.co.uk/news/article-14811003/How-coldblooded-restaurant-murder-popular-waiter-left-peaceful-island-community-living-fear.html
1249588158	20250613	202506	2025	2025.4466											BUS	TRADER						BUS			1	036	036	03	1	4.0	5	1	5	1.40845070422535	0								3	Rockville, Maryland, United States	US	USMD	MD031	39.084	-77.1528	586901	3	Rockville, Maryland, United States	US	USMD	MD031	39.084	-77.1528	586901	20250613230000	https://www.yahoo.com/news/trader-joe-holds-grand-opening-201410958.html
1249588159	20250613	202506	2025	2025.4466											BUS	CHAMBER OF COMMERCE						BUS			1	042	042	04	1	1.9	2	1	2	3.06122448979592	0								3	Pocatello, Idaho, United States	US	USID	ID005	42.8713	-112.446	397053	3	Pocatello, Idaho, United States	US	USID	ID005	42.8713	-112.446	397053	20250613230000	https://localnews8.com/news/2025/06/13/poky-paddle-event-returns-to-portneuf-river-friday/
1249588160	20250613	202506	2025	2025.4466											BUS	INDUSTRY						BUS			0	057	057	05	1	8.0	4	1	4	-1.72642762284197	0								1	Brazil	BR	BR		-10	-55	BR	1	Brazil	BR	BR		-10	-55	BR	20250613230000	https://quicknews-africa.net/tobacco-treaty-talks-close-with-progress-on-funding-increasing-transparency/
1249588161	20250613	202506	2025	2025.4466											BUS	INDUSTRY						BUS			0	057	057	05	1	8.0	6	1	6	-1.72642762284197	0								1	United States	US	US		39.828175	-98.5795	US	1	Brazil	BR	BR		-10	-55	BR	20250613230000	https://quicknews-africa.net/tobacco-treaty-talks-close-with-progress-on-funding-increasing-transparency/
1249588162	20250613	202506	2025	2025.4466											BUS	WAITER						BUS			1	190	190	19	4	-10.0	6	1	6	-5.10855683269477	0								4	Springburn, Glasgow City, United Kingdom	UK	UKV2	40176	55.8833	-4.21667	-2608455	4	Springburn, Glasgow City, United Kingdom	UK	UKV2	40176	55.8833	-4.21667	-2608455	20250613230000	https://www.dailymail.co.uk/news/article-14811003/How-coldblooded-restaurant-murder-popular-waiter-left-peaceful-island-community-living-fear.html
1249588163	20250613	202506	2025	2025.4466											BUS	INDUSTRY						BUS			0	190	190	19	4	-10.0	6	1	6	-5.55555555555556	0								3	Brooklyn, Florida, United States	US	USFL	FL031	30.3236	-81.6745	279437	3	Brooklyn, Florida, United States	US	USFL	FL031	30.3236	-81.6745	279437	20250613230000	https://www.vladtv.com/article/311464/bobby-shmurda-on-getting-arrested-with-15-gs9-members-accused-of-being-g
1249588164	20250613	202506	2025	2025.4466											BUS	INDUSTRY						BUS			0	190	190	19	4	-10.0	4	1	4	-5.55555555555556	0								3	Miami, Florida, United States	US	USFL	FL086	25.7743	-80.1937	295004	3	Brooklyn, Florida, United States	US	USFL	FL031	30.3236	-81.6745	279437	20250613230000	https://www.vladtv.com/article/311464/bobby-shmurda-on-getting-arrested-with-15-gs9-members-accused-of-being-g
1249588165	20250613	202506	2025	2025.4466											CAN	CANADA	CAN								1	042	042	04	1	1.9	4	1	4	-1.02214650766609	0								1	France	FR	FR		46	2	FR	1	France	FR	FR		46	2	FR	20250613230000	https://www.cbc.ca/news/canada/montreal/quebec-city-third-link-chapais-farm-land-indignous-communities-1.7560698
1249588166	20250613	202506	2025	2025.4466											CAN	ALBERTA	CAN								1	190	190	19	4	-10.0	10	1	10	0	0								1	Australia	AS	AS		-25	135	AS	1	Australia	AS	AS		-25	135	AS	20250613230000	https://www.alberta.ca/release.cfm?xID=934702FD56DEB-ACA2-4841-AE362731B2668E75
1249588167	20250613	202506	2025	2025.4466											CHN	CHINESE	CHN								1	173	173	17	4	-5.0	8	1	8	-3.73134328358209	0								4	Yobe, Xizang, China	CH	CH14	13298	28.405	92.105	11325115	4	Yobe, Xizang, China	CH	CH14	13298	28.405	92.105	11325115	20250613230000	https://www.nationalaccordnewspaper.com/how-troops-arrested-chinese-national-during-counter-terrorism-operations-in-borno-dhq/
1249588168	20250613	202506	2025	2025.4466											COP	DEPUTY						COP			0	020	020	02	1	3.0	2	1	2	-4.97553017944535	0								3	Johnson County, Texas, United States	US	USTX		32.3835	-97.367	1383911	3	Johnson County, Texas, United States	US	USTX		32.3835	-97.367	1383911	20250613230000	https://dailyillini.com/news-stories/2025/06/13/illinois-officials-texas-police-illegally-accessed-state-license-plate-data/
1249588169	20250613	202506	2025	2025.4466											COP	DEPUTY						COP			0	020	020	02	1	3.0	6	1	6	-4.97553017944535	0								3	Champaign, Illinois, United States	US	USIL	IL019	40.1164	-88.2434	405936	3	Champaign, Illinois, United States	US	USIL	IL019	40.1164	-88.2434	405936	20250613230000	https://dailyillini.com/news-stories/2025/06/13/illinois-officials-texas-police-illegally-accessed-state-license-plate-data/
1249588170	20250613	202506	2025	2025.4466											COP	DEPUTY						COP			1	042	042	04	1	1.9	6	1	6	1.49253731343283	0								3	Liberty County, Florida, United States	US	USFL		30.2508	-84.8755	308549	3	Liberty County, Florida, United States	US	USFL		30.2508	-84.8755	308549	20250613230000	https://www.yahoo.com/news/liberty-county-sheriff-office-host-200452366.html
1249588171	20250613	202506	2025	2025.4466											COP	POLICE						COP			0	0841	084	08	2	7.0	4	1	4	-2.89156626506024	0								4	Ahmedabad, Gujarat, India	IN	IN09	17644	23.0333	72.6167	-2088270	4	Ahmedabad, Gujarat, India	IN	IN09	17644	23.0333	72.6167	-2088270	20250613230000	https://www.deccanchronicle.com/nation/current-affairs/dvr-black-box-recovered-dgca-orders-enhanced-inspection-of-air-india-boeings-1885072
1249588172	20250613	202506	2025	2025.4466											COP	POLICE						COP			0	0841	084	08	2	7.0	10	1	10	-3.57142857142857	0								4	Moulvibazar, Sylhet, Bangladesh	BG	BG86	5822	24.4833	91.7833	-2737854	4	Moulvibazar, Sylhet, Bangladesh	BG	BG86	5822	24.4833	91.7833	-2737854	20250613230000	https://banglamirrornews.com/2025/06/13/13-push-ins-detained-by-bgb-in-moulvibazar/
1249588173	20250613	202506	2025	2025.4466											COP	DEPUTY						COP			0	090	090	09	2	-2.0	6	1	6	-4.97553017944535	0								3	Johnson County, Texas, United States	US	USTX		32.3835	-97.367	1383911	3	Johnson County, Texas, United States	US	USTX		32.3835	-97.367	1383911	20250613230000	https://dailyillini.com/news-stories/2025/06/13/illinois-officials-texas-police-illegally-accessed-state-license-plate-data/
1249588174	20250613	202506	2025	2025.4466											COP	DEPUTY						COP			0	090	090	09	2	-2.0	4	1	4	-4.97553017944535	0								2	Illinois, United States	US	USIL		40.3363	-89.0022	IL	2	Illinois, United States	US	USIL		40.3363	-89.0022	IL	20250613230000	https://dailyillini.com/news-stories/2025/06/13/illinois-officials-texas-police-illegally-accessed-state-license-plate-data/
1249588175	20250613	202506	2025	2025.4466											CVL	CONSTITUENT						CVL			1	012	012	01	1	-0.4	3	1	3	-0.59665871121718	0								2	New Hampshire, United States	US	USNH		43.4108	-71.5653	NH	2	New Hampshire, United States	US	USNH		43.4108	-71.5653	NH	20250613230000	https://concordmonitor.com/Concord-City-Councilors-push-for-committee-reform-after-mistaken-appointment-Deak-61738460
1249588176	20250613	202506	2025	2025.4466											CVL	CONSTITUENT						CVL			1	020	020	02	1	3.0	3	1	3	-0.59665871121718	0								2	New Hampshire, United States	US	USNH		43.4108	-71.5653	NH	2	New Hampshire, United States	US	USNH		43.4108	-71.5653	NH	20250613230000	https://concordmonitor.com/Concord-City-Councilors-push-for-committee-reform-after-mistaken-appointment-Deak-61738460
1249588177	20250613	202506	2025	2025.4466											CVL	COMMUNITY						CVL			0	040	040	04	1	1.0	10	1	10	-3.96551724137931	0								4	Hyderabad, Andhra Pradesh, India	IN	IN02	17564	17.3753	78.4744	-2097701	4	Hyderabad, Andhra Pradesh, India	IN	IN02	17564	17.3753	78.4744	-2097701	20250613230000	https://www.deccanchronicle.com/southern-states/telangana/human-error-emerges-possible-factor-for-dreamliner-crash-1885101
1249588178	20250613	202506	2025	2025.4466											CVL	SETTLEMENT						CVL			0	042	042	04	1	1.9	10	1	10	-0.36656891495601	0								2	Maine, United States	US	USME		44.6074	-69.3977	ME	2	Maine, United States	US	USME		44.6074	-69.3977	ME	20250613230000	https://www.yahoo.com/news/ban-state-seizure-wabanaki-land-212702233.html
1249588179	20250613	202506	2025	2025.4466											CVL	CONSTITUENT						CVL			1	112	112	11	3	-2.0	3	1	3	-0.59665871121718	0								3	East Concord, New Hampshire, United States	US	USNH		43.242	-71.5381	866701	3	East Concord, New Hampshire, United States	US	USNH		43.242	-71.5381	866701	20250613230000	https://concordmonitor.com/Concord-City-Councilors-push-for-committee-reform-after-mistaken-appointment-Deak-61738460
1249588180	20250613	202506	2025	2025.4466											CVL	MIGRANT						CVL			0	170	170	17	4	-7.0	6	1	6	-11.1386138613862	0								3	Newark, New Jersey, United States	US	USNJ	NJ013	40.7357	-74.1724	878762	3	Newark, New Jersey, United States	US	USNJ	NJ013	40.7357	-74.1724	878762	20250613230000	https://www.yahoo.com/news/mega-detention-center-us-migrants-220002819.html
1249588181	20250613	202506	2025	2025.4466											CVL	SCIENTIST						CVL			0	190	190	19	4	-10.0	10	1	10	-7.82608695652174	0								1	Oman	MU	MU		21	57	MU	1	Oman	MU	MU		21	57	MU	20250613230000	https://www.aa.com.tr/en/middle-east/at-least-18-killed-35-injured-in-fresh-israeli-attacks-on-northeastern-iran/3597400
1249588182	20250613	202506	2025	2025.4466											EDU	PROFESSOR						EDU			0	036	036	03	1	4.0	10	1	10	2.61194029850746	0								2	South Dakota, United States	US	USSD		44.2853	-99.4632	SD	2	South Dakota, United States	US	USSD		44.2853	-99.4632	SD	20250613230000	https://www.dakotanewsnow.com/2025/06/13/tappers-celebrate-achievements-first-ever-meeting/
1249588183	20250613	202506	2025	2025.4466											EDU	COLLEGE						EDU			1	042	042	04	1	1.9	5	1	5	-4.05759162303665	0								4	Sarla, Gujarat, India	IN	IN09	17650	22.7167	71.3667	-2110456	4	Sarla, Gujarat, India	IN	IN09	17650	22.7167	71.3667	-2110456	20250613230000	https://www.deccanchronicle.com/nation/airplane-fire-engulfed-many-on-ground-1885100
1249588184	20250613	202506	2025	2025.4466											EGY	NILE	EGY								0	043	043	04	1	2.8	5	1	5	6.94896851248643	0								4	Murchison Falls National Park, Kiryandongo District, Uganda	UG	UGF7	18585	2.16002	31.7591	-1728241	4	Murchison Falls National Park, Kiryandongo District, Uganda	UG	UGF7	18585	2.16002	31.7591	-1728241	20250613230000	http://www.bahoneza.com/romantic-things-to-do-on-holiday-in-uganda/
1249588185	20250613	202506	2025	2025.4466											EUR	EUROPE	EUR								1	042	042	04	1	1.9	2	1	2	-5.32786885245902	0								3	Boulder, Colorado, United States	US	USCO	CO013	40.015	-105.271	178680	3	Boulder, Colorado, United States	US	USCO	CO013	40.015	-105.271	178680	20250613230000	https://www.dailycamera.com/2025/06/13/flatiron-flyer-measles-colorado-denver-boulder/
1249588186	20250613	202506	2025	2025.4466											GBR	UNITED KINGDOM	GBR								0	042	042	04	1	1.9	1	1	1	-6.49558941459503	0								1	Ghana	GH	GH		8	-2	GH	4	London, London, City of, United Kingdom	UK	UKH9	40110	51.5	-0.116667	-2601889	20250613230000	https://www.okayafrica.com/today-in-africa-news-brief-2025/
1249588187	20250613	202506	2025	2025.4466											GBR	LONDON	GBR								1	043	043	04	1	2.8	10	1	10	0.53475935828877	0								4	Knebworth, Hertfordshire, United Kingdom	UK	UKF8	40114	51.8667	-0.2	-2600467	4	Knebworth, Hertfordshire, United Kingdom	UK	UKF8	40114	51.8667	-0.2	-2600467	20250613230000	https://hypebeast.com/2025/6/elizabeth-peyton-oasis-portrait-sothebys-london-auction
1249588188	20250613	202506	2025	2025.4466											GBR	UNITED KINGDOM	GBR								0	043	043	04	1	2.8	1	1	1	3.00957592339261	0								4	Manchester, Manchester, United Kingdom	UK	UKI2	40118	53.5	-2.21667	-2602512	4	Greater Manchester, United Kingdom (general), United Kingdom	UK	UK00	40111	53.45	-2.23333	-2597513	20250613230000	https://www.manchestereveningnews.co.uk/news/greater-manchester-news/greater-manchester-council-boss-handed-31854598
1249588189	20250613	202506	2025	2025.4466											GBR	UNITED KINGDOM	GBR								0	043	043	04	1	2.8	3	1	3	3.00957592339261	0								4	Stockport, Stockport, United Kingdom	UK	UKN2	40111	53.4	-2.15	-2608770	4	Greater Manchester, United Kingdom (general), United Kingdom	UK	UK00	40111	53.45	-2.23333	-2597513	20250613230000	https://www.manchestereveningnews.co.uk/news/greater-manchester-news/greater-manchester-council-boss-handed-31854598
1249588190	20250613	202506	2025	2025.4466											GBR	UNITED KINGDOM	GBR								1	0841	084	08	2	7.0	4	1	4	1.50788211103496	0								3	Hollywood, California, United States	US	USCA	CA037	34.0983	-118.327	1660757	3	Hollywood, California, United States	US	USCA	CA037	34.0983	-118.327	1660757	20250613230000	https://www.hollywoodreporter.com/movies/movie-features/colin-trevorrow-jurassic-world-star-wars-1236290644/
1249588191	20250613	202506	2025	2025.4466											GBRBUS	UNITED KINGDOM	GBR					BUS			1	190	190	19	4	-10.0	2	1	2	-5.10855683269477	0								4	Kirkwall, Orkney Islands, United Kingdom	UK	UKV9	40174	58.9667	-2.95	-2600430	4	Kirkwall, Orkney Islands, United Kingdom	UK	UKV9	40174	58.9667	-2.95	-2600430	20250613230000	https://www.dailymail.co.uk/news/article-14811003/How-coldblooded-restaurant-murder-popular-waiter-left-peaceful-island-community-living-fear.html
1249588192	20250613	202506	2025	2025.4466											GBRCOP	BIRMINGHAM	GBR					COP			0	036	036	03	1	4.0	5	1	5	-2.20994475138121	0								0								0								20250613230000	https://www.al.com/crime/2025/06/birmingham-police-plan-youth-curfew-exhibition-driving-crackdown-parents-will-be-held-accountable.html
1249588193	20250613	202506	2025	2025.4466											GBRSHN	ST HELENA	GBR			SHN					1	173	173	17	4	-5.0	10	1	10	-13.7254901960784	0								0								0								20250613230000	https://www.wbrz.com/news/st-helena-parish-jail-inmate-dies-of-fentanyl-overdose-11-arrested-two-inmates-booked-for-murder
1249588194	20250613	202506	2025	2025.4466											GBRSHN	ST HELENA	GBR			SHN					1	190	190	19	4	-10.0	10	1	10	-13.7254901960784	0								0								0								20250613230000	https://www.wbrz.com/news/st-helena-parish-jail-inmate-dies-of-fentanyl-overdose-11-arrested-two-inmates-booked-for-murder
1249588195	20250613	202506	2025	2025.4466											GOV	CABINET						GOV			1	036	036	03	1	4.0	5	1	5	-0.28735632183908	0								4	Telangana, Andhra Pradesh, India	IN	IN02	17568	18	79.5	-2112824	4	Telangana, Andhra Pradesh, India	IN	IN02	17568	18	79.5	-2112824	20250613230000	https://www.deccanchronicle.com/southern-states/telangana/80-of-telanganas-population-covered-under-ration-cards-1885097
1249588196	20250613	202506	2025	2025.4466											GOV	CHIEF EXECUTIVE						GOV			0	036	036	03	1	4.0	3	1	3	3.00957592339261	0								4	Darwen, Blackburn with Darwen, United Kingdom	UK	UKA8	40123	53.7	-2.46667	-2594113	4	Darwen, Blackburn with Darwen, United Kingdom	UK	UKA8	40123	53.7	-2.46667	-2594113	20250613230000	https://www.manchestereveningnews.co.uk/news/greater-manchester-news/greater-manchester-council-boss-handed-31854598
1249588197	20250613	202506	2025	2025.4466											GOV	GOVERNMENT						GOV			0	040	040	04	1	1.0	2	1	2	-0.29585798816568	0								5	Shefa, Shefa, Vanuatu	NH	NH18	40197	-17.3333	168.5	394187	4	Efate, Shefa, Vanuatu	NH	NH18	40197	-17.6667	168.417	-2136968	20250613230000	https://www.dailypost.vu/news/salili-eviction-displaces-300-families-appeal-for-help/article_ac5c67d4-4d26-5e5c-b3a6-731b9bdc199c.html
1249588198	20250613	202506	2025	2025.4466											GOV	MINIST						GOV			1	040	040	04	1	1.0	6	1	6	2.65957446808511	0								1	Grenada	GJ	GJ		12.116667	-61.666667	GJ	1	Grenada	GJ	GJ		12.116667	-61.666667	GJ	20250613230000	https://nowgrenada.com/2025/06/minister-cornwall-to-address-opec-2025-forum/
1249588199	20250613	202506	2025	2025.4466											GOV	STATE ATTORNEY GENERAL						GOV			1	046	046	04	1	7.0	10	1	10	0.56497175141243	0								2	Michigan, United States	US	USMI		43.3504	-84.5603	MI	2	Michigan, United States	US	USMI		43.3504	-84.5603	MI	20250613230000	https://www.wxyz.com/news/state-leaders-urge-peaceful-protests-for-no-kings-demonstrations-planned-across-us
1249588200	20250613	202506	2025	2025.4466											GOV	CHIEF EXECUTIVE						GOV			0	050	050	05	1	3.5	3	1	3	3.00957592339261	0								4	Darwen, Blackburn with Darwen, United Kingdom	UK	UKA8	40123	53.7	-2.46667	-2594113	4	Darwen, Blackburn with Darwen, United Kingdom	UK	UKA8	40123	53.7	-2.46667	-2594113	20250613230000	https://www.manchestereveningnews.co.uk/news/greater-manchester-news/greater-manchester-council-boss-handed-31854598
1249588201	20250613	202506	2025	2025.4466											GOV	PRESIDENT						GOV			1	051	051	05	1	3.4	10	1	10	-3.18181818181818	0								3	State Of Missouri, Missouri, United States	US	USMO		38.2503	-92.5005	1779791	3	State Of Missouri, Missouri, United States	US	USMO		38.2503	-92.5005	1779791	20250613230000	https://www.npr.org/2025/06/13/nx-s1-5432842/protests-expected-this-weekend-as-well-as-an-army-parade-in-d-c
1249588202	20250613	202506	2025	2025.4466											GOV	GOVERNMENT						GOV			0	100	100	10	3	-5.0	3	1	3	-0.29585798816568	0								4	Efate, Shefa, Vanuatu	NH	NH18	40197	-17.6667	168.417	-2136968	4	Efate, Shefa, Vanuatu	NH	NH18	40197	-17.6667	168.417	-2136968	20250613230000	https://www.dailypost.vu/news/salili-eviction-displaces-300-families-appeal-for-help/article_ac5c67d4-4d26-5e5c-b3a6-731b9bdc199c.html
1249588203	20250613	202506	2025	2025.4466											GOV	KING						GOV			1	100	100	10	3	-5.0	5	1	5	-4.76190476190476	0								3	Orlando Police Department, Florida, United States	US	USFL		28.5413	-81.3834	2331456	3	Orlando Police Department, Florida, United States	US	USFL		28.5413	-81.3834	2331456	20250613230000	https://www.yahoo.com/news/central-florida-law-enforcement-gears-222614582.html
1249588204	20250613	202506	2025	2025.4466											GOV	ADMINISTRATION						GOV			1	110	110	11	3	-2.0	8	1	8	-4.85436893203883	0								3	Oakland, California, United States	US	USCA	CA001	37.8044	-122.271	277566	3	San Francisco, California, United States	US	USCA		37.7749	-122.419	277593	20250613230000	https://www.yahoo.com/news/bay-area-prepares-no-kings-202322436.html
1249588205	20250613	202506	2025	2025.4466											GOV	STATE ATTORNEY GENERAL						GOV			0	112	112	11	3	-2.0	1	1	1	-0.35971223021583	0								3	Opelousas, Louisiana, United States	US	USLA	LA097	30.5335	-92.0815	1629991	3	Opelousas, Louisiana, United States	US	USLA	LA097	30.5335	-92.0815	1629991	20250613230000	https://www.wbrz.com/news/expect-another-effort-to-limit-chain-drug-stores-affiliated-with-pharmacy-benefit-managers
1249588206	20250613	202506	2025	2025.4466											GOV	STATE ATTORNEY GENERAL						GOV			0	112	112	11	3	-2.0	9	1	9	-0.35971223021583	0								2	Arkansas, United States	US	USAR		34.9513	-92.3809	AR	2	Arkansas, United States	US	USAR		34.9513	-92.3809	AR	20250613230000	https://www.wbrz.com/news/expect-another-effort-to-limit-chain-drug-stores-affiliated-with-pharmacy-benefit-managers
1249588207	20250613	202506	2025	2025.4466											GOV	PRESIDENT						GOV			0	141	141	14	3	-6.5	10	1	10	-3.18181818181818	0								2	Washington, United States	US	USWA		47.3917	-121.571	WA	2	Washington, United States	US	USWA		47.3917	-121.571	WA	20250613230000	https://www.npr.org/2025/06/13/nx-s1-5432842/protests-expected-this-weekend-as-well-as-an-army-parade-in-d-c
1249588208	20250613	202506	2025	2025.4466											GOV	AUTHORITIES						GOV			1	181	181	18	4	-9.0	6	1	6	-3.65853658536585	0								3	Dundalk, Maryland, United States	US	USMD	MD005	39.2507	-76.5205	590117	3	Dundalk, Maryland, United States	US	USMD	MD005	39.2507	-76.5205	590117	20250613230000	https://wjla.com/news/local/amber-alert-dundalk-maryland-missing-woman-child
1249588209	20250613	202506	2025	2025.4466											GRDGOV	GRENADA	GRD					GOV			1	040	040	04	1	1.0	2	1	2	2.65957446808511	0								1	Grenada	GJ	GJ		12.116667	-61.666667	GJ	1	Grenada	GJ	GJ		12.116667	-61.666667	GJ	20250613230000	https://nowgrenada.com/2025/06/minister-cornwall-to-address-opec-2025-forum/
1249588210	20250613	202506	2025	2025.4466											HLH	DOCTOR						HLH			1	043	043	04	1	2.8	10	1	10	-4.05759162303665	0								4	Sarla, Gujarat, India	IN	IN09	17650	22.7167	71.3667	-2110456	4	Sarla, Gujarat, India	IN	IN09	17650	22.7167	71.3667	-2110456	20250613230000	https://www.deccanchronicle.com/nation/airplane-fire-engulfed-many-on-ground-1885100
1249588211	20250613	202506	2025	2025.4466											IGOUNOGOV	THE UN		UNO				IGO	GOV		0	046	046	04	1	7.0	4	1	4	-7.86516853932584	0								4	Tehran, Tehran, Iran	IR	IR26	41130	35.75	51.5148	10074674	1	Guyana	GY	GY		5	-59	GY	20250613230000	https://dunyanews.tv/en/World/889241-how-the-world-is-reacting-to-israel-attacks-on-iran-nuclear-military-
1249588212	20250613	202506	2025	2025.4466											IGOUNOGOV	THE UN		UNO				IGO	GOV		0	046	046	04	1	7.0	1	1	1	-7.86516853932584	0								3	White House, District of Columbia, United States	US	USDC		38.8951	-77.0364	531871	4	Tehran, Tehran, Iran	IR	IR26	41130	35.75	51.5148	10074674	20250613230000	https://dunyanews.tv/en/World/889241-how-the-world-is-reacting-to-israel-attacks-on-iran-nuclear-military-
1249588213	20250613	202506	2025	2025.4466											IRN	IRAN	IRN								0	022	022	02	1	3.2	1	1	1	-7.86516853932584	0								1	Guyana	GY	GY		5	-59	GY	1	Guyana	GY	GY		5	-59	GY	20250613230000	https://dunyanews.tv/en/World/889241-how-the-world-is-reacting-to-israel-attacks-on-iran-nuclear-military-
1249588214	20250613	202506	2025	2025.4466											IRN	IRAN	IRN								1	139	139	13	3	-7.0	6	1	6	-1.5625	0								3	White House, District of Columbia, United States	US	USDC		38.8951	-77.0364	531871	3	White House, District of Columbia, United States	US	USDC		38.8951	-77.0364	531871	20250613230000	https://www.rnz.co.nz/news/world/564120/we-knew-everything-trump-says-about-israel-s-strikes-on-iran
1249588215	20250613	202506	2025	2025.4466											ITA	ITALY	ITA								1	057	057	05	1	8.0	2	1	2	-5.46666666666667	0								4	Rome, Lazio, Italy	IT	IT07	18350	41.9	12.4833	-126693	4	Gaza, Israel (general), Israel	IS	IS00	18315	31.4167	34.3333	-797156	20250613230000	https://www.algemeiner.com/2025/06/13/rome-synagogue-defaced-nazi-graffiti-new-report-reveals-antisemitic-prejudice-rampant-italy/
1249588216	20250613	202506	2025	2025.4466											ITA	ITALY	ITA								1	057	057	05	1	8.0	2	1	2	-5.46666666666667	0								4	Gaza, Israel (general), Israel	IS	IS00	18315	31.4167	34.3333	-797156	4	Gaza, Israel (general), Israel	IS	IS00	18315	31.4167	34.3333	-797156	20250613230000	https://www.algemeiner.com/2025/06/13/rome-synagogue-defaced-nazi-graffiti-new-report-reveals-antisemitic-prejudice-rampant-italy/
1249588217	20250613	202506	2025	2025.4466											JUD	ATTORNEY						JUD			1	011	011	01	1	-0.1	5	1	5	-6.96278511404562	0								1	United States	US	US		39.828175	-98.5795	US	1	United States	US	US		39.828175	-98.5795	US	20250613230000	https://www.wokv.com/news/national/federal-judge/TUJFTFJQE5DOTMOU6RSTIRA2Q4/
1249588218	20250613	202506	2025	2025.4466											JUD	ATTORNEY						JUD			0	043	043	04	1	2.8	17	1	10	-7.86516853932585	0								4	El Diablo, Chihuahua, Mexico	MX	MX06	19734	30.3167	-106.233	-3851595	4	El Diablo, Chihuahua, Mexico	MX	MX06	19734	30.3167	-106.233	-3851595	20250613230000	https://www.yahoo.com/news/did-mexican-cop-kill-25-214808130.html
1249588219	20250613	202506	2025	2025.4466											JUD	BARRISTER						JUD			0	190	190	19	4	-10.0	4	1	4	-5.10855683269477	0								1	Bangladesh	BG	BG		24	90	BG	1	Bangladesh	BG	BG		24	90	BG	20250613230000	https://www.dailymail.co.uk/news/article-14811003/How-coldblooded-restaurant-murder-popular-waiter-left-peaceful-island-community-living-fear.html
1249588220	20250613	202506	2025	2025.4466											JUD	SUPREME COURT						JUD			1	190	190	19	4	-10.0	2	1	2	-4.03726708074534	0								2	Georgia, United States	US	USGA		32.9866	-83.6487	GA	3	Fulton County, Georgia, United States	US	USGA		33.7668	-84.4499	1694833	20250613230000	https://gazette.com/news/wex/georgia-supreme-court-to-hear-fani-willis-state-senate-subpoena-fight/article_1d630c8a-cae0-5770-9791-e9c48ea1010d.html
1249588221	20250613	202506	2025	2025.4466											LEG	PARLIAMENT						LEG			1	040	040	04	1	1.0	6	1	6	-5.72139303482587	0								4	Effutu, Ghana (general), Ghana	GH	GH00	16602	5.20223	-1.32381	-2072790	4	Effutu, Ghana (general), Ghana	GH	GH00	16602	5.20223	-1.32381	-2072790	20250613230000	https://www.ghanamma.com/2025/06/13/afenyo-markin-challenges-ahiafors-decision-to-block-the-motion-to-revoke-employment/
1249588222	20250613	202506	2025	2025.4466											LEG	LAWMAKER						LEG			1	040	040	04	1	1.0	5	1	5	0.73982737361282	0								2	Arizona, United States	US	USAZ		33.7712	-111.388	AZ	2	Arizona, United States	US	USAZ		33.7712	-111.388	AZ	20250613230000	https://www.kjzz.org/the-show/2025-06-13/kjzzs-friday-newscap-hobbs-says-house-budget-is-doa-but-it-added-pressure-to-negotiations
1249588223	20250613	202506	2025	2025.4466											LEG	SENATE						LEG			1	042	042	04	1	1.9	1	1	1	3.125	0								3	Dayton, Ohio, United States	US	USOH	OH113	39.7589	-84.1916	1064514	2	Ohio, United States	US	USOH		40.3736	-82.7755	OH	20250613230000	https://www.yahoo.com/news/wright-flyer-iii-now-ohio-201359971.html
1249588224	20250613	202506	2025	2025.4466											LEG	SENATE						LEG			0	050	050	05	1	3.5	2	1	2	-3.45710627400769	0								3	Clearwater, Florida, United States	US	USFL	FL103	27.9659	-82.8001	280543	3	Clearwater, Florida, United States	US	USFL	FL103	27.9659	-82.8001	280543	20250613230000	https://www.yahoo.com/news/lawmakers-seal-lean-budget-deal-221435453.html
1249588225	20250613	202506	2025	2025.4466											LEG	SENATE						LEG			0	050	050	05	1	3.5	3	1	3	-3.45710627400769	0								3	Wauchula, Florida, United States	US	USFL	FL049	27.5473	-81.8115	292949	3	Wauchula, Florida, United States	US	USFL	FL049	27.5473	-81.8115	292949	20250613230000	https://www.yahoo.com/news/lawmakers-seal-lean-budget-deal-221435453.html
1249588226	20250613	202506	2025	2025.4466											LEG	LAWMAKER						LEG			1	057	057	05	1	8.0	5	1	5	-3.45710627400769	0								2	Florida, United States	US	USFL		27.8333	-81.717	FL	2	Florida, United States	US	USFL		27.8333	-81.717	FL	20250613230000	https://www.yahoo.com/news/lawmakers-seal-lean-budget-deal-221435453.html
1249588227	20250613	202506	2025	2025.4466											LEG	SENATE PRESIDENT						LEG			0	190	190	19	4	-10.0	4	1	4	-3.45710627400769	0								3	Wauchula, Florida, United States	US	USFL	FL049	27.5473	-81.8115	292949	3	Wauchula, Florida, United States	US	USFL	FL049	27.5473	-81.8115	292949	20250613230000	https://www.yahoo.com/news/lawmakers-seal-lean-budget-deal-221435453.html
1249588228	20250613	202506	2025	2025.4466											MEX	MEXICO	MEX								0	080	080	08	2	5.0	10	1	10	-5.67612687813022	0								4	El Diablo, Chihuahua, Mexico	MX	MX06	19734	30.3167	-106.233	-3851595	4	El Diablo, Chihuahua, Mexico	MX	MX06	19734	30.3167	-106.233	-3851595	20250613230000	https://www.fox19.com/2025/06/13/butler-county-murder-trial-mexican-police-officer-ends-guilty-verdict/
1249588229	20250613	202506	2025	2025.4466											MEX	MEXICO	MEX								0	190	190	19	4	-10.0	2	1	2	-7.86516853932585	0								4	El Diablo, Chihuahua, Mexico	MX	MX06	19734	30.3167	-106.233	-3851595	4	El Diablo, Chihuahua, Mexico	MX	MX06	19734	30.3167	-106.233	-3851595	20250613230000	https://www.yahoo.com/news/did-mexican-cop-kill-25-214808130.html
1249588230	20250613	202506	2025	2025.4466											MEX	MEXICO	MEX								0	193	193	19	4	-10.0	4	1	4	-7.86516853932585	0								4	El Diablo, Chihuahua, Mexico	MX	MX06	19734	30.3167	-106.233	-3851595	4	El Diablo, Chihuahua, Mexico	MX	MX06	19734	30.3167	-106.233	-3851595	20250613230000	https://www.yahoo.com/news/did-mexican-cop-kill-25-214808130.html
1249588231	20250613	202506	2025	2025.4466											MEXCOP	MEXICAN	MEX					COP			1	173	173	17	4	-5.0	6	1	6	-7.86516853932585	0								4	El Diablo, Chihuahua, Mexico	MX	MX06	19734	30.3167	-106.233	-3851595	4	El Diablo, Chihuahua, Mexico	MX	MX06	19734	30.3167	-106.233	-3851595	20250613230000	https://www.yahoo.com/news/did-mexican-cop-kill-25-214808130.html
1249588232	20250613	202506	2025	2025.4466											MEXCOP	MEXICAN	MEX					COP			1	190	190	19	4	-10.0	6	1	6	-7.86516853932585	0								4	El Diablo, Chihuahua, Mexico	MX	MX06	19734	30.3167	-106.233	-3851595	4	El Diablo, Chihuahua, Mexico	MX	MX06	19734	30.3167	-106.233	-3851595	20250613230000	https://www.yahoo.com/news/did-mexican-cop-kill-25-214808130.html
1249588233	20250613	202506	2025	2025.4466											MEXCOP	MEXICAN	MEX					COP			1	193	193	19	4	-10.0	6	1	6	-7.86516853932585	0								4	El Diablo, Chihuahua, Mexico	MX	MX06	19734	30.3167	-106.233	-3851595	4	El Diablo, Chihuahua, Mexico	MX	MX06	19734	30.3167	-106.233	-3851595	20250613230000	https://www.yahoo.com/news/did-mexican-cop-kill-25-214808130.html
1249588234	20250613	202506	2025	2025.4466											MIL	NAVY						MIL			0	046	046	04	1	7.0	3	1	3	-0.60753341433779	0								3	Chicago, Illinois, United States	US	USIL	IL031	41.85	-87.6501	423587	3	Chicago, Illinois, United States	US	USIL	IL031	41.85	-87.6501	423587	20250613230000	https://www.cnn.com/2025/06/13/us/angelina-resendiz-navy-sailor-death
1249588235	20250613	202506	2025	2025.4466											NGA	NIGER DELTA	NGA								1	170	170	17	4	-7.0	10	1	10	-9.2	0								4	Niger Delta, Nigeria (general), Nigeria	NI	NI00	23074	4.83333	6	-2020890	4	Niger Delta, Nigeria (general), Nigeria	NI	NI00	23074	4.83333	6	-2020890	20250613230000	https://www.nationalaccordnewspaper.com/military-deactivates-21-illegal-refineries-nabs-23-oil-thieves-in-niger-delta/
1249588236	20250613	202506	2025	2025.4466											OPP	PROTESTER						OPP			1	040	040	04	1	1.0	5	1	5	-5.21091811414392	0								3	Duval County, Florida, United States	US	USFL		30.3569	-81.6315	293656	3	Duval County, Florida, United States	US	USFL		30.3569	-81.6315	293656	20250613230000	https://www.wokv.com/news/local/security-ramps-up-ahead-nationwide-no-kings-protests/LTJR5YM3XVEJLID37LF5ZABFQA/
1249588237	20250613	202506	2025	2025.4466											OPP	PROTESTER						OPP			1	140	140	14	3	-6.5	10	1	10	-12.6520681265207	0								2	Nebraska, United States	US	USNE		41.1289	-98.2883	NE	2	Nebraska, United States	US	USNE		41.1289	-98.2883	NE	20250613230000	https://www.yahoo.com/news/federal-officials-arrest-four-protesters-212859302.html
1249588238	20250613	202506	2025	2025.4466											QAT	QATAR	QAT								1	042	042	04	1	1.9	2	1	2	1.66051660516605	0								1	Qatar	QA	QA		25.5	51.25	QA	1	Qatar	QA	QA		25.5	51.25	QA	20250613230000	https://geeknewscentral.com/2025/06/13/meta-announces-a-14-39-investment-in-scale-ai-and-hires-ceo-alexandr-wang-to-oversee-its-efforts/
1249588239	20250613	202506	2025	2025.4466											REL	MONK									1	043	043	04	1	2.8	10	1	10	1.53846153846154	0								1	Egypt	EG	EG		27	30	EG	1	Egypt	EG	EG		27	30	EG	20250613230000	https://www.publishersweekly.com:443/978-0-0626-7128-8
1249588240	20250613	202506	2025	2025.4466											RUS	RUSSIA	RUS								0	012	012	01	1	-0.4	1	1	1	-7.86516853932584	0								4	Lin Jian, Shanghai, China	CH	CH23	13243	30.9348	121.026	10861193	4	Lin Jian, Shanghai, China	CH	CH23	13243	30.9348	121.026	10861193	20250613230000	https://dunyanews.tv/en/World/889241-how-the-world-is-reacting-to-israel-attacks-on-iran-nuclear-military-
1249588241	20250613	202506	2025	2025.4466											SOM	SOMALI	SOM								0	190	190	19	4	-10.0	2	1	2	-2.3489932885906	0								1	Somalia	SO	SO		6	48	SO	1	Somalia	SO	SO		6	48	SO	20250613230000	https://wardheernews.com/federalism-fractured-part-vii-somalias-rejection-of-the-c6-framework-rings-hollow/
1249588242	20250613	202506	2025	2025.4466											SPY	INTELLIGENCE						SPY			0	014	014	01	1	0.0	6	1	6	0.85436893203883	0								1	Japan	JA	JA		36	138	JA	1	Japan	JA	JA		36	138	JA	20250613230000	https://www.catholicworldreport.com/2025/02/25/ai-and-us-computers-lemonade-and-god/
1249588243	20250613	202506	2025	2025.4466											UKR	UKRAINE	UKR								0	051	051	05	1	3.4	4	1	4	0.61199510403917	0								4	Donbas, Ukraine (general), Ukraine	UP	UP00	25090	48.5	38.5	-1038077	4	Donbas, Ukraine (general), Ukraine	UP	UP00	25090	48.5	38.5	-1038077	20250613230000	https://www.cbc.ca/news/politics/canada-signing-onto-european-rearment-deal-eu-canada-summit-1.7560891
1249588244	20250613	202506	2025	2025.4466											UKR	UKRAINE	UKR								0	051	051	05	1	3.4	1	1	1	0.61199510403917	0								1	Canada	CA	CA		60	-96	CA	1	Canada	CA	CA		60	-96	CA	20250613230000	https://www.cbc.ca/news/politics/canada-signing-onto-european-rearment-deal-eu-canada-summit-1.7560891
1249588245	20250613	202506	2025	2025.4466											USA	UNITED STATES	USA								0	020	020	02	1	3.0	4	1	4	-5.21091811414392	0								3	Duval County, Florida, United States	US	USFL		30.3569	-81.6315	293656	3	Duval County, Florida, United States	US	USFL		30.3569	-81.6315	293656	20250613230000	https://www.wokv.com/news/local/security-ramps-up-ahead-nationwide-no-kings-protests/LTJR5YM3XVEJLID37LF5ZABFQA/
1249588246	20250613	202506	2025	2025.4466											USA	CINCINNATI	USA								0	030	030	03	1	4.0	2	1	2	-5.67612687813022	0								4	Zapotitlan Palmas, Oaxaca, Mexico	MX	MX20	20555	17.9	-97.8167	-1709215	4	Zapotitlan Palmas, Oaxaca, Mexico	MX	MX20	20555	17.9	-97.8167	-1709215	20250613230000	https://www.fox19.com/2025/06/13/butler-county-murder-trial-mexican-police-officer-ends-guilty-verdict/
1249588247	20250613	202506	2025	2025.4466											USA	CINCINNATI	USA								0	030	030	03	1	4.0	5	1	5	-5.67612687813022	0								3	Butler County, Ohio, United States	US	USOH		39.4501	-84.5666	1074021	4	Zapotitlan Palmas, Oaxaca, Mexico	MX	MX20	20555	17.9	-97.8167	-1709215	20250613230000	https://www.fox19.com/2025/06/13/butler-county-murder-trial-mexican-police-officer-ends-guilty-verdict/
1249588248	20250613	202506	2025	2025.4466											USA	UNITED STATES	USA								0	030	030	03	1	4.0	2	1	2	-5.67612687813022	0								3	Butler County, Ohio, United States	US	USOH		39.4501	-84.5666	1074021	3	Butler County, Ohio, United States	US	USOH		39.4501	-84.5666	1074021	20250613230000	https://www.fox19.com/2025/06/13/butler-county-murder-trial-mexican-police-officer-ends-guilty-verdict/
1249588249	20250613	202506	2025	2025.4466											USA	UNITED STATES	USA								1	036	036	03	1	4.0	1	1	1	5.03432494279176	0								3	Moorpark, California, United States	US	USCA	CA111	34.2856	-118.882	1652754	3	Moorpark, California, United States	US	USCA	CA111	34.2856	-118.882	1652754	20250613230000	https://www.mpacorn.com/articles/dedication-reflected-in-new-title/
1249588250	20250613	202506	2025	2025.4466											USA	UNITED STATES	USA								1	036	036	03	1	4.0	3	1	3	5.03432494279176	0								3	Moorpark, California, United States	US	USCA	CA111	34.2856	-118.882	1652754	2	California, United States	US	USCA		36.17	-119.746	CA	20250613230000	https://www.mpacorn.com/articles/dedication-reflected-in-new-title/
1249588251	20250613	202506	2025	2025.4466											USA	MICHIGAN	USA								1	036	036	03	1	4.0	8	1	8	2.26843100189036	0								2	Michigan, United States	US	USMI		43.3504	-84.5603	MI	3	Sleeping Bear Dunes, Michigan, United States	US	USMI		44.8833	-86.0584	638098	20250613230000	https://wbckfm.com/ixp/43/p/isle-royale-national-park-michigan/
1249588252	20250613	202506	2025	2025.4466											USA	THE US	USA								0	040	040	04	1	1.0	2	1	2	1.81451612903226	0								4	New Delhi, Delhi, India	IN	IN07	17911	28.6	77.2	-2106102	4	New Delhi, Delhi, India	IN	IN07	17911	28.6	77.2	-2106102	20250613230000	https://www.dailyexcelsior.com/india-keen-to-conclude-interim-trade-deal-with-usa-by-july-9-this-year/
1249588253	20250613	202506	2025	2025.4466											USA	JACKSONVILLE	USA								1	040	040	04	1	1.0	4	1	4	5.15463917525773	0								4	Bern, Bern, Switzerland	SZ	SZ05	26290	46.9167	7.46667	-2551235	3	Washington, District of Columbia, United States	US	USDC	DC001	38.8951	-77.0364	531871	20250613230000	https://wcti12.com/news/local/juneteenth-parade-in-new-bern-to-celebrate-cultural-pride
1249588254	20250613	202506	2025	2025.4466											USA	UNITED STATES	USA								1	040	040	04	1	1.0	4	1	4	-5.55555555555556	0								3	Miami, Florida, United States	US	USFL	FL086	25.7743	-80.1937	295004	3	Miami, Florida, United States	US	USFL	FL086	25.7743	-80.1937	295004	20250613230000	https://www.vladtv.com/article/311464/bobby-shmurda-on-getting-arrested-with-15-gs9-members-accused-of-being-g
1249588255	20250613	202506	2025	2025.4466											USA	UNITED STATES	USA								1	040	040	04	1	1.0	4	1	4	1.12676056338029	0								2	Idaho, United States	US	USID		44.2394	-114.51	ID	2	Idaho, United States	US	USID		44.2394	-114.51	ID	20250613230000	https://www.postregister.com/news/local/environmental-groups-plan-wildlife-corridors-in-southeast-idaho/article_daefd614-eb13-4ff4-ae25-32a3c4231b89.html
1249588256	20250613	202506	2025	2025.4466											USA	UNITED STATES	USA								0	042	042	04	1	1.9	6	1	6	-5.67612687813022	0								3	Butler County, Ohio, United States	US	USOH		39.4501	-84.5666	1074021	3	Butler County, Ohio, United States	US	USOH		39.4501	-84.5666	1074021	20250613230000	https://www.fox19.com/2025/06/13/butler-county-murder-trial-mexican-police-officer-ends-guilty-verdict/
1249588257	20250613	202506	2025	2025.4466											USA	UNITED STATES	USA								0	042	042	04	1	1.9	1	1	1	0.89418777943369	0								3	Los Angeles, California, United States	US	USCA		34.0522	-118.244	1662328	2	California, United States	US	USCA		36.17	-119.746	CA	20250613230000	https://www.yahoo.com/news/cnn-data-guru-ice-raids-183040942.html
1249588258	20250613	202506	2025	2025.4466											USA	UNITED STATES	USA								1	042	042	04	1	1.9	6	1	6	1.44927536231884	0								3	City Of Mobile, Alabama, United States	US	USAL		30.674	-88.0891	2404278	3	City Of Mobile, Alabama, United States	US	USAL		30.674	-88.0891	2404278	20250613230000	https://www.fox10tv.com/2025/06/13/city-mobile-hosts-traffic-warrant-clinic-with-twist/
1249588259	20250613	202506	2025	2025.4466											USA	UNITED STATES	USA								1	042	042	04	1	1.9	2	1	2	3.06122448979592	0								3	Portneuf River, Idaho, United States	US	USID		42.9516	-112.751	388793	3	Pocatello, Idaho, United States	US	USID	ID005	42.8713	-112.446	397053	20250613230000	https://localnews8.com/news/2025/06/13/poky-paddle-event-returns-to-portneuf-river-friday/
1249588260	20250613	202506	2025	2025.4466											USA	UNITED STATES	USA								1	042	042	04	1	1.9	4	1	4	3.06122448979592	0								3	Pocatello, Idaho, United States	US	USID	ID005	42.8713	-112.446	397053	3	Pocatello, Idaho, United States	US	USID	ID005	42.8713	-112.446	397053	20250613230000	https://localnews8.com/news/2025/06/13/poky-paddle-event-returns-to-portneuf-river-friday/
1249588261	20250613	202506	2025	2025.4466											USA	UNITED STATES	USA								0	042	042	04	1	1.9	6	1	6	5.54666666666667	0								2	Kansas, United States	US	USKS		38.5111	-96.8005	KS	2	Kansas, United States	US	USKS		38.5111	-96.8005	KS	20250613230000	https://screenrant.com/fantasy-movies-great-start-to-finish/
1249588262	20250613	202506	2025	2025.4466											USA	UNITED STATES	USA								1	043	043	04	1	2.8	1	1	1	4.19580419580419	0								3	Orlando, Florida, United States	US	USFL	FL095	28.5383	-81.3792	288240	3	Winter Park, Florida, United States	US	USFL		28.6	-81.3392	293428	20250613230000	https://www.yahoo.com/news/miss-florida-usa-2025-uf-211518819.html
1249588263	20250613	202506	2025	2025.4466											USA	ORLANDO	USA								1	043	043	04	1	2.8	1	1	1	4.19580419580419	0								3	Winter Park, Florida, United States	US	USFL		28.6	-81.3392	293428	3	Winter Park, Florida, United States	US	USFL		28.6	-81.3392	293428	20250613230000	https://www.yahoo.com/news/miss-florida-usa-2025-uf-211518819.html
1249588264	20250613	202506	2025	2025.4466											USA	UNITED STATES	USA								1	043	043	04	1	2.8	2	1	2	3.40909090909091	0								3	Knightstown, Indiana, United States	US	USIN	IN065	39.7956	-85.5264	437394	3	Knightstown, Indiana, United States	US	USIN	IN065	39.7956	-85.5264	437394	20250613230000	https://www.yahoo.com/news/museum-curator-celebrated-cookie-cutter-223400853.html
1249588265	20250613	202506	2025	2025.4466											USA	UNITED STATES	USA								1	043	043	04	1	2.8	2	1	2	3.40909090909091	0								3	Knightstown, Indiana, United States	US	USIN	IN065	39.7956	-85.5264	437394	2	Indiana, United States	US	USIN		39.8647	-86.2604	IN	20250613230000	https://www.yahoo.com/news/museum-curator-celebrated-cookie-cutter-223400853.html
1249588266	20250613	202506	2025	2025.4466											USA	UNITED STATES	USA								0	043	043	04	1	2.8	2	1	2	0	0								3	White House, District of Columbia, United States	US	USDC		38.8951	-77.0364	531871	1	Israel	IS	IS		31.5	34.75	IS	20250613230000	https://960weli.iheart.com/featured/the-clay-travis-and-buck-sexton-show/content/2025-06-13-1119-the-clay-travis-and-buck-hour-3-an-israeli-pov/
1249588267	20250613	202506	2025	2025.4466											USA	UNITED STATES	USA								1	046	046	04	1	7.0	3	1	3	-7.49464668094218	0								3	Abilene, Texas, United States	US	USTX	TX441	32.4487	-99.7331	1329173	3	Abilene, Texas, United States	US	USTX	TX441	32.4487	-99.7331	1329173	20250613230000	https://www.yahoo.com/news/man-accused-kidnapping-selling-teen-205253681.html
1249588268	20250613	202506	2025	2025.4466											USA	CHARLOTTE	USA								1	051	051	05	1	3.4	8	1	8	7.31034482758621	0								3	Mecklenburg County, North Carolina, United States	US	USNC		35.2668	-80.8498	1008570	3	Mecklenburg County, North Carolina, United States	US	USNC		35.2668	-80.8498	1008570	20250613230000	https://www.globenewswire.com/news-release/2025/06/13/3099339/0/en/Charlotte-Plumbing-Masters-Earns-Recognition-as-a-Trusted-Plumbing-Services-Provider-Across-Mecklenburg-County.html
1249588269	20250613	202506	2025	2025.4466											USA	THE US	USA								0	061	061	06	2	6.4	5	1	5	1.81451612903226	0								4	New Delhi, Delhi, India	IN	IN07	17911	28.6	77.2	-2106102	4	New Delhi, Delhi, India	IN	IN07	17911	28.6	77.2	-2106102	20250613230000	https://www.dailyexcelsior.com/india-keen-to-conclude-interim-trade-deal-with-usa-by-july-9-this-year/
1249588270	20250613	202506	2025	2025.4466											USA	UNITED STATES	USA								1	061	061	06	2	6.4	10	1	10	0.6079027355623	0								1	Grenada	GJ	GJ		12.116667	-61.666667	GJ	1	Grenada	GJ	GJ		12.116667	-61.666667	GJ	20250613230000	https://nowgrenada.com/2025/06/ministry-commences-pig-breeding-programme/
1249588271	20250613	202506	2025	2025.4466											USA	UNITED STATES	USA								1	0841	084	08	2	7.0	2	1	2	-4.97553017944535	0								3	Champaign, Illinois, United States	US	USIL	IL019	40.1164	-88.2434	405936	3	Champaign, Illinois, United States	US	USIL	IL019	40.1164	-88.2434	405936	20250613230000	https://dailyillini.com/news-stories/2025/06/13/illinois-officials-texas-police-illegally-accessed-state-license-plate-data/
1249588272	20250613	202506	2025	2025.4466											USA	UNITED STATES	USA								1	124	124	12	3	-4.0	3	1	3	-1.46699266503667	0								3	Moorpark, California, United States	US	USCA	CA111	34.2856	-118.882	1652754	3	City Of Moorpark, California, United States	US	USCA		34.2855	-118.877	2411157	20250613230000	https://www.mpacorn.com/articles/deputy-deployments-wont-affect-contract-cities/
1249588273	20250613	202506	2025	2025.4466											USA	IOWA	USA								0	141	141	14	3	-6.5	3	1	3	-4.62633451957296	0								2	Iowa, United States	US	USIA		42.0046	-93.214	IA	2	Iowa, United States	US	USIA		42.0046	-93.214	IA	20250613230000	https://www.baltimoresun.com/2025/06/13/why-baltimore-ice-protests-remained-non-violent/
1249588274	20250613	202506	2025	2025.4466											USA	WASHINGTON	USA								1	173	173	17	4	-5.0	2	1	2	1.12554112554113	0								4	Cambridge, Cambridgeshire, United Kingdom	UK	UKC3	40098	52.2	0.116667	-2591658	4	Cambridge, Cambridgeshire, United Kingdom	UK	UKC3	40098	52.2	0.116667	-2591658	20250613230000	https://www.zmescience.com/other/art-other/ai-based-method-restores-priceless-renaissance-art-in-under-4-hours-rather-than-months/
1249588275	20250613	202506	2025	2025.4466											USA	UNITED STATES	USA								1	173	173	17	4	-5.0	4	1	4	1.12554112554113	0								4	Oslo, Oslo, Norway	NO	NO12	23413	59.9167	10.75	-273837	4	Oslo, Oslo, Norway	NO	NO12	23413	59.9167	10.75	-273837	20250613230000	https://www.zmescience.com/other/art-other/ai-based-method-restores-priceless-renaissance-art-in-under-4-hours-rather-than-months/
1249588276	20250613	202506	2025	2025.4466											USA	UNITED STATES	USA								1	173	173	17	4	-5.0	2	1	2	-8.66773675762438	0								3	Paonia, Colorado, United States	US	USCO	CO029	38.8683	-107.592	186589	3	Paonia, Colorado, United States	US	USCO	CO029	38.8683	-107.592	186589	20250613230000	https://www.gjsentinel.com/news/western_colorado/guilty-verdict-in-paonia-double-murder/article_55e93ee0-bb37-4fec-a9d2-265ee34eb6c9.html
1249588277	20250613	202506	2025	2025.4466											USA	UNITED STATES	USA								1	173	173	17	4	-5.0	2	1	2	-8.66773675762438	0								3	Delta County, Colorado, United States	US	USCO		38.85	-107.851	198130	2	Colorado, United States	US	USCO		39.0646	-105.327	CO	20250613230000	https://www.gjsentinel.com/news/western_colorado/guilty-verdict-in-paonia-double-murder/article_55e93ee0-bb37-4fec-a9d2-265ee34eb6c9.html
1249588278	20250613	202506	2025	2025.4466											USA	LOS ANGELES	USA								1	173	173	17	4	-5.0	2	1	2	-11.7021276595745	0								3	Los Angeles County, California, United States	US	USCA		34.3667	-118.201	277283	3	Palmdale, California, United States	US	USCA	CA037	34.5794	-118.116	1652769	20250613230000	https://www.yahoo.com/news/two-arrested-fatal-stabbing-84-203253798.html
1249588279	20250613	202506	2025	2025.4466											USA	MARYLAND	USA								1	181	181	18	4	-9.0	2	1	2	-3.65853658536585	0								3	Dundalk, Maryland, United States	US	USMD	MD005	39.2507	-76.5205	590117	3	Dundalk, Maryland, United States	US	USMD	MD005	39.2507	-76.5205	590117	20250613230000	https://wjla.com/news/local/amber-alert-dundalk-maryland-missing-woman-child
1249588280	20250613	202506	2025	2025.4466											USA	OHIO	USA								1	190	190	19	4	-10.0	3	1	3	-7.74193548387097	0								3	West Chester, Ohio, United States	US	USOH		39.3303	-84.4083	1061736	3	West Chester, Ohio, United States	US	USOH		39.3303	-84.4083	1061736	20250613230000	https://www.yahoo.com/news/7-old-dies-being-found-201720925.html
1249588281	20250613	202506	2025	2025.4466											USA	IDAHO	USA								1	190	190	19	4	-10.0	1	1	1	-0.22271714922049	0								3	Baltimore, Maryland, United States	US	USMD	MD510	39.2904	-76.6122	597040	3	Baltimore, Maryland, United States	US	USMD	MD510	39.2904	-76.6122	597040	20250613230000	https://localnews8.com/news/2025/06/13/prominent-former-idaho-falls-community-leader-found-dead-in-maryland-hotel/
1249588282	20250613	202506	2025	2025.4466											USACOP	DETROIT	USA					COP			1	042	042	04	1	1.9	16	1	10	-3.41207349081365	0								1	Jordan	JO	JO		31	36	JO	1	Jordan	JO	JO		31	36	JO	20250613230000	https://www.wxyz.com/news/detroit-police-hosting-brunch-for-fathers-who-lost-children-to-violence-crimes
1249588283	20250613	202506	2025	2025.4466											USACOP	LOS ANGELES	USA					COP			1	173	173	17	4	-5.0	1	1	1	-11.7021276595745	0								3	Los Angeles County, California, United States	US	USCA		34.3667	-118.201	277283	3	Los Angeles County, California, United States	US	USCA		34.3667	-118.201	277283	20250613230000	https://www.yahoo.com/news/two-arrested-fatal-stabbing-84-203253798.html
1249588284	20250613	202506	2025	2025.4466											USAGOV	UNITED STATES	USA					GOV			1	042	042	04	1	1.9	1	1	1	0	0								1	Israel	IS	IS		31.5	34.75	IS	1	Israel	IS	IS		31.5	34.75	IS	20250613230000	https://960weli.iheart.com/featured/the-clay-travis-and-buck-sexton-show/content/2025-06-13-1119-the-clay-travis-and-buck-hour-3-an-israeli-pov/
1249588285	20250613	202506	2025	2025.4466											USAGOV	UNITED STATES	USA					GOV			1	110	110	11	3	-2.0	4	1	4	-6.45756457564576	0								2	California, United States	US	USCA		36.17	-119.746	CA	2	California, United States	US	USCA		36.17	-119.746	CA	20250613230000	https://www.yahoo.com/news/mass-rep-lynch-calls-trump-201603519.html
1249588286	20250613	202506	2025	2025.4466											USAGOVGOVMIL	THE WHITE HOUSE	USA					GOV	GOV	MIL	0	046	046	04	1	7.0	2	1	2	-1.5625	0								3	White House, District of Columbia, United States	US	USDC		38.8951	-77.0364	531871	3	White House, District of Columbia, United States	US	USDC		38.8951	-77.0364	531871	20250613230000	https://www.rnz.co.nz/news/world/564120/we-knew-everything-trump-says-about-israel-s-strikes-on-iran
1249588287	20250613	202506	2025	2025.4466											USAGOVHLH	HAWAII	USA					GOV	HLH		1	042	042	04	1	1.9	10	1	10	-8.28729281767958	0								0								0								20250613230000	https://www.staradvertiser.com/2025/06/13/breaking-news/hawaii-kai-man-found-not-guilty-by-reason-of-insanity-in-deadly-stabbing/
1249588288	20250613	202506	2025	2025.4466											USALEG	MAINE	USA					LEG			1	046	046	04	1	7.0	3	1	3	-0.36656891495601	0								2	Maine, United States	US	USME		44.6074	-69.3977	ME	2	Maine, United States	US	USME		44.6074	-69.3977	ME	20250613230000	https://www.yahoo.com/news/ban-state-seizure-wabanaki-land-212702233.html
1249588289	20250613	202506	2025	2025.4466											sco	SCOTTISH			sco						1	043	043	04	1	2.8	6	1	6	-2.35294117647059	0								1	Taiwan	TW	TW		24	121	TW	2	Michigan, United States	US	USMI		43.3504	-84.5603	MI	20250613230000	https://960weli.iheart.com/featured/coast-to-coast-am/content/2025-06-13-this-weeks-weird-news-61325/
1249588290	20250613	202506	2025	2025.4466											sco	SCOTTISH			sco						1	043	043	04	1	2.8	4	1	4	-2.35294117647059	0								1	Taiwan	TW	TW		24	121	TW	1	Taiwan	TW	TW		24	121	TW	20250613230000	https://960weli.iheart.com/featured/coast-to-coast-am/content/2025-06-13-this-weeks-weird-news-61325/
1249588291	20250613	202506	2025	2025.4466	AFG	AFGHAN	AFG																		1	015	015	01	1	0.0	8	1	8	-12.6582278481013	2	Oklahoma, United States	US	USOK		35.5376	-96.9247	OK	0								2	Oklahoma, United States	US	USOK		35.5376	-96.9247	OK	20250613230000	https://www.kswo.com/2025/06/13/afghan-national-pleads-guilty-plotting-election-day-terror-attack/
1249588292	20250613	202506	2025	2025.4466	AFG	KABUL	AFG								IRN	IRAN	IRN								1	190	190	19	4	-10.0	6	1	6	-12.9943502824859	4	Kabul, Kabol, Afghanistan	AF	AF13	3580	34.5167	69.1833	-3378435	1	Iran	IR	IR		32	53	IR	1	Israel	IS	IS		31.5	34.75	IS	20250613230000	https://thefrontierpost.com/islamic-emirate-of-afghanistan-condemns-israeli-strikes-on-iran/
1249588293	20250613	202506	2025	2025.4466	AFG	AFGHANISTAN	AFG								IRN	IRAN	IRN								1	190	190	19	4	-10.0	2	1	2	-12.9943502824859	1	Iran	IR	IR		32	53	IR	1	Iran	IR	IR		32	53	IR	1	Israel	IS	IS		31.5	34.75	IS	20250613230000	https://thefrontierpost.com/islamic-emirate-of-afghanistan-condemns-israeli-strikes-on-iran/
1249588294	20250613	202506	2025	2025.4466	AFG	KABUL	AFG								ISR	ISRAELI	ISR								1	111	111	11	3	-2.0	8	1	8	-12.9943502824859	4	Kabul, Kabol, Afghanistan	AF	AF13	3580	34.5167	69.1833	-3378435	1	Israel	IS	IS		31.5	34.75	IS	1	Israel	IS	IS		31.5	34.75	IS	20250613230000	https://thefrontierpost.com/islamic-emirate-of-afghanistan-condemns-israeli-strikes-on-iran/
1249588295	20250613	202506	2025	2025.4466	AFG	AFGHANISTAN	AFG								ISR	ISRAEL	ISR								0	111	111	11	3	-2.0	1	1	1	-7.86516853932584	4	Tehran, Tehran, Iran	IR	IR26	41130	35.75	51.5148	10074674	4	Tehran, Tehran, Iran	IR	IR26	41130	35.75	51.5148	10074674	4	Tehran, Tehran, Iran	IR	IR26	41130	35.75	51.5148	10074674	20250613230000	https://dunyanews.tv/en/World/889241-how-the-world-is-reacting-to-israel-attacks-on-iran-nuclear-military-
1249588296	20250613	202506	2025	2025.4466	AFG	AFGHANISTAN	AFG								ISR	ISRAELI	ISR								0	111	111	11	3	-2.0	7	1	7	-7.86516853932584	1	Afghanistan	AF	AF		33	66	AF	1	Israel	IS	IS		31.5	34.75	IS	1	Israel	IS	IS		31.5	34.75	IS	20250613230000	https://dunyanews.tv/en/World/889241-how-the-world-is-reacting-to-israel-attacks-on-iran-nuclear-military-
1249588297	20250613	202506	2025	2025.4466	AFG	AFGHANISTAN	AFG								ISR	ISRAEL	ISR								1	111	111	11	3	-2.0	2	1	2	-12.9943502824859	1	Iran	IR	IR		32	53	IR	1	Israel	IS	IS		31.5	34.75	IS	1	Israel	IS	IS		31.5	34.75	IS	20250613230000	https://thefrontierpost.com/islamic-emirate-of-afghanistan-condemns-israeli-strikes-on-iran/
1249588298	20250613	202506	2025	2025.4466	AFG	AFGHANISTAN	AFG								ISR	ISRAELI	ISR								0	112	112	11	3	-2.0	2	1	2	-7.86516853932584	4	Tehran, Tehran, Iran	IR	IR26	41130	35.75	51.5148	10074674	4	Tehran, Tehran, Iran	IR	IR26	41130	35.75	51.5148	10074674	4	Tehran, Tehran, Iran	IR	IR26	41130	35.75	51.5148	10074674	20250613230000	https://dunyanews.tv/en/World/889241-how-the-world-is-reacting-to-israel-attacks-on-iran-nuclear-military-
1249588299	20250613	202506	2025	2025.4466	AFG	AFGHANISTAN	AFG								ISR	ISRAEL	ISR								0	112	112	11	3	-2.0	2	1	2	-7.86516853932584	1	Afghanistan	AF	AF		33	66	AF	1	Israel	IS	IS		31.5	34.75	IS	1	Afghanistan	AF	AF		33	66	AF	20250613230000	https://dunyanews.tv/en/World/889241-how-the-world-is-reacting-to-israel-attacks-on-iran-nuclear-military-
1249588300	20250613	202506	2025	2025.4466	AFG	AFGHANISTAN	AFG								ISR	ISRAELI	ISR								0	112	112	11	3	-2.0	6	1	6	-7.86516853932584	1	Afghanistan	AF	AF		33	66	AF	1	Israel	IS	IS		31.5	34.75	IS	1	Israel	IS	IS		31.5	34.75	IS	20250613230000	https://dunyanews.tv/en/World/889241-how-the-world-is-reacting-to-israel-attacks-on-iran-nuclear-military-
1249588301	20250613	202506	2025	2025.4466	AFGINSTAL	TALIBAN	AFG	TAL				INS													1	010	010	01	1	0.0	6	1	6	-3.63036303630363	4	Kabul, Kabol, Afghanistan	AF	AF13	3580	34.5167	69.1833	-3378435	0								4	Kabul, Kabol, Afghanistan	AF	AF13	3580	34.5167	69.1833	-3378435	20250613230000	https://thefrontierpost.com/haqqani-implicitly-warns-of-internal-crisis-within-taliban/
1249588302	20250613	202506	2025	2025.4466	AFGINSTAL	TALIBAN	AFG	TAL				INS			AFG	AFGHANISTAN	AFG								1	010	010	01	1	0.0	4	1	4	-3.63036303630363	4	Kabul, Kabol, Afghanistan	AF	AF13	3580	34.5167	69.1833	-3378435	4	Kabul, Kabol, Afghanistan	AF	AF13	3580	34.5167	69.1833	-3378435	4	Kabul, Kabol, Afghanistan	AF	AF13	3580	34.5167	69.1833	-3378435	20250613230000	https://thefrontierpost.com/haqqani-implicitly-warns-of-internal-crisis-within-taliban/
1249588303	20250613	202506	2025	2025.4466	AFR	AFRICA	AFR																		1	015	015	01	1	0.0	4	1	4	-6.13026819923372	5	Free State, Free State, South Africa	SF	SF03	77365	-29	26	-1269735	0								5	Free State, Free State, South Africa	SF	SF03	77365	-29	26	-1269735	20250613230000	https://www.okayafrica.com/death-toll-eastern-cape-floods/
1249588304	20250613	202506	2025	2025.4466	AFR	AFRICA	AFR								BUS	CORPORATION						BUS			0	112	112	11	3	-2.0	10	1	10	-7.09219858156028	1	United States	US	US		39.828175	-98.5795	US	1	United States	US	US		39.828175	-98.5795	US	1	United States	US	US		39.828175	-98.5795	US	20250613230000	https://ohio.binnews.com/content/2025-06-13-black-voices-explain-why-black-people-should-care-about-ice-raids/
1249588305	20250613	202506	2025	2025.4466	AFR	AFRICA	AFR								EGY	NILE	EGY								0	043	043	04	1	2.8	5	1	5	6.94896851248643	4	Murchison Falls National Park, Kiryandongo District, Uganda	UG	UGF7	18585	2.16002	31.7591	-1728241	4	Murchison Falls National Park, Kiryandongo District, Uganda	UG	UGF7	18585	2.16002	31.7591	-1728241	4	Murchison Falls National Park, Kiryandongo District, Uganda	UG	UGF7	18585	2.16002	31.7591	-1728241	20250613230000	http://www.bahoneza.com/romantic-things-to-do-on-holiday-in-uganda/
1249588306	20250613	202506	2025	2025.4466	AFR	AFRICA	AFR								USA	AMERICAN	USA								1	111	111	11	3	-2.0	3	1	3	-5.62130177514793	2	Mississippi, United States	US	USMS		32.7673	-89.6812	MS	2	Mississippi, United States	US	USMS		32.7673	-89.6812	MS	2	Mississippi, United States	US	USMS		32.7673	-89.6812	MS	20250613230000	https://nypost.com/2025/06/13/opinion/anti-ice-rioters-are-just-as-out-of-line-as-anti-black-racists-in-62/
1249588307	20250613	202506	2025	2025.4466	AFR	AFRICA	AFR								ogo	OGONI			ogo						1	080	080	08	2	5.0	2	1	2	-6.49558941459503	4	Nanyuki, Rift Valley, Kenya	KE	KE08	18585	0.016667	37.0728	-2258391	4	Nanyuki, Rift Valley, Kenya	KE	KE08	18585	0.016667	37.0728	-2258391	4	Nanyuki, Rift Valley, Kenya	KE	KE08	18585	0.016667	37.0728	-2258391	20250613230000	https://www.okayafrica.com/today-in-africa-news-brief-2025/
1249588308	20250613	202506	2025	2025.4466	AFR	AFRICA	AFR								ogo	OGONI			ogo						1	080	080	08	2	5.0	2	1	2	-6.49558941459503	4	Nanyuki, Rift Valley, Kenya	KE	KE08	18585	0.016667	37.0728	-2258391	4	Nanyuki, Rift Valley, Kenya	KE	KE08	18585	0.016667	37.0728	-2258391	4	London, London, City of, United Kingdom	UK	UKH9	40110	51.5	-0.116667	-2601889	20250613230000	https://www.okayafrica.com/today-in-africa-news-brief-2025/
1249588309	20250613	202506	2025	2025.4466	AFR	AFRICA	AFR								ogo	OGONI			ogo						1	080	080	08	2	5.0	6	1	6	-6.49558941459503	4	Nanyuki, Rift Valley, Kenya	KE	KE08	18585	0.016667	37.0728	-2258391	4	London, London, City of, United Kingdom	UK	UKH9	40110	51.5	-0.116667	-2601889	4	London, London, City of, United Kingdom	UK	UKH9	40110	51.5	-0.116667	-2601889	20250613230000	https://www.okayafrica.com/today-in-africa-news-brief-2025/
1249588310	20250613	202506	2025	2025.4466	AGR	FARMER						AGR													0	050	050	05	1	3.5	10	1	10	0.6079027355623	1	Grenada	GJ	GJ		12.116667	-61.666667	GJ	0								1	Grenada	GJ	GJ		12.116667	-61.666667	GJ	20250613230000	https://nowgrenada.com/2025/06/ministry-commences-pig-breeding-programme/
1249588311	20250613	202506	2025	2025.4466	AGR	FARMER						AGR			GRD	GRENADA	GRD								1	042	042	04	1	1.9	10	1	10	0.6079027355623	1	Grenada	GJ	GJ		12.116667	-61.666667	GJ	1	Grenada	GJ	GJ		12.116667	-61.666667	GJ	1	Grenada	GJ	GJ		12.116667	-61.666667	GJ	20250613230000	https://nowgrenada.com/2025/06/ministry-commences-pig-breeding-programme/
1249588312	20250613	202506	2025	2025.4466	AUS	AUSTRALIAN	AUS																		1	084	084	08	2	7.0	10	1	10	3.69127516778524	4	Cessnock, New South Wales, Australia	AS	AS02	5096	-32.8321	151.356	-1565008	0								4	Cessnock, New South Wales, Australia	AS	AS02	5096	-32.8321	151.356	-1565008	20250613230000	https://www.cessnockadvertiser.com.au/story/8989597/historical-coin-collection-released-by-the-royal-australian-mint/
1249588313	20250613	202506	2025	2025.4466	AUS	AUSTRALIAN	AUS																		1	084	084	08	2	7.0	10	1	10	3.72250423011845	4	Crookwell, New South Wales, Australia	AS	AS02	154641	-34.4593	149.471	-1568133	0								4	Crookwell, New South Wales, Australia	AS	AS02	154641	-34.4593	149.471	-1568133	20250613230000	https://www.crookwellgazette.com.au/story/8989597/historical-coin-collection-released-by-the-royal-australian-mint/
1249588314	20250613	202506	2025	2025.4466	AUS	MURRAY	AUS								CRM	BANDIT						CRM			0	173	173	17	4	-5.0	4	1	4	-2.35294117647059	2	Kentucky, United States	US	USKY		37.669	-84.6514	KY	2	Kentucky, United States	US	USKY		37.669	-84.6514	KY	2	Kentucky, United States	US	USKY		37.669	-84.6514	KY	20250613230000	https://960weli.iheart.com/featured/coast-to-coast-am/content/2025-06-13-this-weeks-weird-news-61325/
1249588315	20250613	202506	2025	2025.4466	AUS	AUSTRALIAN	AUS								CVL	RESIDENTS						CVL			1	190	190	19	4	-10.0	4	1	4	-1.82421227197347	4	Greenvale, Victoria, Australia	AS	AS07	5386	-37.6333	144.867	-1576637	4	Greenvale, Victoria, Australia	AS	AS07	5386	-37.6333	144.867	-1576637	4	Greenvale, Victoria, Australia	AS	AS07	5386	-37.6333	144.867	-1576637	20250613230000	https://www.townsvillebulletin.com.au/news/townsville/greenvale-residents-wait-years-for-australian-defence-force-to-fix-damage-done-during-exercise-talisman-sabre/news-story/4a0bccf82216a2bf2077d55a1d479679?nk=7f5b947914aba8354fb6a89f05112908-1749854798
1249588316	20250613	202506	2025	2025.4466	AUS	MURRAY	AUS								EGY	EGYPT	EGY								0	020	020	02	1	3.0	1	1	1	-2.51256281407035	4	Alexandria, Al Iskandariyah, Egypt	EG	EG06	61590	31.1981	29.9192	-290263	4	Alexandria, Al Iskandariyah, Egypt	EG	EG06	61590	31.1981	29.9192	-290263	4	Alexandria, Al Iskandariyah, Egypt	EG	EG06	61590	31.1981	29.9192	-290263	20250613230000	https://www.yahoo.com/news/anderson-council-wants-funding-shady-221800877.html
1249588317	20250613	202506	2025	2025.4466	AUS	AUSTRALIA	AUS								GBR	UNITED KINGDOM	GBR								1	043	043	04	1	2.8	2	1	2	2.89017341040462	4	Sydney, New South Wales, Australia	AS	AS02	154637	-33.8833	151.217	-1603135	4	London, London, City of, United Kingdom	UK	UKH9	40110	51.5	-0.116667	-2601889	4	Sydney, New South Wales, Australia	AS	AS02	154637	-33.8833	151.217	-1603135	20250613230000	https://www.marieclaire.com/fashion/sydney-sweeney-miu-miu-fall-2025-outfit/
1249588318	20250613	202506	2025	2025.4466	AUS	AUSTRALIA	AUS								GBR	UNITED KINGDOM	GBR								1	043	043	04	1	2.8	2	1	2	2.89017341040462	4	Sydney, New South Wales, Australia	AS	AS02	154637	-33.8833	151.217	-1603135	4	London, London, City of, United Kingdom	UK	UKH9	40110	51.5	-0.116667	-2601889	4	London, London, City of, United Kingdom	UK	UKH9	40110	51.5	-0.116667	-2601889	20250613230000	https://www.marieclaire.com/fashion/sydney-sweeney-miu-miu-fall-2025-outfit/
1249588319	20250613	202506	2025	2025.4466	AUS	SYDNEY	AUS								GOV	AMBASSADOR						GOV			1	111	111	11	3	-2.0	8	1	8	2.89017341040462	4	Sydney, New South Wales, Australia	AS	AS02	154637	-33.8833	151.217	-1603135	4	Sydney, New South Wales, Australia	AS	AS02	154637	-33.8833	151.217	-1603135	4	Sydney, New South Wales, Australia	AS	AS02	154637	-33.8833	151.217	-1603135	20250613230000	https://www.marieclaire.com/fashion/sydney-sweeney-miu-miu-fall-2025-outfit/
1249588320	20250613	202506	2025	2025.4466	AUS	AUSTRALIA	AUS								IRN	IRAN	IRN								0	110	110	11	3	-2.0	2	1	2	-7.86516853932584	4	Tehran, Tehran, Iran	IR	IR26	41130	35.75	51.5148	10074674	1	Czech Republic	EZ	EZ		49.75	15	EZ	4	Tehran, Tehran, Iran	IR	IR26	41130	35.75	51.5148	10074674	20250613230000	https://dunyanews.tv/en/World/889241-how-the-world-is-reacting-to-israel-attacks-on-iran-nuclear-military-
1249588321	20250613	202506	2025	2025.4466	AUS	AUSTRALIA	AUS								ISR	ISRAEL	ISR								0	110	110	11	3	-2.0	2	1	2	-7.86516853932584	4	Tehran, Tehran, Iran	IR	IR26	41130	35.75	51.5148	10074674	4	Tehran, Tehran, Iran	IR	IR26	41130	35.75	51.5148	10074674	4	Tehran, Tehran, Iran	IR	IR26	41130	35.75	51.5148	10074674	20250613230000	https://dunyanews.tv/en/World/889241-how-the-world-is-reacting-to-israel-attacks-on-iran-nuclear-military-
1249588322	20250613	202506	2025	2025.4466	AUS	QUEENSLAND	AUS								MIL	MILITARY						MIL			1	1712	171	17	4	-9.2	10	1	10	-1.82421227197347	4	Greenvale, Victoria, Australia	AS	AS07	5386	-37.6333	144.867	-1576637	4	Greenvale, Victoria, Australia	AS	AS07	5386	-37.6333	144.867	-1576637	4	Greenvale, Victoria, Australia	AS	AS07	5386	-37.6333	144.867	-1576637	20250613230000	https://www.townsvillebulletin.com.au/news/townsville/greenvale-residents-wait-years-for-australian-defence-force-to-fix-damage-done-during-exercise-talisman-sabre/news-story/4a0bccf82216a2bf2077d55a1d479679?nk=7f5b947914aba8354fb6a89f05112908-1749854798
1249588323	20250613	202506	2025	2025.4466	AUSGOVMIL	AUSTRALIA	AUS					GOV	MIL		AUS	AUSTRALIAN	AUS								0	010	010	01	1	0.0	1	1	1	-0.39113428943937	4	Canberra, Australian Capital Territory, Australia	AS	AS01	4940	-35.2833	149.217	-1563952	4	Canberra, Australian Capital Territory, Australia	AS	AS01	4940	-35.2833	149.217	-1563952	4	Canberra, Australian Capital Territory, Australia	AS	AS01	4940	-35.2833	149.217	-1563952	20250613230000	https://www.yahoo.com/news/aukus-could-trump-sink-australias-220525446.html
1249588324	20250613	202506	2025	2025.4466	AUSMIL	AUSTRALIAN	AUS					MIL			CVL	RESIDENTS						CVL			1	190	190	19	4	-10.0	6	1	6	-1.82421227197347	4	Greenvale, Victoria, Australia	AS	AS07	5386	-37.6333	144.867	-1576637	4	Greenvale, Victoria, Australia	AS	AS07	5386	-37.6333	144.867	-1576637	4	Greenvale, Victoria, Australia	AS	AS07	5386	-37.6333	144.867	-1576637	20250613230000	https://www.townsvillebulletin.com.au/news/townsville/greenvale-residents-wait-years-for-australian-defence-force-to-fix-damage-done-during-exercise-talisman-sabre/news-story/4a0bccf82216a2bf2077d55a1d479679?nk=7f5b947914aba8354fb6a89f05112908-1749854798
1249588325	20250613	202506	2025	2025.4466	AUT	AUSTRIA	AUT																		0	040	040	04	1	1.0	4	1	4	2.08333333333333	1	Austria	AU	AU		47.333333	13.333333	AU	0								4	Toronto, Ontario, Canada	CA	CA08	12686	43.6667	-79.4167	-574890	20250613230000	https://www.timminspress.com:443/entertainment/television/arnold-schwarzenegger-teases-bigger-and-better-season-2-of-fubar/wcm/2ccecf1b-6299-41e4-950b-e0a951703724
1249588326	20250613	202506	2025	2025.4466	BEL	BELGIAN	BEL								ISR	ISRAELI	ISR								1	020	020	02	1	3.0	2	1	2	-4.30107526881721	4	Brussels, Bruxelles-Capitale, Belgium	BE	BE11	5850	50.8333	4.33333	-1955538	4	Brussels, Bruxelles-Capitale, Belgium	BE	BE11	5850	50.8333	4.33333	-1955538	4	Brussels, Bruxelles-Capitale, Belgium	BE	BE11	5850	50.8333	4.33333	-1955538	20250613230000	https://www.aa.com.tr/en/europe/belgian-politicians-call-for-removal-of-israeli-flag-from-antwerp-city-hall/3597327
1249588327	20250613	202506	2025	2025.4466	BEL	BELGIAN	BEL								ISR	ISRAELI	ISR								1	020	020	02	1	3.0	2	1	2	-4.30107526881721	4	Brussels, Bruxelles-Capitale, Belgium	BE	BE11	5850	50.8333	4.33333	-1955538	4	Gaza, Israel (general), Israel	IS	IS00	18315	31.4167	34.3333	-797156	4	Gaza, Israel (general), Israel	IS	IS00	18315	31.4167	34.3333	-797156	20250613230000	https://www.aa.com.tr/en/europe/belgian-politicians-call-for-removal-of-israeli-flag-from-antwerp-city-hall/3597327
1249588328	20250613	202506	2025	2025.4466	BEL	BELGIUM	BEL								ISR	ISRAELI	ISR								0	080	080	08	2	5.0	2	1	2	-6.00375234521576	1	Israel	IS	IS		31.5	34.75	IS	1	Israel	IS	IS		31.5	34.75	IS	1	Israel	IS	IS		31.5	34.75	IS	20250613230000	https://ejpress.org/posters-with-the-names-and-photos-of-jewish-personalities-displayed-in-brussels-with-the-accusation-he-she-lobbies-for-genocide/
1249588329	20250613	202506	2025	2025.4466	BEL	BELGIUM	BEL								ISRGOV	ISRAEL	ISR					GOV			0	080	080	08	2	5.0	1	1	1	-6.00375234521576	1	Israel	IS	IS		31.5	34.75	IS	4	Brussels, Bruxelles-Capitale, Belgium	BE	BE11	5850	50.8333	4.33333	-1955538	1	Israel	IS	IS		31.5	34.75	IS	20250613230000	https://ejpress.org/posters-with-the-names-and-photos-of-jewish-personalities-displayed-in-brussels-with-the-accusation-he-she-lobbies-for-genocide/
1249588330	20250613	202506	2025	2025.4466	BEL	BELGIUM	BEL								ISRGOV	ISRAELI	ISR					GOV			0	080	080	08	2	5.0	7	1	7	-6.00375234521576	1	Israel	IS	IS		31.5	34.75	IS	1	Israel	IS	IS		31.5	34.75	IS	1	Israel	IS	IS		31.5	34.75	IS	20250613230000	https://ejpress.org/posters-with-the-names-and-photos-of-jewish-personalities-displayed-in-brussels-with-the-accusation-he-she-lobbies-for-genocide/
1249588331	20250613	202506	2025	2025.4466	BEL	BELGIUM	BEL								JEWCVL	JEWISH				JEW		CVL			0	020	020	02	1	3.0	2	1	2	-6.00375234521576	4	Brussels, Bruxelles-Capitale, Belgium	BE	BE11	5850	50.8333	4.33333	-1955538	4	Brussels, Bruxelles-Capitale, Belgium	BE	BE11	5850	50.8333	4.33333	-1955538	4	Brussels, Bruxelles-Capitale, Belgium	BE	BE11	5850	50.8333	4.33333	-1955538	20250613230000	https://ejpress.org/posters-with-the-names-and-photos-of-jewish-personalities-displayed-in-brussels-with-the-accusation-he-she-lobbies-for-genocide/
1249588332	20250613	202506	2025	2025.4466	BEL	BELGIUM	BEL								JEWCVL	JEWISH				JEW		CVL			0	020	020	02	1	3.0	8	1	8	-6.00375234521576	4	Brussels, Bruxelles-Capitale, Belgium	BE	BE11	5850	50.8333	4.33333	-1955538	1	Israel	IS	IS		31.5	34.75	IS	1	Israel	IS	IS		31.5	34.75	IS	20250613230000	https://ejpress.org/posters-with-the-names-and-photos-of-jewish-personalities-displayed-in-brussels-with-the-accusation-he-she-lobbies-for-genocide/
1249588333	20250613	202506	2025	2025.4466	BELPTY	BELGIAN	BEL								ISR	ISRAELI	ISR								1	020	020	02	1	3.0	6	1	6	-4.30107526881721	4	Brussels, Bruxelles-Capitale, Belgium	BE	BE11	5850	50.8333	4.33333	-1955538	4	Brussels, Bruxelles-Capitale, Belgium	BE	BE11	5850	50.8333	4.33333	-1955538	4	Brussels, Bruxelles-Capitale, Belgium	BE	BE11	5850	50.8333	4.33333	-1955538	20250613230000	https://www.aa.com.tr/en/europe/belgian-politicians-call-for-removal-of-israeli-flag-from-antwerp-city-hall/3597327
1249588334	20250613	202506	2025	2025.4466	BELPTY	BELGIAN	BEL								ISR	ISRAELI	ISR								1	020	020	02	1	3.0	6	1	6	-4.30107526881721	4	Brussels, Bruxelles-Capitale, Belgium	BE	BE11	5850	50.8333	4.33333	-1955538	4	Gaza, Israel (general), Israel	IS	IS00	18315	31.4167	34.3333	-797156	4	Brussels, Bruxelles-Capitale, Belgium	BE	BE11	5850	50.8333	4.33333	-1955538	20250613230000	https://www.aa.com.tr/en/europe/belgian-politicians-call-for-removal-of-israeli-flag-from-antwerp-city-hall/3597327
1249588335	20250613	202506	2025	2025.4466	BGD	BANGLADESH	BGD																		1	016	016	01	1	-2.0	2	1	2	-7.18390804597701	4	Dhaka, Dhaka, Bangladesh	BG	BG81	5778	23.7231	90.4086	-2737683	0								4	Dhaka, Dhaka, Bangladesh	BG	BG81	5778	23.7231	90.4086	-2737683	20250613230000	https://banglamirrornews.com/2025/06/13/yunus-declines-meeting-with-tulip-siddiq/
1249588336	20250613	202506	2025	2025.4466	BGD	BANGLADESH	BGD																		1	042	042	04	1	1.9	6	1	6	-0.70422535211268	1	Bangladesh	BG	BG		24	90	BG	0								1	India	IN	IN		20	77	IN	20250613230000	https://banglamirrornews.com/2025/06/13/screening-tightened-at-darshana-checkpost-to-prevent-spread-of-new-covid-variant/
1249588337	20250613	202506	2025	2025.4466	BGD	BANGLADESH	BGD																		0	173	173	17	4	-5.0	2	1	2	-7.18390804597701	4	Dhaka, Dhaka, Bangladesh	BG	BG81	5778	23.7231	90.4086	-2737683	0								4	London, London, City of, United Kingdom	UK	UKH9	40110	51.5	-0.116667	-2601889	20250613230000	https://banglamirrornews.com/2025/06/13/yunus-declines-meeting-with-tulip-siddiq/
1249588338	20250613	202506	2025	2025.4466	BGD	BANGLADESH	BGD								BGDGOV	BANGLADESH	BGD					GOV			1	040	040	04	1	1.0	3	1	3	-7.18390804597701	4	Dhaka, Dhaka, Bangladesh	BG	BG81	5778	23.7231	90.4086	-2737683	4	Dhaka, Dhaka, Bangladesh	BG	BG81	5778	23.7231	90.4086	-2737683	4	London, London, City of, United Kingdom	UK	UKH9	40110	51.5	-0.116667	-2601889	20250613230000	https://banglamirrornews.com/2025/06/13/yunus-declines-meeting-with-tulip-siddiq/
1249588339	20250613	202506	2025	2025.4466	BGD	BANGLADESH	BGD								BGDGOV	BANGLADESH	BGD					GOV			1	046	046	04	1	7.0	4	1	4	-7.18390804597701	4	Dhaka, Dhaka, Bangladesh	BG	BG81	5778	23.7231	90.4086	-2737683	4	Dhaka, Dhaka, Bangladesh	BG	BG81	5778	23.7231	90.4086	-2737683	4	London, London, City of, United Kingdom	UK	UKH9	40110	51.5	-0.116667	-2601889	20250613230000	https://banglamirrornews.com/2025/06/13/yunus-declines-meeting-with-tulip-siddiq/
1249588340	20250613	202506	2025	2025.4466	BGD	BANGLADESH	BGD								BGDGOV	BANGLADESH	BGD					GOV			1	046	046	04	1	7.0	1	1	1	-7.18390804597701	4	Dhaka, Dhaka, Bangladesh	BG	BG81	5778	23.7231	90.4086	-2737683	4	Dhaka, Dhaka, Bangladesh	BG	BG81	5778	23.7231	90.4086	-2737683	4	Dhaka, Dhaka, Bangladesh	BG	BG81	5778	23.7231	90.4086	-2737683	20250613230000	https://banglamirrornews.com/2025/06/13/yunus-declines-meeting-with-tulip-siddiq/
1249588341	20250613	202506	2025	2025.4466	BGD	BANGLADESH	BGD								EDU	STUDENT						EDU			0	036	036	03	1	4.0	2	1	2	-5.10855683269477	1	Bangladesh	BG	BG		24	90	BG	1	Bangladesh	BG	BG		24	90	BG	4	Kirkwall, Orkney Islands, United Kingdom	UK	UKV9	40174	58.9667	-2.95	-2600430	20250613230000	https://www.dailymail.co.uk/news/article-14811003/How-coldblooded-restaurant-murder-popular-waiter-left-peaceful-island-community-living-fear.html
1249588342	20250613	202506	2025	2025.4466	BGD	BANGLADESH	BGD								EDU	STUDENT						EDU			0	036	036	03	1	4.0	8	1	8	-5.10855683269477	1	Bangladesh	BG	BG		24	90	BG	1	Bangladesh	BG	BG		24	90	BG	1	Bangladesh	BG	BG		24	90	BG	20250613230000	https://www.dailymail.co.uk/news/article-14811003/How-coldblooded-restaurant-murder-popular-waiter-left-peaceful-island-community-living-fear.html
1249588343	20250613	202506	2025	2025.4466	BGD	BANGLADESH	BGD								EDU	PROFESSOR						EDU			1	042	042	04	1	1.9	2	1	2	-0.63492063492064	4	London, London, City of, United Kingdom	UK	UKH9	40110	51.5	-0.116667	-2601889	4	Dhaka, Dhaka, Bangladesh	BG	BG81	5778	23.7231	90.4086	-2737683	4	Dhaka, Dhaka, Bangladesh	BG	BG81	5778	23.7231	90.4086	-2737683	20250613230000	http://www.calcuttanews.net/news/278280089/bangladesh-yunus-hints-at-holding-elections-in-early-february
1249588344	20250613	202506	2025	2025.4466	BGD	BANGLADESH	BGD								GBR	UNITED KINGDOM	GBR								0	013	013	01	1	0.4	1	1	1	3.48837209302326	1	Bangladesh	BG	BG		24	90	BG	4	London, London, City of, United Kingdom	UK	UKH9	40110	51.5	-0.116667	-2601889	4	London, London, City of, United Kingdom	UK	UKH9	40110	51.5	-0.116667	-2601889	20250613230000	https://banglamirrornews.com/2025/06/13/uk-delegation-briefs-ca-on-survey-vessel-hms-enterprise/
1249588345	20250613	202506	2025	2025.4466	BGD	BANGLADESH	BGD								GBR	UNITED KINGDOM	GBR								0	013	013	01	1	0.4	2	1	2	3.48837209302326	1	Bangladesh	BG	BG		24	90	BG	4	London, London, City of, United Kingdom	UK	UKH9	40110	51.5	-0.116667	-2601889	1	Bangladesh	BG	BG		24	90	BG	20250613230000	https://banglamirrornews.com/2025/06/13/uk-delegation-briefs-ca-on-survey-vessel-hms-enterprise/
1249588346	20250613	202506	2025	2025.4466	BGD	BANGLADESH	BGD								GBR	UNITED KINGDOM	GBR								0	013	013	01	1	0.4	2	1	2	3.48837209302326	1	Bangladesh	BG	BG		24	90	BG	1	Bangladesh	BG	BG		24	90	BG	1	Bangladesh	BG	BG		24	90	BG	20250613230000	https://banglamirrornews.com/2025/06/13/uk-delegation-briefs-ca-on-survey-vessel-hms-enterprise/
1249588347	20250613	202506	2025	2025.4466	BGD	BANGLADESH	BGD								GBR	UNITED KINGDOM	GBR								1	026	026	02	1	4.0	2	1	2	-7.18390804597701	4	Dhaka, Dhaka, Bangladesh	BG	BG81	5778	23.7231	90.4086	-2737683	4	London, London, City of, United Kingdom	UK	UKH9	40110	51.5	-0.116667	-2601889	4	London, London, City of, United Kingdom	UK	UKH9	40110	51.5	-0.116667	-2601889	20250613230000	https://banglamirrornews.com/2025/06/13/yunus-declines-meeting-with-tulip-siddiq/
1249588348	20250613	202506	2025	2025.4466	BGD	BANGLADESH	BGD								GBR	UNITED KINGDOM	GBR								0	173	173	17	4	-5.0	2	1	2	-7.18390804597701	4	Dhaka, Dhaka, Bangladesh	BG	BG81	5778	23.7231	90.4086	-2737683	4	London, London, City of, United Kingdom	UK	UKH9	40110	51.5	-0.116667	-2601889	4	London, London, City of, United Kingdom	UK	UKH9	40110	51.5	-0.116667	-2601889	20250613230000	https://banglamirrornews.com/2025/06/13/yunus-declines-meeting-with-tulip-siddiq/
1249588349	20250613	202506	2025	2025.4466	BGD	BANGLADESH	BGD								GOVLAB	LABOUR MINIST						GOV	LAB		1	016	016	01	1	-2.0	2	1	2	-7.18390804597701	4	Dhaka, Dhaka, Bangladesh	BG	BG81	5778	23.7231	90.4086	-2737683	4	Dhaka, Dhaka, Bangladesh	BG	BG81	5778	23.7231	90.4086	-2737683	4	Dhaka, Dhaka, Bangladesh	BG	BG81	5778	23.7231	90.4086	-2737683	20250613230000	https://banglamirrornews.com/2025/06/13/yunus-declines-meeting-with-tulip-siddiq/
1249588350	20250613	202506	2025	2025.4466	BGDCVL	BANGLADESHI	BGD					CVL			BGD	BANGLADESH	BGD								1	192	192	19	4	-9.5	3	1	3	-3.57142857142857	4	Moulvibazar, Sylhet, Bangladesh	BG	BG86	5822	24.4833	91.7833	-2737854	4	Moulvibazar, Sylhet, Bangladesh	BG	BG86	5822	24.4833	91.7833	-2737854	4	Moulvibazar, Sylhet, Bangladesh	BG	BG86	5822	24.4833	91.7833	-2737854	20250613230000	https://banglamirrornews.com/2025/06/13/13-push-ins-detained-by-bgb-in-moulvibazar/
1249588351	20250613	202506	2025	2025.4466	BGDELI	KHALEDA ZIA	BGD					ELI			BGD	BANGLADESH	BGD								0	172	172	17	4	-5.0	2	1	2	-0.63492063492064	4	Dhaka, Dhaka, Bangladesh	BG	BG81	5778	23.7231	90.4086	-2737683	4	Dhaka, Dhaka, Bangladesh	BG	BG81	5778	23.7231	90.4086	-2737683	4	London, London, City of, United Kingdom	UK	UKH9	40110	51.5	-0.116667	-2601889	20250613230000	http://www.calcuttanews.net/news/278280089/bangladesh-yunus-hints-at-holding-elections-in-early-february
1249588352	20250613	202506	2025	2025.4466	BGDGOV	BANGLADESH	BGD					GOV			BGD	BANGLADESH	BGD								1	040	040	04	1	1.0	3	1	3	-7.18390804597701	4	Dhaka, Dhaka, Bangladesh	BG	BG81	5778	23.7231	90.4086	-2737683	4	Dhaka, Dhaka, Bangladesh	BG	BG81	5778	23.7231	90.4086	-2737683	4	London, London, City of, United Kingdom	UK	UKH9	40110	51.5	-0.116667	-2601889	20250613230000	https://banglamirrornews.com/2025/06/13/yunus-declines-meeting-with-tulip-siddiq/
1249588353	20250613	202506	2025	2025.4466	BGDGOV	BANGLADESH	BGD					GOV			BGD	BANGLADESH	BGD								1	046	046	04	1	7.0	4	1	4	-7.18390804597701	4	Dhaka, Dhaka, Bangladesh	BG	BG81	5778	23.7231	90.4086	-2737683	4	Dhaka, Dhaka, Bangladesh	BG	BG81	5778	23.7231	90.4086	-2737683	4	London, London, City of, United Kingdom	UK	UKH9	40110	51.5	-0.116667	-2601889	20250613230000	https://banglamirrornews.com/2025/06/13/yunus-declines-meeting-with-tulip-siddiq/
1249588354	20250613	202506	2025	2025.4466	BGDGOV	BANGLADESH	BGD					GOV			BGD	BANGLADESH	BGD								1	046	046	04	1	7.0	1	1	1	-7.18390804597701	4	Dhaka, Dhaka, Bangladesh	BG	BG81	5778	23.7231	90.4086	-2737683	4	Dhaka, Dhaka, Bangladesh	BG	BG81	5778	23.7231	90.4086	-2737683	4	Dhaka, Dhaka, Bangladesh	BG	BG81	5778	23.7231	90.4086	-2737683	20250613230000	https://banglamirrornews.com/2025/06/13/yunus-declines-meeting-with-tulip-siddiq/
1249588355	20250613	202506	2025	2025.4466	BGDGOV	BANGLADESH	BGD					GOV			BGD	BANGLADESH	BGD								1	120	120	12	3	-4.0	4	1	4	-7.18390804597701	4	Dhaka, Dhaka, Bangladesh	BG	BG81	5778	23.7231	90.4086	-2737683	4	Dhaka, Dhaka, Bangladesh	BG	BG81	5778	23.7231	90.4086	-2737683	4	London, London, City of, United Kingdom	UK	UKH9	40110	51.5	-0.116667	-2601889	20250613230000	https://banglamirrornews.com/2025/06/13/yunus-declines-meeting-with-tulip-siddiq/
1249588356	20250613	202506	2025	2025.4466	BGDGOV	BANGLADESH	BGD					GOV			BGD	BANGLADESH	BGD								1	120	120	12	3	-4.0	1	1	1	-7.18390804597701	4	Dhaka, Dhaka, Bangladesh	BG	BG81	5778	23.7231	90.4086	-2737683	4	Dhaka, Dhaka, Bangladesh	BG	BG81	5778	23.7231	90.4086	-2737683	4	Dhaka, Dhaka, Bangladesh	BG	BG81	5778	23.7231	90.4086	-2737683	20250613230000	https://banglamirrornews.com/2025/06/13/yunus-declines-meeting-with-tulip-siddiq/
1249588357	20250613	202506	2025	2025.4466	BRAGOV	BRAZIL	BRA					GOV			VNM	VIETNAMESE	VNM								1	051	051	05	1	3.4	8	1	8	1.83150183150183	1	Vietnam, Republic Of	VM	VM		16.166667	107.833333	VM	1	Vietnam, Republic Of	VM	VM		16.166667	107.833333	VM	1	Vietnam, Republic Of	VM	VM		16.166667	107.833333	VM	20250613230000	https://www.aa.com.tr/en/asia-pacific/vietnam-joins-brics-as-partner-country/3597614
1249588358	20250613	202506	2025	2025.4466	BRAGOV	BRAZIL	BRA					GOV			VNMGOV	VIETNAMESE	VNM					GOV			1	051	051	05	1	3.4	2	1	2	1.83150183150183	1	Vietnam, Republic Of	VM	VM		16.166667	107.833333	VM	1	Vietnam, Republic Of	VM	VM		16.166667	107.833333	VM	1	Vietnam, Republic Of	VM	VM		16.166667	107.833333	VM	20250613230000	https://www.aa.com.tr/en/asia-pacific/vietnam-joins-brics-as-partner-country/3597614
1249588359	20250613	202506	2025	2025.4466	BUS	AIRLINE						BUS													0	010	010	01	1	0.0	1	1	1	-4.39770554493308	1	Canada	CA	CA		60	-96	CA	0								4	Ahmedabad, Gujarat, India	IN	IN09	17644	23.0333	72.6167	-2088270	20250613230000	https://www.yahoo.com/news/why-did-air-india-plane-220342083.html
1249588360	20250613	202506	2025	2025.4466	BUS	AIRLINE						BUS													0	018	018	01	1	3.4	1	1	1	-4.39770554493308	1	Canada	CA	CA		60	-96	CA	0								1	Portugal	PO	PO		39.5	-8	PO	20250613230000	https://www.yahoo.com/news/why-did-air-india-plane-220342083.html
1249588361	20250613	202506	2025	2025.4466	BUS	TRADER						BUS													1	036	036	03	1	4.0	5	1	5	1.40845070422535	3	Rockville, Maryland, United States	US	USMD	MD031	39.084	-77.1528	586901	0								3	Rockville, Maryland, United States	US	USMD	MD031	39.084	-77.1528	586901	20250613230000	https://www.yahoo.com/news/trader-joe-holds-grand-opening-201410958.html
1249588362	20250613	202506	2025	2025.4466	BUS	CHAMBER OF COMMERCE						BUS													1	043	043	04	1	2.8	2	1	2	3.06122448979592	3	Portneuf River, Idaho, United States	US	USID	ID005	42.9516	-112.751	388793	0								3	Portneuf River, Idaho, United States	US	USID		42.9516	-112.751	388793	20250613230000	https://localnews8.com/news/2025/06/13/poky-paddle-event-returns-to-portneuf-river-friday/
1249588363	20250613	202506	2025	2025.4466	BUS	INDUSTRY						BUS													0	057	057	05	1	8.0	4	1	4	-1.72642762284197	1	Brazil	BR	BR		-10	-55	BR	0								1	Brazil	BR	BR		-10	-55	BR	20250613230000	https://quicknews-africa.net/tobacco-treaty-talks-close-with-progress-on-funding-increasing-transparency/
1249588364	20250613	202506	2025	2025.4466	BUS	INDUSTRY						BUS													0	057	057	05	1	8.0	6	1	6	-1.72642762284197	1	United States	US	US		39.828175	-98.5795	US	0								1	Brazil	BR	BR		-10	-55	BR	20250613230000	https://quicknews-africa.net/tobacco-treaty-talks-close-with-progress-on-funding-increasing-transparency/
1249588365	20250613	202506	2025	2025.4466	BUS	AIRLINE						BUS													1	080	080	08	2	5.0	10	1	10	-4.09356725146199	4	Beijing, Beijing, China	CH	CH22	13001	39.9289	116.388	-1898541	0								4	Beijing, Beijing, China	CH	CH22	13001	39.9289	116.388	-1898541	20250613230000	https://www.scmp.com/news/world/united-states-canada/article/3314417/boeing-delivers-1st-plane-china-trump-tariff-war-reprieve
1249588366	20250613	202506	2025	2025.4466	BUS	INDUSTRY						BUS													0	084	084	08	2	7.0	10	1	10	2.3076923076923	3	Washington, District of Columbia, United States	US	USDC	DC001	38.8951	-77.0364	531871	0								3	Washington, District of Columbia, United States	US	USDC	DC001	38.8951	-77.0364	531871	20250613230000	https://capitalpress.com/2025/06/13/specialty-crop-group-praises-senate-committee-budget-action/
1249588367	20250613	202506	2025	2025.4466	BUS	INDUSTRY						BUS													0	190	190	19	4	-10.0	6	1	6	-5.55555555555556	3	Brooklyn, Florida, United States	US	USFL	FL031	30.3236	-81.6745	279437	0								3	Brooklyn, Florida, United States	US	USFL	FL031	30.3236	-81.6745	279437	20250613230000	https://www.vladtv.com/article/311464/bobby-shmurda-on-getting-arrested-with-15-gs9-members-accused-of-being-g
1249588368	20250613	202506	2025	2025.4466	BUS	INDUSTRY						BUS													0	190	190	19	4	-10.0	4	1	4	-5.55555555555556	3	Miami, Florida, United States	US	USFL	FL086	25.7743	-80.1937	295004	0								3	Brooklyn, Florida, United States	US	USFL	FL031	30.3236	-81.6745	279437	20250613230000	https://www.vladtv.com/article/311464/bobby-shmurda-on-getting-arrested-with-15-gs9-members-accused-of-being-g
1249588369	20250613	202506	2025	2025.4466	BUS	BUSINESS						BUS													0	193	193	19	4	-10.0	3	1	3	-4.63709677419354	3	Detroit, Michigan, United States	US	USMI	MI163	42.3314	-83.0458	1617959	0								3	Detroit, Michigan, United States	US	USMI	MI163	42.3314	-83.0458	1617959	20250613230000	https://www.wxyz.com/news/region/detroit/grazed-his-hair-repo-man-nearly-shot-as-companies-say-violence-is-a-growing-problem
1249588370	20250613	202506	2025	2025.4466	BUS	BUSINESS						BUS			AUS	MURRAY	AUS								0	173	173	17	4	-5.0	6	1	6	-2.35294117647059	2	Kentucky, United States	US	USKY		37.669	-84.6514	KY	2	Kentucky, United States	US	USKY		37.669	-84.6514	KY	2	Kentucky, United States	US	USKY		37.669	-84.6514	KY	20250613230000	https://960weli.iheart.com/featured/coast-to-coast-am/content/2025-06-13-this-weeks-weird-news-61325/
1249588371	20250613	202506	2025	2025.4466	BUS	BUSINESS						BUS			COP	DETECTIVE						COP			1	070	070	07	2	7.0	10	1	10	-6.41025641025641	0								0								0								20250613230000	https://wcti12.com/news/local/suspect-arrested-for-vehicle-break-ins-stolen-goods-recovered-on-norwood-st
1249588372	20250613	202506	2025	2025.4466	BUS	WAITER						BUS			GBR	UNITED KINGDOM	GBR								1	190	190	19	4	-10.0	2	1	2	-5.10855683269477	4	Kirkwall, Orkney Islands, United Kingdom	UK	UKV9	40174	58.9667	-2.95	-2600430	4	Kirkwall, Orkney Islands, United Kingdom	UK	UKV9	40174	58.9667	-2.95	-2600430	4	Kirkwall, Orkney Islands, United Kingdom	UK	UKV9	40174	58.9667	-2.95	-2600430	20250613230000	https://www.dailymail.co.uk/news/article-14811003/How-coldblooded-restaurant-murder-popular-waiter-left-peaceful-island-community-living-fear.html
1249588373	20250613	202506	2025	2025.4466	BUS	EXPORTER						BUS			GOV	GOVERNMENT OFFICIAL						GOV			1	045	045	04	1	5.0	10	1	10	0.21786492374727	4	Luganville, Sanma, Vanuatu	NH	NH13	31852	-15.5333	167.167	-2137959	4	Luganville, Sanma, Vanuatu	NH	NH13	31852	-15.5333	167.167	-2137959	4	Luganville, Sanma, Vanuatu	NH	NH13	31852	-15.5333	167.167	-2137959	20250613230000	https://www.dailypost.vu/news/santo-kava-stakeholders-want-balanced-export-policy/article_b47241aa-1dd1-5c9c-9435-04a36bf3c473.html
1249588374	20250613	202506	2025	2025.4466	BUS	INDUSTRY						BUS			GOV	PRESIDENT						GOV			1	190	190	19	4	-10.0	6	1	6	-0.87976539589443	3	Washington, District of Columbia, United States	US	USDC	DC001	38.8951	-77.0364	531871	3	Washington, District of Columbia, United States	US	USDC	DC001	38.8951	-77.0364	531871	3	Washington, District of Columbia, United States	US	USDC	DC001	38.8951	-77.0364	531871	20250613230000	https://www.yahoo.com/news/puzzled-trump-says-no-idea-211311638.html
1249588375	20250613	202506	2025	2025.4466	BUS	INDUSTRY						BUS			GOV	PRESIDENT						GOV			1	190	190	19	4	-10.0	4	1	4	-0.87976539589443	2	California, United States	US	USCA		36.17	-119.746	CA	2	California, United States	US	USCA		36.17	-119.746	CA	2	California, United States	US	USCA		36.17	-119.746	CA	20250613230000	https://www.yahoo.com/news/puzzled-trump-says-no-idea-211311638.html
1249588376	20250613	202506	2025	2025.4466	BUS	INDUSTRY						BUS			IGO	INTERNATIONAL MARITIME ORGANIZATION						IGO			0	040	040	04	1	1.0	10	1	10	0.55401662049861	4	Manila, Manila, Philippines	RP	RPD9	24210	14.6042	120.982	-2437894	4	Manila, Manila, Philippines	RP	RPD9	24210	14.6042	120.982	-2437894	4	Manila, Manila, Philippines	RP	RPD9	24210	14.6042	120.982	-2437894	20250613230000	https://www.hellenicshippingnews.com/governments-and-industry-reaffirm-commitment-to-trade-and-global-stability-at-high-profile-athens-summit/
1249588377	20250613	202506	2025	2025.4466	BUS	AEROSPACE						BUS			MED	TELEVISION						MED			1	036	036	03	1	4.0	5	1	5	3.95256916996047	4	New Delhi, Delhi, India	IN	IN07	17911	28.6	77.2	-2106102	4	New Delhi, Delhi, India	IN	IN07	17911	28.6	77.2	-2106102	4	New Delhi, Delhi, India	IN	IN07	17911	28.6	77.2	-2106102	20250613230000	https://www.alberta.ca/release.cfm?xID=934692E2DF747-056C-0065-440B822BEF4FB8FB
1249588378	20250613	202506	2025	2025.4466	BUS	BUSINESS						BUS			USA	UNITED STATES	USA								0	040	040	04	1	1.0	2	1	2	1.83792815371762	3	Manhattan, New York, United States	US	USNY	NY061	40.7834	-73.9662	971945	3	Manhattan, New York, United States	US	USNY	NY061	40.7834	-73.9662	971945	3	Manhattan, New York, United States	US	USNY	NY061	40.7834	-73.9662	971945	20250613230000	https://www.marieclaire.com/fashion/wray-store-closing-size-inclusive-fashion/
1249588379	20250613	202506	2025	2025.4466	BUS	CHAMBER OF COMMERCE						BUS			USA	UNITED STATES	USA								1	042	042	04	1	1.9	6	1	6	3.06122448979592	3	Pocatello, Idaho, United States	US	USID	ID005	42.8713	-112.446	397053	3	Pocatello, Idaho, United States	US	USID	ID005	42.8713	-112.446	397053	3	Pocatello, Idaho, United States	US	USID	ID005	42.8713	-112.446	397053	20250613230000	https://localnews8.com/news/2025/06/13/poky-paddle-event-returns-to-portneuf-river-friday/
1249588380	20250613	202506	2025	2025.4466	BUS	CHAMBER OF COMMERCE						BUS			USA	IDAHO	USA								1	042	042	04	1	1.9	2	1	2	3.06122448979592	3	Pocatello, Idaho, United States	US	USID	ID005	42.8713	-112.446	397053	2	Idaho, United States	US	USID		44.2394	-114.51	ID	3	Pocatello, Idaho, United States	US	USID	ID005	42.8713	-112.446	397053	20250613230000	https://localnews8.com/news/2025/06/13/poky-paddle-event-returns-to-portneuf-river-friday/
1249588381	20250613	202506	2025	2025.4466	BUS	BUSINESS						BUS			USA	NEW YORK	USA								0	111	111	11	3	-2.0	1	1	1	-3.84024577572964	2	New York, United States	US	USNY		42.1497	-74.9384	NY	2	New York, United States	US	USNY		42.1497	-74.9384	NY	3	Manhattan, New York, United States	US	USNY	NY061	40.7834	-73.9662	971945	20250613230000	https://www.yahoo.com/news/judge-blocks-adams-admin-bringing-220600320.html
1249588382	20250613	202506	2025	2025.4466	BUS	COMPANIES						BUS			USA	DETROIT	USA								1	193	193	19	4	-10.0	2	1	2	-4.63709677419354	3	Detroit, Michigan, United States	US	USMI	MI163	42.3314	-83.0458	1617959	3	Detroit, Michigan, United States	US	USMI	MI163	42.3314	-83.0458	1617959	3	Detroit, Michigan, United States	US	USMI	MI163	42.3314	-83.0458	1617959	20250613230000	https://www.wxyz.com/news/region/detroit/grazed-his-hair-repo-man-nearly-shot-as-companies-say-violence-is-a-growing-problem
1249588383	20250613	202506	2025	2025.4466	CAN	CANADA	CAN																		1	043	043	04	1	2.8	4	1	4	-1.02214650766609	4	Chapais, Quebec, Canada	CA	CA10	12776	49.7833	-74.8667	-562404	0								4	Chapais, Quebec, Canada	CA	CA10	12776	49.7833	-74.8667	-562404	20250613230000	https://www.cbc.ca/news/canada/montreal/quebec-city-third-link-chapais-farm-land-indignous-communities-1.7560698
1249588384	20250613	202506	2025	2025.4466	CAN	ALBERTA	CAN																		1	061	061	06	2	6.4	10	1	10	3.95256916996047	4	New Delhi, Delhi, India	IN	IN07	17911	28.6	77.2	-2106102	0								4	New Delhi, Delhi, India	IN	IN07	17911	28.6	77.2	-2106102	20250613230000	https://www.alberta.ca/release.cfm?xID=934692E2DF747-056C-0065-440B822BEF4FB8FB
1249588385	20250613	202506	2025	2025.4466	CAN	ALBERTA	CAN																		1	190	190	19	4	-10.0	10	1	10	0	1	Australia	AS	AS		-25	135	AS	0								1	Australia	AS	AS		-25	135	AS	20250613230000	https://www.alberta.ca/release.cfm?xID=934702FD56DEB-ACA2-4841-AE362731B2668E75
1249588386	20250613	202506	2025	2025.4466	CAN	CANADA	CAN								CVL	COMMUNITY						CVL			0	010	010	01	1	0.0	2	1	2	1.16550116550116	4	Squamish, British Columbia, Canada	CA	CA02	12563	49.7	-123.15	-574069	4	Squamish, British Columbia, Canada	CA	CA02	12563	49.7	-123.15	-574069	4	Squamish, British Columbia, Canada	CA	CA02	12563	49.7	-123.15	-574069	20250613230000	https://vancouversun.com:443/news/squamish-reports-progress-in-fire-fight-as-northeast-b-c-hopes-for-rain
1249588387	20250613	202506	2025	2025.4466	CAN	CANADA	CAN								NZL	NEW ZEALAND	NZL								1	042	042	04	1	1.9	4	1	4	3.13253012048193	4	Prince William, New Brunswick, Canada	CA	CA04	12607	45.9167	-67.0333	-572460	4	Prince William, New Brunswick, Canada	CA	CA04	12607	45.9167	-67.0333	-572460	4	Prince William, New Brunswick, Canada	CA	CA04	12607	45.9167	-67.0333	-572460	20250613230000	https://www.marieclaire.com/celebrity/royals/kate-middleton-apologizing-to-prince-william-2014-clip-viral-tiktok/
1249588388	20250613	202506	2025	2025.4466	CAN	CANADA	CAN								idg	INDIGENOUS			idg						1	050	050	05	1	3.5	1	1	1	-1.02214650766609	1	France	FR	FR		46	2	FR	1	France	FR	FR		46	2	FR	1	France	FR	FR		46	2	FR	20250613230000	https://www.cbc.ca/news/canada/montreal/quebec-city-third-link-chapais-farm-land-indignous-communities-1.7560698
1249588389	20250613	202506	2025	2025.4466	CANEDU	MCGILL	CAN					EDU													1	0231	023	02	1	3.4	5	1	5	-1.24740124740125	0								0								0								20250613230000	https://www.lifenews.com/2025/06/13/planned-parenthood-under-federal-investigation/
1249588390	20250613	202506	2025	2025.4466	CANEDU	MCGILL	CAN					EDU			GOV	PRESIDENT						GOV			1	040	040	04	1	1.0	5	1	5	-1.24740124740125	0								0								0								20250613230000	https://www.lifenews.com/2025/06/13/planned-parenthood-under-federal-investigation/
1249588391	20250613	202506	2025	2025.4466	CANGOVBUS	MARK CARNEY	CAN					GOV	BUS		MIL	MILITARY						MIL			0	033	033	03	1	5.2	6	1	6	0.61199510403917	4	Donbas, Ukraine (general), Ukraine	UP	UP00	25090	48.5	38.5	-1038077	4	Donbas, Ukraine (general), Ukraine	UP	UP00	25090	48.5	38.5	-1038077	4	Donbas, Ukraine (general), Ukraine	UP	UP00	25090	48.5	38.5	-1038077	20250613230000	https://www.cbc.ca/news/politics/canada-signing-onto-european-rearment-deal-eu-canada-summit-1.7560891
1249588392	20250613	202506	2025	2025.4466	CANGOVBUS	MARK CARNEY	CAN					GOV	BUS		MIL	MILITARY						MIL			0	033	033	03	1	5.2	2	1	2	0.61199510403917	4	Donbas, Ukraine (general), Ukraine	UP	UP00	25090	48.5	38.5	-1038077	4	Donbas, Ukraine (general), Ukraine	UP	UP00	25090	48.5	38.5	-1038077	4	Rome, Lazio, Italy	IT	IT07	18350	41.9	12.4833	-126693	20250613230000	https://www.cbc.ca/news/politics/canada-signing-onto-european-rearment-deal-eu-canada-summit-1.7560891
1249588393	20250613	202506	2025	2025.4466	CANGOVBUS	MARK CARNEY	CAN					GOV	BUS		MIL	MILITARY						MIL			0	033	033	03	1	5.2	2	1	2	0.61199510403917	1	Canada	CA	CA		60	-96	CA	4	Rome, Lazio, Italy	IT	IT07	18350	41.9	12.4833	-126693	4	Donbas, Ukraine (general), Ukraine	UP	UP00	25090	48.5	38.5	-1038077	20250613230000	https://www.cbc.ca/news/politics/canada-signing-onto-european-rearment-deal-eu-canada-summit-1.7560891
1249588394	20250613	202506	2025	2025.4466	CANGOVBUS	MARK CARNEY	CAN					GOV	BUS		UKR	UKRAINIAN	UKR								0	040	040	04	1	1.0	2	1	2	0.61199510403917	4	Donbas, Ukraine (general), Ukraine	UP	UP00	25090	48.5	38.5	-1038077	4	Donbas, Ukraine (general), Ukraine	UP	UP00	25090	48.5	38.5	-1038077	4	Donbas, Ukraine (general), Ukraine	UP	UP00	25090	48.5	38.5	-1038077	20250613230000	https://www.cbc.ca/news/politics/canada-signing-onto-european-rearment-deal-eu-canada-summit-1.7560891
1249588395	20250613	202506	2025	2025.4466	CANGOVBUS	MARK CARNEY	CAN					GOV	BUS		UKR	UKRAINIAN	UKR								0	040	040	04	1	1.0	2	1	2	0.61199510403917	1	Canada	CA	CA		60	-96	CA	4	Rome, Lazio, Italy	IT	IT07	18350	41.9	12.4833	-126693	1	Canada	CA	CA		60	-96	CA	20250613230000	https://www.cbc.ca/news/politics/canada-signing-onto-european-rearment-deal-eu-canada-summit-1.7560891
1249588396	20250613	202506	2025	2025.4466	CANGOVBUS	MARK CARNEY	CAN					GOV	BUS		UKRGOV	UKRAINIAN	UKR					GOV			0	040	040	04	1	1.0	6	1	6	0.61199510403917	4	Donbas, Ukraine (general), Ukraine	UP	UP00	25090	48.5	38.5	-1038077	4	Donbas, Ukraine (general), Ukraine	UP	UP00	25090	48.5	38.5	-1038077	4	Donbas, Ukraine (general), Ukraine	UP	UP00	25090	48.5	38.5	-1038077	20250613230000	https://www.cbc.ca/news/politics/canada-signing-onto-european-rearment-deal-eu-canada-summit-1.7560891
1249588397	20250613	202506	2025	2025.4466	CHE	BERN	CHE																		1	051	051	05	1	3.4	8	1	8	5.15463917525773	3	Washington, District of Columbia, United States	US	USDC	DC001	38.8951	-77.0364	531871	0								3	Washington, District of Columbia, United States	US	USDC	DC001	38.8951	-77.0364	531871	20250613230000	https://wcti12.com/news/local/juneteenth-parade-in-new-bern-to-celebrate-cultural-pride
1249588398	20250613	202506	2025	2025.4466	CHN	CHINA	CHN																		0	012	012	01	1	-0.4	1	1	1	-7.86516853932584	4	Ministry Of Foreign Affairs, Masqat, Oman	MU	MU06	23611	23.6165	58.4691	11318952	0								4	Ministry Of Foreign Affairs, Masqat, Oman	MU	MU06	23611	23.6165	58.4691	11318952	20250613230000	https://dunyanews.tv/en/World/889241-how-the-world-is-reacting-to-israel-attacks-on-iran-nuclear-military-
1249588399	20250613	202506	2025	2025.4466	CHN	CHINESE	CHN																		1	090	090	09	2	-2.0	8	1	8	-3.73134328358209	4	Yobe, Xizang, China	CH	CH14	13298	28.405	92.105	11325115	0								4	Yobe, Xizang, China	CH	CH14	13298	28.405	92.105	11325115	20250613230000	https://www.nationalaccordnewspaper.com/how-troops-arrested-chinese-national-during-counter-terrorism-operations-in-borno-dhq/
1249588400	20250613	202506	2025	2025.4466	CHN	BEIJING	CHN								ISR	ISRAELI	ISR								0	012	012	01	1	-0.4	2	1	2	-7.86516853932584	4	Tehran, Tehran, Iran	IR	IR26	41130	35.75	51.5148	10074674	1	Israel	IS	IS		31.5	34.75	IS	4	Ministry Of Foreign Affairs, Masqat, Oman	MU	MU06	23611	23.6165	58.4691	11318952	20250613230000	https://dunyanews.tv/en/World/889241-how-the-world-is-reacting-to-israel-attacks-on-iran-nuclear-military-
1249588401	20250613	202506	2025	2025.4466	CHN	BEIJING	CHN								ISR	ISRAEL	ISR								0	111	111	11	3	-2.0	2	1	2	-7.86516853932584	4	Beijing, Beijing, China	CH	CH22	13001	39.9289	116.388	-1898541	1	Israel	IS	IS		31.5	34.75	IS	4	Ministry Of Foreign Affairs, Masqat, Oman	MU	MU06	23611	23.6165	58.4691	11318952	20250613230000	https://dunyanews.tv/en/World/889241-how-the-world-is-reacting-to-israel-attacks-on-iran-nuclear-military-
1249588402	20250613	202506	2025	2025.4466	CHN	BEIJING	CHN								ISR	ISRAEL	ISR								0	111	111	11	3	-2.0	2	1	2	-7.86516853932584	4	Tehran, Tehran, Iran	IR	IR26	41130	35.75	51.5148	10074674	1	Israel	IS	IS		31.5	34.75	IS	1	Israel	IS	IS		31.5	34.75	IS	20250613230000	https://dunyanews.tv/en/World/889241-how-the-world-is-reacting-to-israel-attacks-on-iran-nuclear-military-
1249588403	20250613	202506	2025	2025.4466	CHN	CHINA	CHN								PAK	PAKISTAN	PAK								0	051	051	05	1	3.4	4	1	4	-2.56410256410256	4	Islamabad, Islamabad, Pakistan	PK	PK08	23674	33.7	73.1667	-2762812	4	Islamabad, Islamabad, Pakistan	PK	PK08	23674	33.7	73.1667	-2762812	4	Islamabad, Islamabad, Pakistan	PK	PK08	23674	33.7	73.1667	-2762812	20250613230000	https://dunyanews.tv/en/Pakistan/889247-pakistan-warns-unsc-of-grave-threat-to-world-peace-posed-by-israeli-at
1249588404	20250613	202506	2025	2025.4466	CHN	CHINA	CHN								PAK	PAKISTAN	PAK								0	051	051	05	1	3.4	6	1	6	-2.56410256410256	1	China	CH	CH		35	105	CH	4	Islamabad, Islamabad, Pakistan	PK	PK08	23674	33.7	73.1667	-2762812	4	Islamabad, Islamabad, Pakistan	PK	PK08	23674	33.7	73.1667	-2762812	20250613230000	https://dunyanews.tv/en/Pakistan/889247-pakistan-warns-unsc-of-grave-threat-to-world-peace-posed-by-israeli-at
1249588405	20250613	202506	2025	2025.4466	CHN	CHINA	CHN								RUS	RUSSIA	RUS								0	051	051	05	1	3.4	2	1	2	-2.56410256410256	4	Islamabad, Islamabad, Pakistan	PK	PK08	23674	33.7	73.1667	-2762812	4	Islamabad, Islamabad, Pakistan	PK	PK08	23674	33.7	73.1667	-2762812	4	Islamabad, Islamabad, Pakistan	PK	PK08	23674	33.7	73.1667	-2762812	20250613230000	https://dunyanews.tv/en/Pakistan/889247-pakistan-warns-unsc-of-grave-threat-to-world-peace-posed-by-israeli-at
1249588406	20250613	202506	2025	2025.4466	CHN	CHINA	CHN								RUS	RUSSIA	RUS								0	051	051	05	1	3.4	2	1	2	-2.56410256410256	4	Islamabad, Islamabad, Pakistan	PK	PK08	23674	33.7	73.1667	-2762812	1	China	CH	CH		35	105	CH	4	Islamabad, Islamabad, Pakistan	PK	PK08	23674	33.7	73.1667	-2762812	20250613230000	https://dunyanews.tv/en/Pakistan/889247-pakistan-warns-unsc-of-grave-threat-to-world-peace-posed-by-israeli-at
1249588407	20250613	202506	2025	2025.4466	CHN	CHINA	CHN								RUS	RUSSIA	RUS								0	051	051	05	1	3.4	6	1	6	-2.56410256410256	1	China	CH	CH		35	105	CH	1	Russia	RS	RS		60	100	RS	4	Islamabad, Islamabad, Pakistan	PK	PK08	23674	33.7	73.1667	-2762812	20250613230000	https://dunyanews.tv/en/Pakistan/889247-pakistan-warns-unsc-of-grave-threat-to-world-peace-posed-by-israeli-at
1249588408	20250613	202506	2025	2025.4466	CHN	CHINA	CHN								USA	UNITED STATES	USA								1	042	042	04	1	1.9	2	1	2	-7.15705765407555	4	Beijing, Beijing, China	CH	CH22	13001	39.9289	116.388	-1898541	2	Arizona, United States	US	USAZ		33.7712	-111.388	AZ	4	Beijing, Beijing, China	CH	CH22	13001	39.9289	116.388	-1898541	20250613230000	https://www.foxnews.com/politics/israels-drone-strikes-iran-show-why-us-must-halt-chinas-land-grab-here-experts
1249588409	20250613	202506	2025	2025.4466	CHN	CHINA	CHN								USA	UNITED STATES	USA								1	042	042	04	1	1.9	3	1	3	-7.15705765407555	2	Arizona, United States	US	USAZ		33.7712	-111.388	AZ	2	Arizona, United States	US	USAZ		33.7712	-111.388	AZ	2	Arizona, United States	US	USAZ		33.7712	-111.388	AZ	20250613230000	https://www.foxnews.com/politics/israels-drone-strikes-iran-show-why-us-must-halt-chinas-land-grab-here-experts
1249588410	20250613	202506	2025	2025.4466	CHN	BEIJING	CHN								USA	THE US	USA								1	111	111	11	3	-2.0	8	1	8	-7.01754385964912	4	Beijing, Beijing, China	CH	CH22	13001	39.9289	116.388	-1898541	4	Beijing, Beijing, China	CH	CH22	13001	39.9289	116.388	-1898541	4	Beijing, Beijing, China	CH	CH22	13001	39.9289	116.388	-1898541	20250613230000	https://www.scmp.com/news/china/diplomacy/article/3314400/will-trumps-student-visa-crackdown-backfire-and-bleed-us-innovation
1249588411	20250613	202506	2025	2025.4466	CHNGOV	CHINA	CHN					GOV			USA	UNITED STATES	USA								0	042	042	04	1	1.9	1	1	1	-7.15705765407555	4	Beijing, Beijing, China	CH	CH22	13001	39.9289	116.388	-1898541	2	Arizona, United States	US	USAZ		33.7712	-111.388	AZ	4	Beijing, Beijing, China	CH	CH22	13001	39.9289	116.388	-1898541	20250613230000	https://www.foxnews.com/politics/israels-drone-strikes-iran-show-why-us-must-halt-chinas-land-grab-here-experts
1249588412	20250613	202506	2025	2025.4466	CHNGOV	CHINA	CHN					GOV			USA	UNITED STATES	USA								0	042	042	04	1	1.9	1	1	1	-7.15705765407555	4	Beijing, Beijing, China	CH	CH22	13001	39.9289	116.388	-1898541	2	Arizona, United States	US	USAZ		33.7712	-111.388	AZ	2	Arizona, United States	US	USAZ		33.7712	-111.388	AZ	20250613230000	https://www.foxnews.com/politics/israels-drone-strikes-iran-show-why-us-must-halt-chinas-land-grab-here-experts
1249588413	20250613	202506	2025	2025.4466	CHNJUD	CHINA	CHN					JUD			MED	TELEVISION						MED			1	042	042	04	1	1.9	2	1	2	-5.22565320665083	1	China	CH	CH		35	105	CH	1	China	CH	CH		35	105	CH	1	China	CH	CH		35	105	CH	20250613230000	https://gazette.com/colorado_politics/mike-lindell-trial-defamation-jury/article_2e930563-43cd-5cb3-a695-6012392383a6.html
1249588414	20250613	202506	2025	2025.4466	CHNJUD	CHINA	CHN					JUD			MED	TELEVISION						MED			1	042	042	04	1	1.9	2	1	2	-5.22565320665083	1	China	CH	CH		35	105	CH	2	Colorado, United States	US	USCO		39.0646	-105.327	CO	1	China	CH	CH		35	105	CH	20250613230000	https://gazette.com/colorado_politics/mike-lindell-trial-defamation-jury/article_2e930563-43cd-5cb3-a695-6012392383a6.html
1249588415	20250613	202506	2025	2025.4466	CHNMIL	CHINA	CHN					MIL													0	190	190	19	4	-10.0	2	1	2	-7.15705765407555	4	Beijing, Beijing, China	CH	CH22	13001	39.9289	116.388	-1898541	0								4	Beijing, Beijing, China	CH	CH22	13001	39.9289	116.388	-1898541	20250613230000	https://www.foxnews.com/politics/israels-drone-strikes-iran-show-why-us-must-halt-chinas-land-grab-here-experts
1249588416	20250613	202506	2025	2025.4466	CHRCTH	CATHOLIC				CHR	CTH														0	050	050	05	1	3.5	5	1	5	-4.24481737413622	3	Chicago, Illinois, United States	US	USIL	IL031	41.85	-87.6501	423587	0								3	Chicago, Illinois, United States	US	USIL	IL031	41.85	-87.6501	423587	20250613230000	https://www.catholicworldreport.com/2025/06/13/pro-life-sentiments-are-on-the-rise-according-to-gallup-poll/
1249588417	20250613	202506	2025	2025.4466	CHRCTH	CATHOLIC				CHR	CTH														0	050	050	05	1	3.5	5	1	5	-0.10752688172043	2	California, United States	US	USCA		36.17	-119.746	CA	0								2	California, United States	US	USCA		36.17	-119.746	CA	20250613230000	https://www.catholicworldreport.com/2025/06/13/ex-lgbtq-leaders-at-california-rally-oppose-conversion-therapy-counseling-restrictions/
1249588418	20250613	202506	2025	2025.4466	CIV	ABIDJAN	CIV								BUS	BUSINESS						BUS			1	051	051	05	1	3.4	8	1	8	3.77358490566038	4	Abidjan, Lagunes, Cote D'ivoire	IV	IV82	16863	5.34111	-4.02806	-2115275	4	Abidjan, Lagunes, Cote D'ivoire	IV	IV82	16863	5.34111	-4.02806	-2115275	4	Abidjan, Lagunes, Cote D'ivoire	IV	IV82	16863	5.34111	-4.02806	-2115275	20250613230000	https://wjla.com/good-morning-washington/spotlight-on-cote-divoire-cashews-commerce-and-the-rise-of-abidjan-vacation-tourism-beaches-world-travel-business-visitors-financial
1249588419	20250613	202506	2025	2025.4466	COD	DEMOCRATIC REPUBLIC OF THE CONGO	COD								CVL	VILLAGE						CVL			1	042	042	04	1	1.9	4	1	4	-5.85365853658537	4	Bikoro, Éuateur, Democratic Republic Of The Congo	CG	CG02	18585	-0.732804	18.1341	-2039778	4	Bikoro, Éuateur, Democratic Republic Of The Congo	CG	CG02	18585	-0.732804	18.1341	-2039778	4	Bikoro, Éuateur, Democratic Republic Of The Congo	CG	CG02	18585	-0.732804	18.1341	-2039778	20250613230000	https://www.aa.com.tr/en/africa/death-toll-from-capsizing-of-2-passenger-boats-in-dr-congo-reaches-52-with-dozens-still-missing/3597469
1249588420	20250613	202506	2025	2025.4466	COL	COLOMBIA	COL								USA	UNITED STATES	USA								1	043	043	04	1	2.8	2	1	2	2.7431421446384	4	Paris, France (general), France	FR	FR00	16282	48.8667	2.33333	-1456928	2	Texas, United States	US	USTX		31.106	-97.6475	TX	2	Texas, United States	US	USTX		31.106	-97.6475	TX	20250613230000	https://www.publishersweekly.com:443/pw/by-topic/industry-news/tip-sheet/article/98008-celebrating-the-later-work-of-edmund-white.html
1249588421	20250613	202506	2025	2025.4466	COL	COLOMBIAN	COL								USA	UNITED STATES	USA								1	043	043	04	1	2.8	2	1	2	2.7431421446384	1	Colombia	CO	CO		4	-72	CO	2	New York, United States	US	USNY		42.1497	-74.9384	NY	2	New York, United States	US	USNY		42.1497	-74.9384	NY	20250613230000	https://www.publishersweekly.com:443/pw/by-topic/industry-news/tip-sheet/article/98008-celebrating-the-later-work-of-edmund-white.html
1249588422	20250613	202506	2025	2025.4466	COL	COLOMBIAN	COL								USA	UNITED STATES	USA								1	043	043	04	1	2.8	2	1	2	2.7431421446384	1	Colombia	CO	CO		4	-72	CO	2	New York, United States	US	USNY		42.1497	-74.9384	NY	2	Texas, United States	US	USTX		31.106	-97.6475	TX	20250613230000	https://www.publishersweekly.com:443/pw/by-topic/industry-news/tip-sheet/article/98008-celebrating-the-later-work-of-edmund-white.html
1249588423	20250613	202506	2025	2025.4466	COL	COLOMBIAN	COL								USA	TEXAS	USA								1	043	043	04	1	2.8	4	1	4	2.7431421446384	1	Colombia	CO	CO		4	-72	CO	2	Texas, United States	US	USTX		31.106	-97.6475	TX	2	Texas, United States	US	USTX		31.106	-97.6475	TX	20250613230000	https://www.publishersweekly.com:443/pw/by-topic/industry-news/tip-sheet/article/98008-celebrating-the-later-work-of-edmund-white.html
1249588424	20250613	202506	2025	2025.4466	COP	POLICE						COP													1	010	010	01	1	0.0	10	1	10	-6.75675675675676	3	East Lansing, Michigan, United States	US	USMI	MI065	42.737	-84.4839	625219	0								3	East Lansing, Michigan, United States	US	USMI		42.737	-84.4839	625219	20250613230000	https://www.yahoo.com/news/east-lansing-man-arrested-april-202304787.html
1249588425	20250613	202506	2025	2025.4466	COP	DEPUTY						COP													1	043	043	04	1	2.8	6	1	6	1.49253731343283	3	Liberty County, Florida, United States	US	USFL	FL077	30.2508	-84.8755	308549	0								3	Liberty County, Florida, United States	US	USFL		30.2508	-84.8755	308549	20250613230000	https://www.yahoo.com/news/liberty-county-sheriff-office-host-200452366.html
1249588426	20250613	202506	2025	2025.4466	COP	POLICE						COP													0	051	051	05	1	3.4	10	1	10	-3.11418685121108	2	Iowa, United States	US	USIA		42.0046	-93.214	IA	0								2	Iowa, United States	US	USIA		42.0046	-93.214	IA	20250613230000	https://www.kwqc.com:443/2025/06/13/raid-bettendorf-spa-spotlights-human-trafficking/
1249588427	20250613	202506	2025	2025.4466	COP	DEPUTY						COP													1	090	090	09	2	-2.0	6	1	6	-1.45631067961165	4	Milan, Lombardia, Italy	IT	IT09	18363	45.4667	9.2	-121726	0								4	Milan, Lombardia, Italy	IT	IT09	18363	45.4667	9.2	-121726	20250613230000	https://www.kwqc.com:443/2025/06/13/deputy-superintendent-returns-work-after-leave-during-investigation/
1249588428	20250613	202506	2025	2025.4466	COP	POLICEMAN						COP													0	090	090	09	2	-2.0	6	1	6	-5.10855683269477	4	Kirkwall, Orkney Islands, United Kingdom	UK	UKV9	40174	58.9667	-2.95	-2600430	0								4	Kirkwall, Orkney Islands, United Kingdom	UK	UKV9	40174	58.9667	-2.95	-2600430	20250613230000	https://www.dailymail.co.uk/news/article-14811003/How-coldblooded-restaurant-murder-popular-waiter-left-peaceful-island-community-living-fear.html
1249588429	20250613	202506	2025	2025.4466	COP	POLICE						COP													0	090	090	09	2	-2.0	10	1	10	-7.86516853932585	4	El Diablo, Chihuahua, Mexico	MX	MX06	19734	30.3167	-106.233	-3851595	0								4	El Diablo, Chihuahua, Mexico	MX	MX06	19734	30.3167	-106.233	-3851595	20250613230000	https://www.yahoo.com/news/did-mexican-cop-kill-25-214808130.html
1249588430	20250613	202506	2025	2025.4466	COP	DEPUTIES						COP													1	090	090	09	2	-2.0	10	1	10	-0.766283524904209	3	Davidson County, North Carolina, United States	US	USNC	NC057	35.8168	-80.2331	1008548	0								3	Davidson County, North Carolina, United States	US	USNC		35.8168	-80.2331	1008548	20250613230000	https://www.wfmynews2.com/article/news/crime/2-charged-over-100-dogs-rescued-from-suspected-davidson-county-puppy-mill/83-2f9657eb-544c-4813-bac8-f4ba52359661
1249588431	20250613	202506	2025	2025.4466	COP	DETECTIVE						COP													0	090	090	09	2	-2.0	5	1	5	-8.41300191204589	1	Chile	CI	CI		-30	-71	CI	0								1	Chile	CI	CI		-30	-71	CI	20250613230000	https://www.foxla.com/news/simi-valley-police-arrest-4-linked-3-million-jewelry-heist
1249588432	20250613	202506	2025	2025.4466	COP	DEPUTIES						COP													1	090	090	09	2	-2.0	10	1	10	-0.766283524904209	2	New Hampshire, United States	US	USNH		43.4108	-71.5653	NH	0								2	New Hampshire, United States	US	USNH		43.4108	-71.5653	NH	20250613230000	https://www.wfmynews2.com/article/news/crime/2-charged-over-100-dogs-rescued-from-suspected-davidson-county-puppy-mill/83-2f9657eb-544c-4813-bac8-f4ba52359661
1249588433	20250613	202506	2025	2025.4466	COP	POLICE						COP													0	173	173	17	4	-5.0	2	1	2	-4.24481737413622	3	Parker County, Texas, United States	US	USTX	TX367	32.7668	-97.8003	1383969	0								3	Parker County, Texas, United States	US	USTX		32.7668	-97.8003	1383969	20250613230000	https://www.catholicworldreport.com/2025/06/13/pro-life-sentiments-are-on-the-rise-according-to-gallup-poll/
1249588434	20250613	202506	2025	2025.4466	COP	POLICE						COP													1	190	190	19	4	-10.0	2	1	2	-5.55555555555556	3	Brooklyn, Florida, United States	US	USFL	FL031	30.3236	-81.6745	279437	0								3	Brooklyn, Florida, United States	US	USFL	FL031	30.3236	-81.6745	279437	20250613230000	https://www.vladtv.com/article/311464/bobby-shmurda-on-getting-arrested-with-15-gs9-members-accused-of-being-g
1249588435	20250613	202506	2025	2025.4466	COP	DEPUTIES						COP													1	192	192	19	4	-9.5	10	1	10	-2.49376558603492	3	Chipola, Florida, United States	US	USFL	FL013	30.5052	-85.1183	295191	0								3	Chipola, Florida, United States	US	USFL	FL013	30.5052	-85.1183	295191	20250613230000	https://www.yahoo.com/news/liberty-county-sheriff-office-jail-200719079.html
1249588436	20250613	202506	2025	2025.4466	COP	POLICE						COP													1	193	193	19	4	-10.0	6	1	6	-5.55555555555556	3	Brooklyn, Florida, United States	US	USFL	FL031	30.3236	-81.6745	279437	0								3	Brooklyn, Florida, United States	US	USFL	FL031	30.3236	-81.6745	279437	20250613230000	https://www.vladtv.com/article/311464/bobby-shmurda-on-getting-arrested-with-15-gs9-members-accused-of-being-g
1249588437	20250613	202506	2025	2025.4466	COP	POLICE						COP			CHLCVL	CHILEAN	CHL					CVL			1	173	173	17	4	-5.0	2	1	2	-8.41300191204589	2	California, United States	US	USCA		36.17	-119.746	CA	2	California, United States	US	USCA		36.17	-119.746	CA	2	California, United States	US	USCA		36.17	-119.746	CA	20250613230000	https://www.foxla.com/news/simi-valley-police-arrest-4-linked-3-million-jewelry-heist
1249588438	20250613	202506	2025	2025.4466	COP	POLICE						COP			CRM	CRIMINAL						CRM			1	010	010	01	1	0.0	10	1	10	-3.79403794037941	3	South River, New Jersey, United States	US	USNJ	NJ023	40.4465	-74.386	880748	3	South River, New Jersey, United States	US	USNJ		40.4465	-74.386	880748	3	South River, New Jersey, United States	US	USNJ		40.4465	-74.386	880748	20250613230000	https://www.vice.com/en/article/school-forced-to-cancel-classes-after-senior-prank-goes-too-far/
1249588439	20250613	202506	2025	2025.4466	COP	POLICE						COP			CRM	GANG						CRM			1	112	112	11	3	-2.0	10	1	10	-9.87654320987654	0								0								0								20250613230000	https://www.wbrz.com/news/brpd-baton-rouge-man-tied-to-bleedas-gang-accused-of-auto-theft-possession-of-machine-gun-arrested
1249588440	20250613	202506	2025	2025.4466	COP	DETECTIVE						COP			CRM	CRIMINAL						CRM			1	114	114	11	3	-2.0	10	1	10	-8.37209302325581	0								0								0								20250613230000	https://www.yahoo.com/news/mercer-mayor-facing-felony-charge-204023711.html
1249588441	20250613	202506	2025	2025.4466	COP	POLICE						COP			CVL	VILLAGE						CVL			1	172	172	17	4	-5.0	10	1	10	-4.40677966101694	0								0								0								20250613230000	https://yugabda.com/archives/4130
1249588442	20250613	202506	2025	2025.4466	COP	POLICE						COP			EDU	SCHOOL						EDU			0	043	043	04	1	2.8	1	1	1	-7.86516853932585	4	El Diablo, Chihuahua, Mexico	MX	MX06	19734	30.3167	-106.233	-3851595	4	El Diablo, Chihuahua, Mexico	MX	MX06	19734	30.3167	-106.233	-3851595	4	El Diablo, Chihuahua, Mexico	MX	MX06	19734	30.3167	-106.233	-3851595	20250613230000	https://www.yahoo.com/news/did-mexican-cop-kill-25-214808130.html
1249588443	20250613	202506	2025	2025.4466	COP	POLICE						COP			EDU	SCHOOL						EDU			0	043	043	04	1	2.8	1	1	1	-7.86516853932585	2	New Jersey, United States	US	USNJ		40.314	-74.5089	NJ	2	New Jersey, United States	US	USNJ		40.314	-74.5089	NJ	2	New Jersey, United States	US	USNJ		40.314	-74.5089	NJ	20250613230000	https://www.yahoo.com/news/did-mexican-cop-kill-25-214808130.html
1249588444	20250613	202506	2025	2025.4466	COP	POLICEMAN						COP			GBR	UNITED KINGDOM	GBR								0	090	090	09	2	-2.0	4	1	4	-5.10855683269477	4	Kirkwall, Orkney Islands, United Kingdom	UK	UKV9	40174	58.9667	-2.95	-2600430	4	Kirkwall, Orkney Islands, United Kingdom	UK	UKV9	40174	58.9667	-2.95	-2600430	4	Kirkwall, Orkney Islands, United Kingdom	UK	UKV9	40174	58.9667	-2.95	-2600430	20250613230000	https://www.dailymail.co.uk/news/article-14811003/How-coldblooded-restaurant-murder-popular-waiter-left-peaceful-island-community-living-fear.html
1249588445	20250613	202506	2025	2025.4466	COP	DETECTIVE						COP			GOV	AUTHORITIES						GOV			0	090	090	09	2	-2.0	5	1	5	-8.41300191204589	1	Chile	CI	CI		-30	-71	CI	1	Chile	CI	CI		-30	-71	CI	1	Chile	CI	CI		-30	-71	CI	20250613230000	https://www.foxla.com/news/simi-valley-police-arrest-4-linked-3-million-jewelry-heist
1249588446	20250613	202506	2025	2025.4466	COP	POLICE						COP			IND	AHMEDABAD	IND								0	0841	084	08	2	7.0	4	1	4	-2.89156626506024	4	Ahmedabad, Gujarat, India	IN	IN09	17644	23.0333	72.6167	-2088270	4	Ahmedabad, Gujarat, India	IN	IN09	17644	23.0333	72.6167	-2088270	4	Ahmedabad, Gujarat, India	IN	IN09	17644	23.0333	72.6167	-2088270	20250613230000	https://www.deccanchronicle.com/nation/current-affairs/dvr-black-box-recovered-dgca-orders-enhanced-inspection-of-air-india-boeings-1885072
1249588447	20250613	202506	2025	2025.4466	COP	DEPUTY						COP			ITA	ITALY	ITA								1	090	090	09	2	-2.0	4	1	4	-1.45631067961165	4	Milan, Lombardia, Italy	IT	IT09	18363	45.4667	9.2	-121726	4	Milan, Lombardia, Italy	IT	IT09	18363	45.4667	9.2	-121726	4	Milan, Lombardia, Italy	IT	IT09	18363	45.4667	9.2	-121726	20250613230000	https://www.kwqc.com:443/2025/06/13/deputy-superintendent-returns-work-after-leave-during-investigation/
1249588448	20250613	202506	2025	2025.4466	COP	POLICE						COP			LAB	WORKER						LAB			0	060	060	06	2	6.0	10	1	10	-3.11418685121108	2	Iowa, United States	US	USIA		42.0046	-93.214	IA	2	Iowa, United States	US	USIA		42.0046	-93.214	IA	2	Iowa, United States	US	USIA		42.0046	-93.214	IA	20250613230000	https://www.kwqc.com:443/2025/06/13/raid-bettendorf-spa-spotlights-human-trafficking/
1249588449	20250613	202506	2025	2025.4466	COP	POLICE						COP			MEX	MEXICO	MEX								0	193	193	19	4	-10.0	4	1	4	-7.86516853932585	4	El Diablo, Chihuahua, Mexico	MX	MX06	19734	30.3167	-106.233	-3851595	4	El Diablo, Chihuahua, Mexico	MX	MX06	19734	30.3167	-106.233	-3851595	4	El Diablo, Chihuahua, Mexico	MX	MX06	19734	30.3167	-106.233	-3851595	20250613230000	https://www.yahoo.com/news/did-mexican-cop-kill-25-214808130.html
1249588450	20250613	202506	2025	2025.4466	COP	POLICE						COP			OPP	PROTESTER						OPP			0	110	110	11	3	-2.0	10	1	10	-4.84848484848485	3	Washington, District of Columbia, United States	US	USDC	DC001	38.8951	-77.0364	531871	3	Washington, District of Columbia, United States	US	USDC	DC001	38.8951	-77.0364	531871	3	Washington, District of Columbia, United States	US	USDC	DC001	38.8951	-77.0364	531871	20250613230000	https://www.wired.com/story/no-kings-protests-citizen-run-ice-trackers-trigger-intelligence-warnings/
1249588451	20250613	202506	2025	2025.4466	COP	POLICE						COP			USA	UNITED STATES	USA								1	020	020	02	1	3.0	2	1	2	-0.22271714922049	3	Baltimore, Maryland, United States	US	USMD	MD510	39.2904	-76.6122	597040	2	Maryland, United States	US	USMD		39.0724	-76.7902	MD	3	Baltimore, Maryland, United States	US	USMD	MD510	39.2904	-76.6122	597040	20250613230000	https://localnews8.com/news/2025/06/13/prominent-former-idaho-falls-community-leader-found-dead-in-maryland-hotel/
1249588452	20250613	202506	2025	2025.4466	COP	DEPUTIES						COP			USA	UNITED STATES	USA								1	040	040	04	1	1.0	6	1	6	-1.46699266503667	3	City Of Moorpark, California, United States	US	USCA	CA111	34.2855	-118.877	2411157	3	Ventura County, California, United States	US	USCA		34.4667	-119.018	277320	3	Ventura County, California, United States	US	USCA		34.4667	-119.018	277320	20250613230000	https://www.mpacorn.com/articles/deputy-deployments-wont-affect-contract-cities/
1249588453	20250613	202506	2025	2025.4466	COP	DEPUTY						COP			USA	UNITED STATES	USA								1	042	042	04	1	1.9	6	1	6	1.49253731343283	3	Liberty County, Florida, United States	US	USFL	FL077	30.2508	-84.8755	308549	3	Liberty County, Florida, United States	US	USFL		30.2508	-84.8755	308549	3	Liberty County, Florida, United States	US	USFL		30.2508	-84.8755	308549	20250613230000	https://www.yahoo.com/news/liberty-county-sheriff-office-host-200452366.html
1249588454	20250613	202506	2025	2025.4466	COP	LAW ENFORCEMENT AGENCIES						COP			USA	LOS ANGELES	USA								0	060	060	06	2	6.0	1	1	1	-4.69135802469136	3	Los Angeles, California, United States	US	USCA	CA037	34.0522	-118.244	1662328	3	Los Angeles, California, United States	US	USCA		34.0522	-118.244	1662328	3	Los Angeles, California, United States	US	USCA		34.0522	-118.244	1662328	20250613230000	https://www.mpacorn.com/articles/local-officials-slam-ice-enforcement/
1249588455	20250613	202506	2025	2025.4466	COP	POLICE						COP			USA	MARYLAND	USA								1	181	181	18	4	-9.0	2	1	2	-3.65853658536585	3	Dundalk, Maryland, United States	US	USMD	MD005	39.2507	-76.5205	590117	3	Dundalk, Maryland, United States	US	USMD	MD005	39.2507	-76.5205	590117	3	Dundalk, Maryland, United States	US	USMD	MD005	39.2507	-76.5205	590117	20250613230000	https://wjla.com/news/local/amber-alert-dundalk-maryland-missing-woman-child
1249588456	20250613	202506	2025	2025.4466	COP	POLICE						COP			USA	MARYLAND	USA								1	181	181	18	4	-9.0	2	1	2	-3.65853658536585	2	Maryland, United States	US	USMD		39.0724	-76.7902	MD	2	Maryland, United States	US	USMD		39.0724	-76.7902	MD	2	Maryland, United States	US	USMD		39.0724	-76.7902	MD	20250613230000	https://wjla.com/news/local/amber-alert-dundalk-maryland-missing-woman-child
1249588457	20250613	202506	2025	2025.4466	COP	POLICE						COP			USA	UNITED STATES	USA								1	182	182	18	4	-9.5	4	1	4	-8.25688073394496	2	Maine, United States	US	USME		44.6074	-69.3977	ME	2	Maine, United States	US	USME		44.6074	-69.3977	ME	2	Maine, United States	US	USME		44.6074	-69.3977	ME	20250613230000	https://www.yahoo.com/news/two-men-found-dead-house-214043522.html
1249588458	20250613	202506	2025	2025.4466	COPGOV	DEPUTY						COP	GOV												1	071	071	07	2	7.4	6	1	6	1.91082802547771	4	Nyamira, Nyanza, Kenya	KE	KE07	18585	-0.083333	34.25	-2259950	0								4	Nyamira, Nyanza, Kenya	KE	KE07	18585	-0.083333	34.25	-2259950	20250613230000	https://citizen.digital/news/dp-kindiki-kenyas-mr-money-bags-splashing-nearly-ksh100m-a-week-n364602
1249588459	20250613	202506	2025	2025.4466	COPGOV	DEPUTY						COP	GOV		KEN	KENYA	KEN								1	071	071	07	2	7.4	4	1	4	1.91082802547771	4	Nyamira, Nyanza, Kenya	KE	KE07	18585	-0.083333	34.25	-2259950	4	Nyamira, Nyanza, Kenya	KE	KE07	18585	-0.083333	34.25	-2259950	4	Nyamira, Nyanza, Kenya	KE	KE07	18585	-0.083333	34.25	-2259950	20250613230000	https://citizen.digital/news/dp-kindiki-kenyas-mr-money-bags-splashing-nearly-ksh100m-a-week-n364602
1249588460	20250613	202506	2025	2025.4466	COPGOVMIL	DEPUTY						COP	GOV	MIL	GOV	GOVERNMENT						GOV			1	016	016	01	1	-2.0	10	1	10	-1.04529616724739	4	Mahama, Ghana (general), Ghana	GH	GH00	190580	6.33333	-1.46667	-2075744	4	Mahama, Ghana (general), Ghana	GH	GH00	190580	6.33333	-1.46667	-2075744	4	Mahama, Ghana (general), Ghana	GH	GH00	190580	6.33333	-1.46667	-2075744	20250613230000	https://www.ghanamma.com/2025/06/13/no-dismissal-of-generals-in-armed-forces-deputy-defence-minister-clarifies/
1249588461	20250613	202506	2025	2025.4466	COPGOVMIL	DEPUTY						COP	GOV	MIL	MIL	GENERALS						MIL			1	110	110	11	3	-2.0	10	1	10	-1.04529616724739	4	Mahama, Ghana (general), Ghana	GH	GH00	190580	6.33333	-1.46667	-2075744	4	Mahama, Ghana (general), Ghana	GH	GH00	190580	6.33333	-1.46667	-2075744	4	Mahama, Ghana (general), Ghana	GH	GH00	190580	6.33333	-1.46667	-2075744	20250613230000	https://www.ghanamma.com/2025/06/13/no-dismissal-of-generals-in-armed-forces-deputy-defence-minister-clarifies/
1249588462	20250613	202506	2025	2025.4466	CRM	PIRATE						CRM													1	110	110	11	3	-2.0	10	1	10	5.54666666666667	2	Kansas, United States	US	USKS		38.5111	-96.8005	KS	0								2	Kansas, United States	US	USKS		38.5111	-96.8005	KS	20250613230000	https://screenrant.com/fantasy-movies-great-start-to-finish/
1249588463	20250613	202506	2025	2025.4466	CRM	CRIMINAL						CRM			COP	POLICE						COP			0	114	114	11	3	-2.0	10	1	10	-7.16510903426791	0								0								0								20250613230000	https://wiscnews.com/news/community/bdc/article_22951fca-5b0e-4889-8963-dca17c8b0412.html
1249588464	20250613	202506	2025	2025.4466	CRM	PERPETRATOR						CRM			CVL	CITIZEN						CVL			1	020	020	02	1	3.0	3	1	3	-3.84615384615384	1	Grenada	GJ	GJ		12.116667	-61.666667	GJ	4	Wellington, New Zealand (general), New Zealand	NZ	NZ00	22391	-41.3	174.783	-1521348	1	Grenada	GJ	GJ		12.116667	-61.666667	GJ	20250613230000	https://nowgrenada.com/2025/06/well-o-goodness-did-we-learn/
1249588465	20250613	202506	2025	2025.4466	CRM	CRIMINAL						CRM			USA	UNITED STATES	USA								0	030	030	03	1	4.0	1	1	1	-5.67612687813022	3	Butler County, Ohio, United States	US	USOH	OH017	39.4501	-84.5666	1074021	3	Butler County, Ohio, United States	US	USOH		39.4501	-84.5666	1074021	4	Zapotitlan Palmas, Oaxaca, Mexico	MX	MX20	20555	17.9	-97.8167	-1709215	20250613230000	https://www.fox19.com/2025/06/13/butler-county-murder-trial-mexican-police-officer-ends-guilty-verdict/
1249588466	20250613	202506	2025	2025.4466	CRM	CRIMINAL						CRM			USA	UNITED STATES	USA								1	173	173	17	4	-5.0	4	1	4	-7.49464668094218	3	Abilene, Texas, United States	US	USTX	TX441	32.4487	-99.7331	1329173	3	Abilene, Texas, United States	US	USTX	TX441	32.4487	-99.7331	1329173	3	Abilene, Texas, United States	US	USTX	TX441	32.4487	-99.7331	1329173	20250613230000	https://www.yahoo.com/news/man-accused-kidnapping-selling-teen-205253681.html
1249588467	20250613	202506	2025	2025.4466	CVL	COMMUNITY						CVL													0	015	015	01	1	0.0	10	1	10	-1.82421227197347	4	Greenvale, Victoria, Australia	AS	AS07	5386	-37.6333	144.867	-1576637	0								4	Greenvale, Victoria, Australia	AS	AS07	5386	-37.6333	144.867	-1576637	20250613230000	https://www.townsvillebulletin.com.au/news/townsville/greenvale-residents-wait-years-for-australian-defence-force-to-fix-damage-done-during-exercise-talisman-sabre/news-story/4a0bccf82216a2bf2077d55a1d479679?nk=7f5b947914aba8354fb6a89f05112908-1749854798
1249588468	20250613	202506	2025	2025.4466	CVL	VOTER						CVL													0	020	020	02	1	3.0	6	1	6	-0.96735187424425	3	City Of Providence, Rhode Island, United States	US	USRI	RI007	41.8229	-71.4186	1220076	0								3	City Of Providence, Rhode Island, United States	US	USRI		41.8229	-71.4186	1220076	20250613230000	https://thefederalist.com/2025/06/13/dems-find-second-judge-to-block-more-of-trumps-order-enforcing-election-law/
1249588469	20250613	202506	2025	2025.4466	CVL	VOTER						CVL													0	020	020	02	1	3.0	4	1	4	-0.96735187424425	2	Massachusetts, United States	US	USMA		42.2373	-71.5314	MA	0								2	Massachusetts, United States	US	USMA		42.2373	-71.5314	MA	20250613230000	https://thefederalist.com/2025/06/13/dems-find-second-judge-to-block-more-of-trumps-order-enforcing-election-law/
1249588470	20250613	202506	2025	2025.4466	CVL	COMMUNITY						CVL													0	040	040	04	1	1.0	10	1	10	-3.96551724137931	4	Hyderabad, Andhra Pradesh, India	IN	IN02	17564	17.3753	78.4744	-2097701	0								4	Hyderabad, Andhra Pradesh, India	IN	IN02	17564	17.3753	78.4744	-2097701	20250613230000	https://www.deccanchronicle.com/southern-states/telangana/human-error-emerges-possible-factor-for-dreamliner-crash-1885101
1249588471	20250613	202506	2025	2025.4466	CVL	SETTLEMENT						CVL													0	043	043	04	1	2.8	10	1	10	-0.36656891495601	2	Maine, United States	US	USME		44.6074	-69.3977	ME	0								2	Maine, United States	US	USME		44.6074	-69.3977	ME	20250613230000	https://www.yahoo.com/news/ban-state-seizure-wabanaki-land-212702233.html
1249588472	20250613	202506	2025	2025.4466	CVL	COMMUNITY						CVL													0	051	051	05	1	3.4	10	1	10	-1.82421227197347	4	Greenvale, Victoria, Australia	AS	AS07	5386	-37.6333	144.867	-1576637	0								4	Greenvale, Victoria, Australia	AS	AS07	5386	-37.6333	144.867	-1576637	20250613230000	https://www.townsvillebulletin.com.au/news/townsville/greenvale-residents-wait-years-for-australian-defence-force-to-fix-damage-done-during-exercise-talisman-sabre/news-story/4a0bccf82216a2bf2077d55a1d479679?nk=7f5b947914aba8354fb6a89f05112908-1749854798
1249588473	20250613	202506	2025	2025.4466	CVL	COMMUNITY						CVL													0	051	051	05	1	3.4	2	1	2	3.20723684210526	4	Cambridge, Cambridgeshire, United Kingdom	UK	UKC3	40098	52.2	0.116667	-2591658	0								4	Cambridge, Cambridgeshire, United Kingdom	UK	UKC3	40098	52.2	0.116667	-2591658	20250613230000	https://www.miragenews.com/imperial-academics-receive-kings-birthday-1478051/
1249588474	20250613	202506	2025	2025.4466	CVL	COMMUNITY						CVL													0	051	051	05	1	3.4	2	1	2	3.20723684210526	1	Sri Lanka	CE	CE		7	81	CE	0								4	Cambridge, Cambridgeshire, United Kingdom	UK	UKC3	40098	52.2	0.116667	-2591658	20250613230000	https://www.miragenews.com/imperial-academics-receive-kings-birthday-1478051/
1249588475	20250613	202506	2025	2025.4466	CVL	COMMUNITY						CVL													0	051	051	05	1	3.4	6	1	6	3.20723684210526	1	Sri Lanka	CE	CE		7	81	CE	0								1	Sri Lanka	CE	CE		7	81	CE	20250613230000	https://www.miragenews.com/imperial-academics-receive-kings-birthday-1478051/
1249588476	20250613	202506	2025	2025.4466	CVL	COMMUNITY						CVL													0	090	090	09	2	-2.0	4	1	4	-5.10855683269477	4	Kirkwall, Orkney Islands, United Kingdom	UK	UKV9	40174	58.9667	-2.95	-2600430	0								4	Kirkwall, Orkney Islands, United Kingdom	UK	UKV9	40174	58.9667	-2.95	-2600430	20250613230000	https://www.dailymail.co.uk/news/article-14811003/How-coldblooded-restaurant-murder-popular-waiter-left-peaceful-island-community-living-fear.html
1249588477	20250613	202506	2025	2025.4466	CVL	COMMUNITY						CVL													0	090	090	09	2	-2.0	6	1	6	-5.10855683269477	1	Bangladesh	BG	BG		24	90	BG	0								1	Bangladesh	BG	BG		24	90	BG	20250613230000	https://www.dailymail.co.uk/news/article-14811003/How-coldblooded-restaurant-murder-popular-waiter-left-peaceful-island-community-living-fear.html
1249588478	20250613	202506	2025	2025.4466	CVL	RESIDENTS						CVL													1	110	110	11	3	-2.0	5	1	5	0.25906735751295	2	Michigan, United States	US	USMI		43.3504	-84.5603	MI	0								2	Michigan, United States	US	USMI		43.3504	-84.5603	MI	20250613230000	https://www.wxyz.com/news/region/washtenaw-county/university-of-michigan-to-build-ai-research-facilities-in-ypsilanti-township-sparking-mixed-reactions
1249588479	20250613	202506	2025	2025.4466	CVL	RESIDENTS						CVL													1	120	120	12	3	-4.0	10	1	10	-2.73972602739726	2	Ohio, United States	US	USOH		40.3736	-82.7755	OH	0								2	Ohio, United States	US	USOH		40.3736	-82.7755	OH	20250613230000	https://www.cleveland19.com/2025/06/13/cleveland-department-public-health-issues-alert-after-spike-covid-19-levels-wastewater/
1249588480	20250613	202506	2025	2025.4466	CVL	COMMUNITY						CVL													0	133	133	13	3	-5.8	1	1	1	-4.62633451957296	3	Baltimore, Maryland, United States	US	USMD	MD510	39.2904	-76.6122	597040	0								3	Baltimore, Maryland, United States	US	USMD	MD510	39.2904	-76.6122	597040	20250613230000	https://www.baltimoresun.com/2025/06/13/why-baltimore-ice-protests-remained-non-violent/
1249588481	20250613	202506	2025	2025.4466	CVL	COMMUNITY						CVL													0	141	141	14	3	-6.5	1	1	1	-4.62633451957296	3	Baltimore, Maryland, United States	US	USMD	MD510	39.2904	-76.6122	597040	0								3	Baltimore, Maryland, United States	US	USMD	MD510	39.2904	-76.6122	597040	20250613230000	https://www.baltimoresun.com/2025/06/13/why-baltimore-ice-protests-remained-non-violent/
1249588482	20250613	202506	2025	2025.4466	CVL	COMMUNITY						CVL													1	1712	171	17	4	-9.2	8	1	8	-4.85436893203883	3	San Francisco, California, United States	US	USCA	CA075	37.7749	-122.419	277593	0								3	San Francisco, California, United States	US	USCA		37.7749	-122.419	277593	20250613230000	https://www.yahoo.com/news/bay-area-prepares-no-kings-202322436.html
1249588483	20250613	202506	2025	2025.4466	CVL	COMMUNITY						CVL													0	190	190	19	4	-10.0	1	1	1	-4.62633451957296	3	Baltimore, Maryland, United States	US	USMD	MD510	39.2904	-76.6122	597040	0								3	Baltimore, Maryland, United States	US	USMD	MD510	39.2904	-76.6122	597040	20250613230000	https://www.baltimoresun.com/2025/06/13/why-baltimore-ice-protests-remained-non-violent/
1249588484	20250613	202506	2025	2025.4466	CVL	RESIDENTS						CVL			AUS	AUSTRALIAN	AUS								1	190	190	19	4	-10.0	4	1	4	-1.82421227197347	4	Greenvale, Victoria, Australia	AS	AS07	5386	-37.6333	144.867	-1576637	4	Greenvale, Victoria, Australia	AS	AS07	5386	-37.6333	144.867	-1576637	4	Greenvale, Victoria, Australia	AS	AS07	5386	-37.6333	144.867	-1576637	20250613230000	https://www.townsvillebulletin.com.au/news/townsville/greenvale-residents-wait-years-for-australian-defence-force-to-fix-damage-done-during-exercise-talisman-sabre/news-story/4a0bccf82216a2bf2077d55a1d479679?nk=7f5b947914aba8354fb6a89f05112908-1749854798
1249588485	20250613	202506	2025	2025.4466	CVL	RESIDENTS						CVL			AUSMIL	AUSTRALIAN	AUS					MIL			1	190	190	19	4	-10.0	6	1	6	-1.82421227197347	4	Greenvale, Victoria, Australia	AS	AS07	5386	-37.6333	144.867	-1576637	4	Greenvale, Victoria, Australia	AS	AS07	5386	-37.6333	144.867	-1576637	4	Greenvale, Victoria, Australia	AS	AS07	5386	-37.6333	144.867	-1576637	20250613230000	https://www.townsvillebulletin.com.au/news/townsville/greenvale-residents-wait-years-for-australian-defence-force-to-fix-damage-done-during-exercise-talisman-sabre/news-story/4a0bccf82216a2bf2077d55a1d479679?nk=7f5b947914aba8354fb6a89f05112908-1749854798
1249588486	20250613	202506	2025	2025.4466	CVL	VILLAGE						CVL			COD	DEMOCRATIC REPUBLIC OF THE CONGO	COD								1	043	043	04	1	2.8	4	1	4	-5.85365853658537	4	Bikoro, Éuateur, Democratic Republic Of The Congo	CG	CG02	18585	-0.732804	18.1341	-2039778	4	Bikoro, Éuateur, Democratic Republic Of The Congo	CG	CG02	18585	-0.732804	18.1341	-2039778	4	Bikoro, Éuateur, Democratic Republic Of The Congo	CG	CG02	18585	-0.732804	18.1341	-2039778	20250613230000	https://www.aa.com.tr/en/africa/death-toll-from-capsizing-of-2-passenger-boats-in-dr-congo-reaches-52-with-dozens-still-missing/3597469
1249588487	20250613	202506	2025	2025.4466	CVL	SETTLEMENT						CVL			GOV	SOVEREIGN						GOV			0	042	042	04	1	1.9	10	1	10	-0.36656891495601	2	Maine, United States	US	USME		44.6074	-69.3977	ME	2	Maine, United States	US	USME		44.6074	-69.3977	ME	2	Maine, United States	US	USME		44.6074	-69.3977	ME	20250613230000	https://www.yahoo.com/news/ban-state-seizure-wabanaki-land-212702233.html
1249588488	20250613	202506	2025	2025.4466	CVL	COMMUNITY						CVL			GOV	GOVERNMENT						GOV			0	071	071	07	2	7.4	10	1	10	1.42671854734112	3	Milwaukee County, Wisconsin, United States	US	USWI	WI079	43.0006	-87.9668	1581100	3	Milwaukee County, Wisconsin, United States	US	USWI		43.0006	-87.9668	1581100	3	Milwaukee County, Wisconsin, United States	US	USWI		43.0006	-87.9668	1581100	20250613230000	https://urbanmilwaukee.com/2025/06/13/mke-county-grand-opening-held-for-new-coggs-building/
1249588489	20250613	202506	2025	2025.4466	CVL	COMMUNITY						CVL			GOV	FIRE DEPARTMENT						GOV			1	193	193	19	4	-10.0	10	1	10	1.11731843575419	2	Louisiana, United States	US	USLA		31.1801	-91.8749	LA	2	Louisiana, United States	US	USLA		31.1801	-91.8749	LA	2	Louisiana, United States	US	USLA		31.1801	-91.8749	LA	20250613230000	https://www.yahoo.com/news/lot-brotherhood-black-rain-ordnance-223400772.html
1249588490	20250613	202506	2025	2025.4466	CVL	COMMUNITY						CVL			HLH	PHYSICIAN						HLH			1	051	051	05	1	3.4	2	1	2	6.96517412935323	2	Tennessee, United States	US	USTN		35.7449	-86.7489	TN	2	Tennessee, United States	US	USTN		35.7449	-86.7489	TN	2	Tennessee, United States	US	USTN		35.7449	-86.7489	TN	20250613230000	https://www.wbbjtv.com/2025/06/13/dr-clarence-gooch-honored-for-decades-of-service/
1249588491	20250613	202506	2025	2025.4466	CVL	IMMIGRANT						CVL			HTI	HAITIAN	HTI								1	190	190	19	4	-10.0	3	1	3	-7.09219858156028	1	United States	US	US		39.828175	-98.5795	US	1	United States	US	US		39.828175	-98.5795	US	1	United States	US	US		39.828175	-98.5795	US	20250613230000	https://ohio.binnews.com/content/2025-06-13-black-voices-explain-why-black-people-should-care-about-ice-raids/
1249588492	20250613	202506	2025	2025.4466	CVL	SCIENTIST						CVL			ISR	ISRAEL	ISR								0	112	112	11	3	-2.0	6	1	6	-2.80373831775701	4	Jerusalem, Israel (general), Israel	IS	IS00	18315	31.7667	35.2333	-797092	4	Jerusalem, Israel (general), Israel	IS	IS00	18315	31.7667	35.2333	-797092	4	Tehran, Tehran, Iran	IR	IR26	41130	35.75	51.5148	10074674	20250613230000	https://www.yahoo.com/news/israel-unprecedented-attack-shows-iran-213713554.html
1249588493	20250613	202506	2025	2025.4466	CVL	SCIENTIST						CVL			ISR	ISRAEL	ISR								0	112	112	11	3	-2.0	4	1	4	-2.80373831775701	4	Jerusalem, Israel (general), Israel	IS	IS00	18315	31.7667	35.2333	-797092	4	Tehran, Tehran, Iran	IR	IR26	41130	35.75	51.5148	10074674	4	Tehran, Tehran, Iran	IR	IR26	41130	35.75	51.5148	10074674	20250613230000	https://www.yahoo.com/news/israel-unprecedented-attack-shows-iran-213713554.html
1249588494	20250613	202506	2025	2025.4466	CVL	RESIDENTS						CVL			MIL	MILITARY						MIL			1	150	150	15	4	-7.2	10	1	10	-1.82421227197347	4	Greenvale, Victoria, Australia	AS	AS07	5386	-37.6333	144.867	-1576637	4	Greenvale, Victoria, Australia	AS	AS07	5386	-37.6333	144.867	-1576637	4	Greenvale, Victoria, Australia	AS	AS07	5386	-37.6333	144.867	-1576637	20250613230000	https://www.townsvillebulletin.com.au/news/townsville/greenvale-residents-wait-years-for-australian-defence-force-to-fix-damage-done-during-exercise-talisman-sabre/news-story/4a0bccf82216a2bf2077d55a1d479679?nk=7f5b947914aba8354fb6a89f05112908-1749854798
1249588495	20250613	202506	2025	2025.4466	CVL	SCIENTIST						CVL			NOREDU	OSLO	NOR					EDU			0	172	172	17	4	-5.0	2	1	2	1.12554112554113	4	Cambridge, Cambridgeshire, United Kingdom	UK	UKC3	40098	52.2	0.116667	-2591658	4	Cambridge, Cambridgeshire, United Kingdom	UK	UKC3	40098	52.2	0.116667	-2591658	4	Cambridge, Cambridgeshire, United Kingdom	UK	UKC3	40098	52.2	0.116667	-2591658	20250613230000	https://www.zmescience.com/other/art-other/ai-based-method-restores-priceless-renaissance-art-in-under-4-hours-rather-than-months/
1249588496	20250613	202506	2025	2025.4466	CVL	SCIENTIST						CVL			NOREDU	OSLO	NOR					EDU			0	172	172	17	4	-5.0	6	1	6	1.12554112554113	4	Oslo, Oslo, Norway	NO	NO12	23413	59.9167	10.75	-273837	4	Oslo, Oslo, Norway	NO	NO12	23413	59.9167	10.75	-273837	4	Oslo, Oslo, Norway	NO	NO12	23413	59.9167	10.75	-273837	20250613230000	https://www.zmescience.com/other/art-other/ai-based-method-restores-priceless-renaissance-art-in-under-4-hours-rather-than-months/
1249588497	20250613	202506	2025	2025.4466	CVL	COMMUNITY						CVL			USA	UNITED STATES	USA								1	010	010	01	1	0.0	4	1	4	-4.85436893203883	3	San Francisco, California, United States	US	USCA	CA075	37.7749	-122.419	277593	3	San Francisco, California, United States	US	USCA		37.7749	-122.419	277593	3	San Francisco, California, United States	US	USCA		37.7749	-122.419	277593	20250613230000	https://www.yahoo.com/news/bay-area-prepares-no-kings-202322436.html
1249588498	20250613	202506	2025	2025.4466	CVL	CONSTITUENT						CVL			USA	UNITED STATES	USA								1	012	012	01	1	-0.4	2	1	2	-0.59665871121718	2	New Hampshire, United States	US	USNH		43.4108	-71.5653	NH	2	New Hampshire, United States	US	USNH		43.4108	-71.5653	NH	2	New Hampshire, United States	US	USNH		43.4108	-71.5653	NH	20250613230000	https://concordmonitor.com/Concord-City-Councilors-push-for-committee-reform-after-mistaken-appointment-Deak-61738460
1249588499	20250613	202506	2025	2025.4466	CVL	CITIZEN						CVL			USA	MAINE	USA								0	013	013	01	1	0.4	8	1	8	-0.36656891495601	2	Maine, United States	US	USME		44.6074	-69.3977	ME	2	Maine, United States	US	USME		44.6074	-69.3977	ME	2	Maine, United States	US	USME		44.6074	-69.3977	ME	20250613230000	https://www.yahoo.com/news/ban-state-seizure-wabanaki-land-212702233.html
1249588500	20250613	202506	2025	2025.4466	CVL	CONSTITUENT						CVL			USA	UNITED STATES	USA								1	020	020	02	1	3.0	2	1	2	-0.59665871121718	2	New Hampshire, United States	US	USNH		43.4108	-71.5653	NH	2	New Hampshire, United States	US	USNH		43.4108	-71.5653	NH	2	New Hampshire, United States	US	USNH		43.4108	-71.5653	NH	20250613230000	https://concordmonitor.com/Concord-City-Councilors-push-for-committee-reform-after-mistaken-appointment-Deak-61738460
1249588501	20250613	202506	2025	2025.4466	CVL	COMMUNITY						CVL			USA	UNITED STATES	USA								0	133	133	13	3	-5.8	2	1	2	-4.62633451957296	3	Baltimore, Maryland, United States	US	USMD	MD510	39.2904	-76.6122	597040	3	Baltimore, Maryland, United States	US	USMD	MD510	39.2904	-76.6122	597040	3	Baltimore, Maryland, United States	US	USMD	MD510	39.2904	-76.6122	597040	20250613230000	https://www.baltimoresun.com/2025/06/13/why-baltimore-ice-protests-remained-non-violent/
1249588502	20250613	202506	2025	2025.4466	CVL	COMMUNITY						CVL			USA	UNITED STATES	USA								0	141	141	14	3	-6.5	2	1	2	-4.62633451957296	3	Baltimore, Maryland, United States	US	USMD	MD510	39.2904	-76.6122	597040	3	Baltimore, Maryland, United States	US	USMD	MD510	39.2904	-76.6122	597040	3	Baltimore, Maryland, United States	US	USMD	MD510	39.2904	-76.6122	597040	20250613230000	https://www.baltimoresun.com/2025/06/13/why-baltimore-ice-protests-remained-non-violent/
1249588503	20250613	202506	2025	2025.4466	CVL	MIGRANT						CVL			USA	UNITED STATES	USA								0	170	170	17	4	-7.0	4	1	4	-11.1386138613862	3	Newark, New Jersey, United States	US	USNJ	NJ013	40.7357	-74.1724	878762	3	Newark, New Jersey, United States	US	USNJ	NJ013	40.7357	-74.1724	878762	3	Newark, New Jersey, United States	US	USNJ	NJ013	40.7357	-74.1724	878762	20250613230000	https://www.yahoo.com/news/mega-detention-center-us-migrants-220002819.html
1249588504	20250613	202506	2025	2025.4466	CVL	COMMUNITY						CVL			USA	UNITED STATES	USA								1	1712	171	17	4	-9.2	2	1	2	-4.85436893203883	3	San Francisco, California, United States	US	USCA	CA075	37.7749	-122.419	277593	3	San Francisco, California, United States	US	USCA		37.7749	-122.419	277593	3	San Francisco, California, United States	US	USCA		37.7749	-122.419	277593	20250613230000	https://www.yahoo.com/news/bay-area-prepares-no-kings-202322436.html
1249588505	20250613	202506	2025	2025.4466	CVL	COMMUNITY						CVL			USA	UNITED STATES	USA								0	190	190	19	4	-10.0	2	1	2	-4.62633451957296	3	Baltimore, Maryland, United States	US	USMD	MD510	39.2904	-76.6122	597040	3	Baltimore, Maryland, United States	US	USMD	MD510	39.2904	-76.6122	597040	3	Baltimore, Maryland, United States	US	USMD	MD510	39.2904	-76.6122	597040	20250613230000	https://www.baltimoresun.com/2025/06/13/why-baltimore-ice-protests-remained-non-violent/
1249588506	20250613	202506	2025	2025.4466	CVLEDU	COMMUNITY						CVL	EDU		EDU	COLLEGE						EDU			1	014	014	01	1	0.0	1	1	1	3.17460317460317	2	Ohio, United States	US	USOH		40.3736	-82.7755	OH	2	Ohio, United States	US	USOH		40.3736	-82.7755	OH	2	Ohio, United States	US	USOH		40.3736	-82.7755	OH	20250613230000	https://www.yahoo.com/news/local-college-announces-5-million-204654681.html
1249588507	20250613	202506	2025	2025.4466	DEU	GERMANY	DEU																		0	030	030	03	1	4.0	5	1	5	-6.13138686131387	4	Gaza, Israel (general), Israel	IS	IS00	18315	31.4167	34.3333	-797156	0								4	Gaza, Israel (general), Israel	IS	IS00	18315	31.4167	34.3333	-797156	20250613230000	https://www.algemeiner.com/2025/06/13/israel-closes-embassies-worldwide-jews-abroad-urged-be-vigilant-following-iran-strikes/
1249588508	20250613	202506	2025	2025.4466	DEU	GERMANY	DEU																		0	030	030	03	1	4.0	1	1	1	-6.13138686131387	4	Tehran, Tehran, Iran	IR	IR26	41130	35.75	51.5148	10074674	0								4	Tehran, Tehran, Iran	IR	IR26	41130	35.75	51.5148	10074674	20250613230000	https://www.algemeiner.com/2025/06/13/israel-closes-embassies-worldwide-jews-abroad-urged-be-vigilant-following-iran-strikes/
1249588509	20250613	202506	2025	2025.4466	DEU	GERMANY	DEU								IRN	IRAN	IRN								0	012	012	01	1	-0.4	6	1	6	-7.86516853932584	4	Berlin, Berlin, Germany	GM	GM16	16538	52.5167	13.4	-1746443	4	Tehran, Tehran, Iran	IR	IR26	41130	35.75	51.5148	10074674	4	Tehran, Tehran, Iran	IR	IR26	41130	35.75	51.5148	10074674	20250613230000	https://dunyanews.tv/en/World/889241-how-the-world-is-reacting-to-israel-attacks-on-iran-nuclear-military-
1249588510	20250613	202506	2025	2025.4466	DEU	GERMANY	DEU								IRN	IRAN	IRN								0	012	012	01	1	-0.4	2	1	2	-7.86516853932584	1	Israel	IS	IS		31.5	34.75	IS	1	Israel	IS	IS		31.5	34.75	IS	1	Israel	IS	IS		31.5	34.75	IS	20250613230000	https://dunyanews.tv/en/World/889241-how-the-world-is-reacting-to-israel-attacks-on-iran-nuclear-military-
1249588511	20250613	202506	2025	2025.4466	DEU	GERMANY	DEU								ISR	ISRAEL	ISR								0	052	052	05	1	3.5	2	1	2	-7.86516853932584	4	Berlin, Berlin, Germany	GM	GM16	16538	52.5167	13.4	-1746443	4	Berlin, Berlin, Germany	GM	GM16	16538	52.5167	13.4	-1746443	4	Berlin, Berlin, Germany	GM	GM16	16538	52.5167	13.4	-1746443	20250613230000	https://dunyanews.tv/en/World/889241-how-the-world-is-reacting-to-israel-attacks-on-iran-nuclear-military-
1249588512	20250613	202506	2025	2025.4466	DEU	BERLIN	DEU								ISR	ISRAEL	ISR								0	052	052	05	1	3.5	4	1	4	-7.86516853932584	4	Berlin, Berlin, Germany	GM	GM16	16538	52.5167	13.4	-1746443	1	Israel	IS	IS		31.5	34.75	IS	4	Berlin, Berlin, Germany	GM	GM16	16538	52.5167	13.4	-1746443	20250613230000	https://dunyanews.tv/en/World/889241-how-the-world-is-reacting-to-israel-attacks-on-iran-nuclear-military-
1249588513	20250613	202506	2025	2025.4466	DEU	BERLIN	DEU								ISR	ISRAEL	ISR								0	052	052	05	1	3.5	2	1	2	-7.86516853932584	4	Berlin, Berlin, Germany	GM	GM16	16538	52.5167	13.4	-1746443	1	Israel	IS	IS		31.5	34.75	IS	1	Israel	IS	IS		31.5	34.75	IS	20250613230000	https://dunyanews.tv/en/World/889241-how-the-world-is-reacting-to-israel-attacks-on-iran-nuclear-military-
1249588514	20250613	202506	2025	2025.4466	DEU	BERLIN	DEU								ISR	ISRAEL	ISR								0	052	052	05	1	3.5	2	1	2	-7.86516853932584	4	Tehran, Tehran, Iran	IR	IR26	41130	35.75	51.5148	10074674	4	Tehran, Tehran, Iran	IR	IR26	41130	35.75	51.5148	10074674	4	Tehran, Tehran, Iran	IR	IR26	41130	35.75	51.5148	10074674	20250613230000	https://dunyanews.tv/en/World/889241-how-the-world-is-reacting-to-israel-attacks-on-iran-nuclear-military-
1249588515	20250613	202506	2025	2025.4466	DNKEDU	DENMARK	DNK					EDU			ETHEDU	ETHIOPIA	ETH					EDU			1	057	057	05	1	8.0	8	1	8	6.72645739910314	4	Salale, Oromiya, Ethiopia	ET	ET51	47694	9.78333	38.6333	-610774	4	Salale, Oromiya, Ethiopia	ET	ET51	47694	9.78333	38.6333	-610774	4	Salale, Oromiya, Ethiopia	ET	ET51	47694	9.78333	38.6333	-610774	20250613230000	https://jbhe.com/2025/06/voorhees-university-establishes-new-exchange-partnership-with-salale-university-in-ethiopia/
1249588516	20250613	202506	2025	2025.4466	EDU	PROFESSOR						EDU													1	010	010	01	1	0.0	6	1	6	3.48837209302326	1	Bangladesh	BG	BG		24	90	BG	0								1	Bangladesh	BG	BG		24	90	BG	20250613230000	https://banglamirrornews.com/2025/06/13/uk-delegation-briefs-ca-on-survey-vessel-hms-enterprise/
1249588517	20250613	202506	2025	2025.4466	EDU	SCHOOL						EDU													1	036	036	03	1	4.0	5	1	5	-4.19161676646707	1	Russia	RS	RS		60	100	RS	0								1	Russia	RS	RS		60	100	RS	20250613230000	https://keprtv.com/news/local/fire-crews-battling-latest-wildfire-near-finley
1249588518	20250613	202506	2025	2025.4466	EDU	PROFESSOR						EDU													0	036	036	03	1	4.0	10	1	10	2.61194029850746	2	South Dakota, United States	US	USSD		44.2853	-99.4632	SD	0								2	South Dakota, United States	US	USSD		44.2853	-99.4632	SD	20250613230000	https://www.dakotanewsnow.com/2025/06/13/tappers-celebrate-achievements-first-ever-meeting/
1249588519	20250613	202506	2025	2025.4466	EDU	PROFESSOR						EDU													0	051	051	05	1	3.4	6	1	6	3.20723684210526	2	Illinois, United States	US	USIL		40.3363	-89.0022	IL	0								2	Illinois, United States	US	USIL		40.3363	-89.0022	IL	20250613230000	https://www.miragenews.com/imperial-academics-receive-kings-birthday-1478051/
1249588520	20250613	202506	2025	2025.4466	EDU	STUDENT						EDU													1	051	051	05	1	3.4	5	1	5	13.2231404958678	2	Tennessee, United States	US	USTN		35.7449	-86.7489	TN	0								2	Tennessee, United States	US	USTN		35.7449	-86.7489	TN	20250613230000	https://www.wbbjtv.com/2025/06/13/tennessee-center-for-health-workforce-development-awards-2000-to-a-south-side-high-school-graduate/
1249588521	20250613	202506	2025	2025.4466	EDU	PROFESSOR						EDU													1	060	060	06	2	6.0	3	1	3	-4.24481737413622	3	Chicago, Illinois, United States	US	USIL	IL031	41.85	-87.6501	423587	0								3	Chicago, Illinois, United States	US	USIL	IL031	41.85	-87.6501	423587	20250613230000	https://www.catholicworldreport.com/2025/06/13/pro-life-sentiments-are-on-the-rise-according-to-gallup-poll/
1249588522	20250613	202506	2025	2025.4466	EDU	SCHOOL						EDU													1	160	160	16	4	-4.0	2	1	2	-3.79403794037941	3	South River, New Jersey, United States	US	USNJ	NJ023	40.4465	-74.386	880748	0								3	South River, New Jersey, United States	US	USNJ		40.4465	-74.386	880748	20250613230000	https://www.vice.com/en/article/school-forced-to-cancel-classes-after-senior-prank-goes-too-far/
1249588523	20250613	202506	2025	2025.4466	EDU	EDUCATIONAL INSTITUTION						EDU													0	160	160	16	4	-4.0	5	1	5	-2.28013029315961	2	Ohio, United States	US	USOH		40.3736	-82.7755	OH	0								2	Ohio, United States	US	USOH		40.3736	-82.7755	OH	20250613230000	https://lilith.org/articles/how-to-show-up-for-immigrants/
1249588524	20250613	202506	2025	2025.4466	EDU	PROFESSOR						EDU			BGD	BANGLADESH	BGD								1	043	043	04	1	2.8	2	1	2	-0.63492063492064	4	Dhaka, Dhaka, Bangladesh	BG	BG81	5778	23.7231	90.4086	-2737683	4	London, London, City of, United Kingdom	UK	UKH9	40110	51.5	-0.116667	-2601889	4	Dhaka, Dhaka, Bangladesh	BG	BG81	5778	23.7231	90.4086	-2737683	20250613230000	http://www.calcuttanews.net/news/278280089/bangladesh-yunus-hints-at-holding-elections-in-early-february
1249588525	20250613	202506	2025	2025.4466	EDU	PROFESSOR						EDU			BUS	BUSINESS						BUS			1	060	060	06	2	6.0	1	1	1	-4.24481737413622	3	Chicago, Illinois, United States	US	USIL	IL031	41.85	-87.6501	423587	3	Chicago, Illinois, United States	US	USIL	IL031	41.85	-87.6501	423587	3	Chicago, Illinois, United States	US	USIL	IL031	41.85	-87.6501	423587	20250613230000	https://www.catholicworldreport.com/2025/06/13/pro-life-sentiments-are-on-the-rise-according-to-gallup-poll/
1249588526	20250613	202506	2025	2025.4466	EDU	SCHOOL						EDU			COP	POLICE						COP			0	010	010	01	1	0.0	1	1	1	-7.86516853932585	4	El Diablo, Chihuahua, Mexico	MX	MX06	19734	30.3167	-106.233	-3851595	4	El Diablo, Chihuahua, Mexico	MX	MX06	19734	30.3167	-106.233	-3851595	4	El Diablo, Chihuahua, Mexico	MX	MX06	19734	30.3167	-106.233	-3851595	20250613230000	https://www.yahoo.com/news/did-mexican-cop-kill-25-214808130.html
1249588527	20250613	202506	2025	2025.4466	EDU	SCHOOL						EDU			COP	POLICE						COP			0	010	010	01	1	0.0	1	1	1	-7.86516853932585	2	New Jersey, United States	US	USNJ		40.314	-74.5089	NJ	2	New Jersey, United States	US	USNJ		40.314	-74.5089	NJ	2	New Jersey, United States	US	USNJ		40.314	-74.5089	NJ	20250613230000	https://www.yahoo.com/news/did-mexican-cop-kill-25-214808130.html
1249588528	20250613	202506	2025	2025.4466	EDU	SCHOOL						EDU			COP	POLICE						COP			0	042	042	04	1	1.9	1	1	1	-7.86516853932585	4	El Diablo, Chihuahua, Mexico	MX	MX06	19734	30.3167	-106.233	-3851595	4	El Diablo, Chihuahua, Mexico	MX	MX06	19734	30.3167	-106.233	-3851595	4	El Diablo, Chihuahua, Mexico	MX	MX06	19734	30.3167	-106.233	-3851595	20250613230000	https://www.yahoo.com/news/did-mexican-cop-kill-25-214808130.html
1249588529	20250613	202506	2025	2025.4466	EDU	SCHOOL						EDU			COP	POLICE						COP			0	042	042	04	1	1.9	1	1	1	-7.86516853932585	2	New Jersey, United States	US	USNJ		40.314	-74.5089	NJ	2	New Jersey, United States	US	USNJ		40.314	-74.5089	NJ	2	New Jersey, United States	US	USNJ		40.314	-74.5089	NJ	20250613230000	https://www.yahoo.com/news/did-mexican-cop-kill-25-214808130.html
1249588530	20250613	202506	2025	2025.4466	EDU	PROFESSOR						EDU			GBR	UNITED KINGDOM	GBR								1	010	010	01	1	0.0	2	1	2	3.48837209302326	1	Bangladesh	BG	BG		24	90	BG	1	Bangladesh	BG	BG		24	90	BG	1	Bangladesh	BG	BG		24	90	BG	20250613230000	https://banglamirrornews.com/2025/06/13/uk-delegation-briefs-ca-on-survey-vessel-hms-enterprise/
1249588531	20250613	202506	2025	2025.4466	EDU	PROFESSOR						EDU			GBR	UNITED KINGDOM	GBR								1	040	040	04	1	1.0	4	1	4	-0.63492063492064	4	Dhaka, Dhaka, Bangladesh	BG	BG81	5778	23.7231	90.4086	-2737683	4	London, London, City of, United Kingdom	UK	UKH9	40110	51.5	-0.116667	-2601889	4	London, London, City of, United Kingdom	UK	UKH9	40110	51.5	-0.116667	-2601889	20250613230000	http://www.calcuttanews.net/news/278280089/bangladesh-yunus-hints-at-holding-elections-in-early-february
1249588532	20250613	202506	2025	2025.4466	EDU	STUDENT						EDU			ISR	ISRAELI	ISR								0	112	112	11	3	-2.0	2	1	2	-4.04624277456648	4	Gaza, Israel (general), Israel	IS	IS00	18315	31.4167	34.3333	-797156	4	Gaza, Israel (general), Israel	IS	IS00	18315	31.4167	34.3333	-797156	4	Gaza, Israel (general), Israel	IS	IS00	18315	31.4167	34.3333	-797156	20250613230000	https://www.algemeiner.com/2025/06/13/pro-hamas-campus-groups-condemn-israeli-strikes-iran/
1249588533	20250613	202506	2025	2025.4466	EDU	STUDENT						EDU			ISRGOV	ISRAELI	ISR					GOV			0	112	112	11	3	-2.0	3	1	3	-4.04624277456648	4	Gaza, Israel (general), Israel	IS	IS00	18315	31.4167	34.3333	-797156	4	Gaza, Israel (general), Israel	IS	IS00	18315	31.4167	34.3333	-797156	4	Gaza, Israel (general), Israel	IS	IS00	18315	31.4167	34.3333	-797156	20250613230000	https://www.algemeiner.com/2025/06/13/pro-hamas-campus-groups-condemn-israeli-strikes-iran/
1249588534	20250613	202506	2025	2025.4466	EDU	UNIVERSITY						EDU			REL	RELIGION									1	046	046	04	1	7.0	6	1	6	0.92879256965944	3	University Center, New York, United States	US	USNY	NY081	40.7233	-73.7936	2080572	3	University Center, New York, United States	US	USNY		40.7233	-73.7936	2080572	3	University Center, New York, United States	US	USNY		40.7233	-73.7936	2080572	20250613230000	https://jbhe.com/2025/06/new-faculty-appointments-for-three-black-professors/
1249588535	20250613	202506	2025	2025.4466	EDU	SCHOOL						EDU			SPY	INTELLIGENCE						SPY			1	010	010	01	1	0.0	4	1	4	0.85436893203883	2	California, United States	US	USCA		36.17	-119.746	CA	2	California, United States	US	USCA		36.17	-119.746	CA	2	California, United States	US	USCA		36.17	-119.746	CA	20250613230000	https://www.catholicworldreport.com/2025/02/25/ai-and-us-computers-lemonade-and-god/
1249588536	20250613	202506	2025	2025.4466	EDU	SCHOOL						EDU			SPY	INTELLIGENCE						SPY			1	010	010	01	1	0.0	6	1	6	0.85436893203883	1	Denmark	DA	DA		56	10	DA	1	Denmark	DA	DA		56	10	DA	1	Denmark	DA	DA		56	10	DA	20250613230000	https://www.catholicworldreport.com/2025/02/25/ai-and-us-computers-lemonade-and-god/
1249588537	20250613	202506	2025	2025.4466	EDU	STUDENT						EDU			USA	UNITED STATES	USA								0	020	020	02	1	3.0	4	1	4	-0.66545674531155	1	United States	US	US		39.828175	-98.5795	US	1	United States	US	US		39.828175	-98.5795	US	1	United States	US	US		39.828175	-98.5795	US	20250613230000	http://wildcat.arizona.edu/160996/news/the-university-of-arizona-announces-plan-to-consolidate-cultural-centers-into-a-multicultural-hub/
1249588538	20250613	202506	2025	2025.4466	EDU	SCHOOL						EDU			USA	CHICAGO	USA								0	036	036	03	1	4.0	9	1	9	-0.33745781777278	3	Chicago, Illinois, United States	US	USIL	IL031	41.85	-87.6501	423587	3	Chicago, Illinois, United States	US	USIL	IL031	41.85	-87.6501	423587	3	Chicago, Illinois, United States	US	USIL	IL031	41.85	-87.6501	423587	20250613230000	https://chicago.suntimes.com/immigration/2025/06/13/chicago-trump-immigration-deportations-california-los-angeles-compton-northwestern-family-separations
1249588539	20250613	202506	2025	2025.4466	EDU	SCHOOL						EDU			USA	UNITED STATES	USA								1	043	043	04	1	2.8	2	1	2	4.19580419580419	3	Orlando, Florida, United States	US	USFL	FL095	28.5383	-81.3792	288240	3	Orlando, Florida, United States	US	USFL	FL095	28.5383	-81.3792	288240	3	Orlando, Florida, United States	US	USFL	FL095	28.5383	-81.3792	288240	20250613230000	https://www.yahoo.com/news/miss-florida-usa-2025-uf-211518819.html
1249588540	20250613	202506	2025	2025.4466	EDU	SCHOOL						EDU			USA	UNITED STATES	USA								1	043	043	04	1	2.8	1	1	1	4.19580419580419	3	Orlando, Florida, United States	US	USFL	FL095	28.5383	-81.3792	288240	3	Orlando, Florida, United States	US	USFL	FL095	28.5383	-81.3792	288240	3	Winter Park, Florida, United States	US	USFL		28.6	-81.3392	293428	20250613230000	https://www.yahoo.com/news/miss-florida-usa-2025-uf-211518819.html
1249588541	20250613	202506	2025	2025.4466	EDU	SCHOOL						EDU			USA	ORLANDO	USA								1	043	043	04	1	2.8	1	1	1	4.19580419580419	3	Orlando, Florida, United States	US	USFL	FL095	28.5383	-81.3792	288240	3	Winter Park, Florida, United States	US	USFL		28.6	-81.3392	293428	3	Winter Park, Florida, United States	US	USFL		28.6	-81.3392	293428	20250613230000	https://www.yahoo.com/news/miss-florida-usa-2025-uf-211518819.html
1249588542	20250613	202506	2025	2025.4466	EDU	UNIVERSITY						EDU			USA	UNITED STATES	USA								1	046	046	04	1	7.0	8	1	8	0.92879256965944	3	University Center, New York, United States	US	USNY	NY081	40.7233	-73.7936	2080572	3	University Center, New York, United States	US	USNY		40.7233	-73.7936	2080572	3	University Center, New York, United States	US	USNY		40.7233	-73.7936	2080572	20250613230000	https://jbhe.com/2025/06/new-faculty-appointments-for-three-black-professors/
1249588543	20250613	202506	2025	2025.4466	EDU	UNIVERSITY						EDU			USA	UNITED STATES	USA								0	160	160	16	4	-4.0	2	1	2	-4.24481737413622	2	Idaho, United States	US	USID		44.2394	-114.51	ID	2	Idaho, United States	US	USID		44.2394	-114.51	ID	2	Idaho, United States	US	USID		44.2394	-114.51	ID	20250613230000	https://www.catholicworldreport.com/2025/06/13/pro-life-sentiments-are-on-the-rise-according-to-gallup-poll/
1249588544	20250613	202506	2025	2025.4466	EDU	PROFESSOR						EDU			USAEDU	UNITED STATES	USA					EDU			0	071	071	07	2	7.4	2	1	2	-4.60526315789474	3	Washington, District of Columbia, United States	US	USDC	DC001	38.8951	-77.0364	531871	2	Florida, United States	US	USFL		27.8333	-81.717	FL	2	Florida, United States	US	USFL		27.8333	-81.717	FL	20250613230000	https://www.yahoo.com/news/people-protesting-more-usual-jaw-221606152.html
1249588545	20250613	202506	2025	2025.4466	EDU	PROFESSOR						EDU			USAEDU	UNITED STATES	USA					EDU			0	071	071	07	2	7.4	2	1	2	-4.60526315789474	2	Florida, United States	US	USFL		27.8333	-81.717	FL	2	Florida, United States	US	USFL		27.8333	-81.717	FL	2	Florida, United States	US	USFL		27.8333	-81.717	FL	20250613230000	https://www.yahoo.com/news/people-protesting-more-usual-jaw-221606152.html
1249588546	20250613	202506	2025	2025.4466	EDU	COLLEGE						EDU			USAMED	THE ASSOCIATED PRESS	USA					MED			0	042	042	04	1	1.9	4	1	4	-4.39770554493308	4	Ahmedabad, Gujarat, India	IN	IN09	17644	23.0333	72.6167	-2088270	4	Ahmedabad, Gujarat, India	IN	IN09	17644	23.0333	72.6167	-2088270	4	Ahmedabad, Gujarat, India	IN	IN09	17644	23.0333	72.6167	-2088270	20250613230000	https://www.yahoo.com/news/why-did-air-india-plane-220342083.html
1249588547	20250613	202506	2025	2025.4466	EDU	COLLEGE						EDU			USAMED	THE ASSOCIATED PRESS	USA					MED			0	042	042	04	1	1.9	6	1	6	-4.39770554493308	4	London, London, City of, United Kingdom	UK	UKH9	40110	51.5	-0.116667	-2601889	4	London, London, City of, United Kingdom	UK	UKH9	40110	51.5	-0.116667	-2601889	4	London, London, City of, United Kingdom	UK	UKH9	40110	51.5	-0.116667	-2601889	20250613230000	https://www.yahoo.com/news/why-did-air-india-plane-220342083.html
1249588548	20250613	202506	2025	2025.4466	EDU	COLLEGE						EDU			USAMED	THE ASSOCIATED PRESS	USA					MED			0	043	043	04	1	2.8	4	1	4	-4.39770554493308	4	Ahmedabad, Gujarat, India	IN	IN09	17644	23.0333	72.6167	-2088270	4	Ahmedabad, Gujarat, India	IN	IN09	17644	23.0333	72.6167	-2088270	4	Ahmedabad, Gujarat, India	IN	IN09	17644	23.0333	72.6167	-2088270	20250613230000	https://www.yahoo.com/news/why-did-air-india-plane-220342083.html
1249588549	20250613	202506	2025	2025.4466	EDU	COLLEGE						EDU			USAMED	THE ASSOCIATED PRESS	USA					MED			0	043	043	04	1	2.8	6	1	6	-4.39770554493308	4	London, London, City of, United Kingdom	UK	UKH9	40110	51.5	-0.116667	-2601889	4	London, London, City of, United Kingdom	UK	UKH9	40110	51.5	-0.116667	-2601889	4	London, London, City of, United Kingdom	UK	UKH9	40110	51.5	-0.116667	-2601889	20250613230000	https://www.yahoo.com/news/why-did-air-india-plane-220342083.html
1249588550	20250613	202506	2025	2025.4466	EGY	NILE	EGY																		0	042	042	04	1	1.9	5	1	5	6.94896851248643	4	Murchison Falls National Park, Kiryandongo District, Uganda	UG	UGF7	18585	2.16002	31.7591	-1728241	0								4	Murchison Falls National Park, Kiryandongo District, Uganda	UG	UGF7	18585	2.16002	31.7591	-1728241	20250613230000	http://www.bahoneza.com/romantic-things-to-do-on-holiday-in-uganda/
1249588551	20250613	202506	2025	2025.4466	EGY	NILE	EGY								AFR	AFRICA	AFR								0	042	042	04	1	1.9	5	1	5	6.94896851248643	4	Murchison Falls National Park, Kiryandongo District, Uganda	UG	UGF7	18585	2.16002	31.7591	-1728241	4	Murchison Falls National Park, Kiryandongo District, Uganda	UG	UGF7	18585	2.16002	31.7591	-1728241	4	Murchison Falls National Park, Kiryandongo District, Uganda	UG	UGF7	18585	2.16002	31.7591	-1728241	20250613230000	http://www.bahoneza.com/romantic-things-to-do-on-holiday-in-uganda/
1249588552	20250613	202506	2025	2025.4466	EGY	EGYPT	EGY								EGYGOV	EGYPT	EGY					GOV			0	020	020	02	1	3.0	2	1	2	-2.51256281407035	4	Alexandria, Al Iskandariyah, Egypt	EG	EG06	61590	31.1981	29.9192	-290263	4	Alexandria, Al Iskandariyah, Egypt	EG	EG06	61590	31.1981	29.9192	-290263	4	Alexandria, Al Iskandariyah, Egypt	EG	EG06	61590	31.1981	29.9192	-290263	20250613230000	https://www.yahoo.com/news/anderson-council-wants-funding-shady-221800877.html
1249588553	20250613	202506	2025	2025.4466	EGY	EGYPT	EGY								GOV	MAYOR						GOV			0	020	020	02	1	3.0	2	1	2	-2.51256281407035	4	Alexandria, Al Iskandariyah, Egypt	EG	EG06	61590	31.1981	29.9192	-290263	4	Alexandria, Al Iskandariyah, Egypt	EG	EG06	61590	31.1981	29.9192	-290263	4	Alexandria, Al Iskandariyah, Egypt	EG	EG06	61590	31.1981	29.9192	-290263	20250613230000	https://www.yahoo.com/news/anderson-council-wants-funding-shady-221800877.html
1249588554	20250613	202506	2025	2025.4466	ELI	ACTOR						ELI			GHA	GHANA	GHA								1	020	020	02	1	3.0	2	1	2	3.24909747292419	1	Ghana	GH	GH		8	-2	GH	1	Ghana	GH	GH		8	-2	GH	1	Ghana	GH	GH		8	-2	GH	20250613230000	https://www.ghanamma.com/2025/06/13/melvin-dain-acting-is-about-living-truthfully-in-someone-elses-skin/
1249588555	20250613	202506	2025	2025.4466	ELI	ACTOR						ELI			sen	SENA			sen						1	020	020	02	1	3.0	3	1	3	3.24909747292419	1	Ghana	GH	GH		8	-2	GH	1	Ghana	GH	GH		8	-2	GH	1	Ghana	GH	GH		8	-2	GH	20250613230000	https://www.ghanamma.com/2025/06/13/melvin-dain-acting-is-about-living-truthfully-in-someone-elses-skin/
1249588556	20250613	202506	2025	2025.4466	ESP	SPANISH	ESP																		1	071	071	07	2	7.4	10	1	10	2.05655526992288	1	Italy	IT	IT		42.833333	12.833333	IT	0								1	Italy	IT	IT		42.833333	12.833333	IT	20250613230000	https://finance.yahoo.com/news/multiverse-raises-215m-advance-compactifai-152830999.html
1249588557	20250613	202506	2025	2025.4466	ESP	SPANISH	ESP								GBRGIB	GIBRALTAR	GBR								0	030	030	03	1	4.0	1	1	1	0.86330935251799	1	Gibraltar	GI	GI		36.133333	-5.35	GI	1	Gibraltar	GI	GI		36.133333	-5.35	GI	1	Spain	SP	SP		40	-4	SP	20250613230000	http://www.gbc.gi/news/government-opens-treaty-email-after-gbcs-viewpoint-is-inundated-with-queries
1249588558	20250613	202506	2025	2025.4466	ESP	SPANISH	ESP								GBRGIB	GIBRALTAR	GBR								0	030	030	03	1	4.0	1	1	1	0.86330935251799	1	Spain	SP	SP		40	-4	SP	1	Gibraltar	GI	GI		36.133333	-5.35	GI	1	Spain	SP	SP		40	-4	SP	20250613230000	http://www.gbc.gi/news/government-opens-treaty-email-after-gbcs-viewpoint-is-inundated-with-queries
1249588559	20250613	202506	2025	2025.4466	ESP	SPAIN	ESP								IGOEUREEC	THE EU	EUR	EEC				IGO			0	042	042	04	1	1.9	8	1	8	0.86330935251799	1	Spain	SP	SP		40	-4	SP	1	Spain	SP	SP		40	-4	SP	1	Spain	SP	SP		40	-4	SP	20250613230000	http://www.gbc.gi/news/government-opens-treaty-email-after-gbcs-viewpoint-is-inundated-with-queries
1249588560	20250613	202506	2025	2025.4466	ESP	SPAIN	ESP								IGOEUREEC	THE EU	EUR	EEC				IGO			0	192	192	19	4	-9.5	1	1	1	0.86330935251799	1	Spain	SP	SP		40	-4	SP	1	Spain	SP	SP		40	-4	SP	4	London, London, City of, United Kingdom	UK	UKH9	40110	51.5	-0.116667	-2601889	20250613230000	http://www.gbc.gi/news/government-opens-treaty-email-after-gbcs-viewpoint-is-inundated-with-queries
1249588561	20250613	202506	2025	2025.4466	ESP	SPAIN	ESP								IGOEUREEC	THE EU	EUR	EEC				IGO			0	192	192	19	4	-9.5	7	1	7	0.86330935251799	1	Spain	SP	SP		40	-4	SP	1	Spain	SP	SP		40	-4	SP	1	Spain	SP	SP		40	-4	SP	20250613230000	http://www.gbc.gi/news/government-opens-treaty-email-after-gbcs-viewpoint-is-inundated-with-queries
1249588562	20250613	202506	2025	2025.4466	ETHEDU	ETHIOPIA	ETH					EDU			DNKEDU	DENMARK	DNK					EDU			1	057	057	05	1	8.0	6	1	6	6.72645739910314	4	Salale, Oromiya, Ethiopia	ET	ET51	47694	9.78333	38.6333	-610774	1	Denmark	DA	DA		56	10	DA	4	Salale, Oromiya, Ethiopia	ET	ET51	47694	9.78333	38.6333	-610774	20250613230000	https://jbhe.com/2025/06/voorhees-university-establishes-new-exchange-partnership-with-salale-university-in-ethiopia/
1249588563	20250613	202506	2025	2025.4466	ETHEDU	ETHIOPIA	ETH					EDU			DNKEDU	DENMARK	DNK					EDU			1	057	057	05	1	8.0	2	1	2	6.72645739910314	4	Salale, Oromiya, Ethiopia	ET	ET51	47694	9.78333	38.6333	-610774	1	Denmark	DA	DA		56	10	DA	2	South Carolina, United States	US	USSC		33.8191	-80.9066	SC	20250613230000	https://jbhe.com/2025/06/voorhees-university-establishes-new-exchange-partnership-with-salale-university-in-ethiopia/
1249588564	20250613	202506	2025	2025.4466	EUR	EUROPE	EUR																		1	043	043	04	1	2.8	2	1	2	-5.32786885245902	3	Boulder County, Colorado, United States	US	USCO	CO013	40.0833	-105.351	198122	0								3	Boulder County, Colorado, United States	US	USCO		40.0833	-105.351	198122	20250613230000	https://www.dailycamera.com/2025/06/13/flatiron-flyer-measles-colorado-denver-boulder/
1249588565	20250613	202506	2025	2025.4466	EUR	EUROPEAN	EUR								MIL	MILITARY						MIL			0	071	071	07	2	7.4	5	1	5	0.61199510403917	1	United States	US	US		39.828175	-98.5795	US	1	Canada	CA	CA		60	-96	CA	1	United States	US	US		39.828175	-98.5795	US	20250613230000	https://www.cbc.ca/news/politics/canada-signing-onto-european-rearment-deal-eu-canada-summit-1.7560891
1249588566	20250613	202506	2025	2025.4466	EUR	EUROPE	EUR								SWE	STOCKHOLM	SWE								0	150	150	15	4	-7.2	8	1	8	-6.13138686131387	4	Stockholm, Stockholm, Sweden	SW	SW26	26170	59.3333	18.05	-2524279	4	Stockholm, Stockholm, Sweden	SW	SW26	26170	59.3333	18.05	-2524279	4	Stockholm, Stockholm, Sweden	SW	SW26	26170	59.3333	18.05	-2524279	20250613230000	https://www.algemeiner.com/2025/06/13/israel-closes-embassies-worldwide-jews-abroad-urged-be-vigilant-following-iran-strikes/
1249588567	20250613	202506	2025	2025.4466	EUR	EUROPE	EUR								SWE	STOCKHOLM	SWE								0	150	150	15	4	-7.2	2	1	2	-6.13138686131387	4	Tehran, Tehran, Iran	IR	IR26	41130	35.75	51.5148	10074674	4	Stockholm, Stockholm, Sweden	SW	SW26	26170	59.3333	18.05	-2524279	4	Tehran, Tehran, Iran	IR	IR26	41130	35.75	51.5148	10074674	20250613230000	https://www.algemeiner.com/2025/06/13/israel-closes-embassies-worldwide-jews-abroad-urged-be-vigilant-following-iran-strikes/
1249588568	20250613	202506	2025	2025.4466	EUR	EUROPE	EUR								USA	UNITED STATES	USA								1	043	043	04	1	2.8	6	1	6	-5.32786885245902	3	Boulder County, Colorado, United States	US	USCO	CO013	40.0833	-105.351	198122	3	Boulder County, Colorado, United States	US	USCO		40.0833	-105.351	198122	3	Boulder County, Colorado, United States	US	USCO		40.0833	-105.351	198122	20250613230000	https://www.dailycamera.com/2025/06/13/flatiron-flyer-measles-colorado-denver-boulder/
1249588569	20250613	202506	2025	2025.4466	EUR	EUROPE	EUR								USA	UNITED STATES	USA								1	043	043	04	1	2.8	2	1	2	-5.32786885245902	3	Boulder County, Colorado, United States	US	USCO	CO013	40.0833	-105.351	198122	3	Denver, Colorado, United States	US	USCO	CO031	39.7392	-104.985	201738	3	Boulder County, Colorado, United States	US	USCO		40.0833	-105.351	198122	20250613230000	https://www.dailycamera.com/2025/06/13/flatiron-flyer-measles-colorado-denver-boulder/
1249588570	20250613	202506	2025	2025.4466	FRA	FRANCE	FRA																		1	010	010	01	1	0.0	1	1	1	1.08303249097473	4	Valmeinier, RhôAlpes, France	FR	FRB9	16333	45.1854	6.48113	-1474616	0								4	Valmeinier, RhôAlpes, France	FR	FRB9	16333	45.1854	6.48113	-1474616	20250613230000	https://thefrontierpost.com/pogacar-leads-dauphine-after-dominating-stage-six-climbs/
1249588571	20250613	202506	2025	2025.4466	FRA	FRANCE	FRA																		1	020	020	02	1	3.0	1	1	1	1.08303249097473	4	Valmeinier, RhôAlpes, France	FR	FRB9	16333	45.1854	6.48113	-1474616	0								4	Valmeinier, RhôAlpes, France	FR	FRB9	16333	45.1854	6.48113	-1474616	20250613230000	https://thefrontierpost.com/pogacar-leads-dauphine-after-dominating-stage-six-climbs/
1249588572	20250613	202506	2025	2025.4466	FRA	FRANCE	FRA																		1	020	020	02	1	3.0	4	1	4	-1.99692780337942	1	Canada	CA	CA		60	-96	CA	0								1	Canada	CA	CA		60	-96	CA	20250613230000	http://www.hltv.org/news/41960/mouz-consign-liquid-to-last-place-in-stage-3-despite-ultimates-45-kill-decider
1249588573	20250613	202506	2025	2025.4466	FRA	FRANCE	FRA																		0	051	051	05	1	3.4	5	1	5	-2.59259259259259	4	Paris, France (general), France	FR	FR00	16282	48.8667	2.33333	-1456928	0								1	Iran	IR	IR		32	53	IR	20250613230000	https://www.kuna.net.kw/ArticleDetails.aspx?id=3235944&language=en
1249588574	20250613	202506	2025	2025.4466	FRA	BREST	FRA																		0	070	070	07	2	7.0	6	1	6	-3.601108033241	4	Tehran, Tehran, Iran	IR	IR26	41130	35.75	51.5148	10074674	0								4	Tehran, Tehran, Iran	IR	IR26	41130	35.75	51.5148	10074674	20250613230000	https://gazette.com/news/wex/us-assisting-israel-in-shooting-down-iranian-missiles/article_c2277295-2e30-5aca-89be-486221f13ede.html
1249588575	20250613	202506	2025	2025.4466	FRA	BREST	FRA								IRN	IRAN	IRN								0	070	070	07	2	7.0	2	1	2	-3.601108033241	4	Tehran, Tehran, Iran	IR	IR26	41130	35.75	51.5148	10074674	4	Tehran, Tehran, Iran	IR	IR26	41130	35.75	51.5148	10074674	4	Tehran, Tehran, Iran	IR	IR26	41130	35.75	51.5148	10074674	20250613230000	https://gazette.com/news/wex/us-assisting-israel-in-shooting-down-iranian-missiles/article_c2277295-2e30-5aca-89be-486221f13ede.html
1249588576	20250613	202506	2025	2025.4466	FRA	FRANCE	FRA								IRN	IRAN	IRN								0	190	190	19	4	-10.0	2	1	2	-2.59259259259259	4	Paris, France (general), France	FR	FR00	16282	48.8667	2.33333	-1456928	1	Iran	IR	IR		32	53	IR	1	Iran	IR	IR		32	53	IR	20250613230000	https://www.kuna.net.kw/ArticleDetails.aspx?id=3235944&language=en
1249588577	20250613	202506	2025	2025.4466	FRA	FRANCE	FRA								IRN	IRAN	IRN								0	190	190	19	4	-10.0	8	1	8	-2.59259259259259	1	Iran	IR	IR		32	53	IR	1	Iran	IR	IR		32	53	IR	1	Iran	IR	IR		32	53	IR	20250613230000	https://www.kuna.net.kw/ArticleDetails.aspx?id=3235944&language=en
1249588578	20250613	202506	2025	2025.4466	FRA	FRANCE	FRA								ISR	ISRAEL	ISR								0	010	010	01	1	0.0	8	1	8	-7.86516853932584	4	Paris, France (general), France	FR	FR00	16282	48.8667	2.33333	-1456928	1	Israel	IS	IS		31.5	34.75	IS	1	Israel	IS	IS		31.5	34.75	IS	20250613230000	https://dunyanews.tv/en/World/889241-how-the-world-is-reacting-to-israel-attacks-on-iran-nuclear-military-
1249588579	20250613	202506	2025	2025.4466	FRA	FRANCE	FRA								ISR	ISRAEL	ISR								0	010	010	01	1	0.0	2	1	2	-7.86516853932584	4	Kremlin, Moskva, Russia	RS	RS48	25106	55.7522	37.6156	-2960561	4	Paris, France (general), France	FR	FR00	16282	48.8667	2.33333	-1456928	4	Paris, France (general), France	FR	FR00	16282	48.8667	2.33333	-1456928	20250613230000	https://dunyanews.tv/en/World/889241-how-the-world-is-reacting-to-israel-attacks-on-iran-nuclear-military-
1249588580	20250613	202506	2025	2025.4466	FRA	FRANCE	FRA								ISR	ISRAEL	ISR								0	020	020	02	1	3.0	8	1	8	-7.86516853932584	4	Paris, France (general), France	FR	FR00	16282	48.8667	2.33333	-1456928	1	Israel	IS	IS		31.5	34.75	IS	4	Paris, France (general), France	FR	FR00	16282	48.8667	2.33333	-1456928	20250613230000	https://dunyanews.tv/en/World/889241-how-the-world-is-reacting-to-israel-attacks-on-iran-nuclear-military-
1249588581	20250613	202506	2025	2025.4466	FRA	FRANCE	FRA								ISR	ISRAEL	ISR								0	020	020	02	1	3.0	2	1	2	-7.86516853932584	4	Kremlin, Moskva, Russia	RS	RS48	25106	55.7522	37.6156	-2960561	4	Paris, France (general), France	FR	FR00	16282	48.8667	2.33333	-1456928	4	Kremlin, Moskva, Russia	RS	RS48	25106	55.7522	37.6156	-2960561	20250613230000	https://dunyanews.tv/en/World/889241-how-the-world-is-reacting-to-israel-attacks-on-iran-nuclear-military-
1249588582	20250613	202506	2025	2025.4466	FRA	FRENCH	FRA								PSE	PALESTINE	PSE								1	010	010	01	1	0.0	2	1	2	0.89820359281437	4	Anadolu, Turkey (general), Turkey	TU	TU00	28356	39	35	-735281	4	Anadolu, Turkey (general), Turkey	TU	TU00	28356	39	35	-735281	4	Anadolu, Turkey (general), Turkey	TU	TU00	28356	39	35	-735281	20250613230000	https://www.aa.com.tr/en/europe/france-determined-to-recognize-state-of-palestine-foreign-minister-says/3597431
1249588583	20250613	202506	2025	2025.4466	FRA	FRENCH	FRA								PSE	PALESTINE	PSE								1	010	010	01	1	0.0	2	1	2	0.89820359281437	4	Gaza, Israel (general), Israel	IS	IS00	18315	31.4167	34.3333	-797156	4	Anadolu, Turkey (general), Turkey	TU	TU00	28356	39	35	-735281	4	Anadolu, Turkey (general), Turkey	TU	TU00	28356	39	35	-735281	20250613230000	https://www.aa.com.tr/en/europe/france-determined-to-recognize-state-of-palestine-foreign-minister-says/3597431
1249588584	20250613	202506	2025	2025.4466	FRA	PARIS	FRA								PSE	PALESTINE	PSE								1	051	051	05	1	3.4	2	1	2	-2.59259259259259	1	Iran	IR	IR		32	53	IR	1	Iran	IR	IR		32	53	IR	1	Iran	IR	IR		32	53	IR	20250613230000	https://www.kuna.net.kw/ArticleDetails.aspx?id=3235944&language=en
1249588585	20250613	202506	2025	2025.4466	FRA	FRENCH	FRA								USA	UNITED STATES	USA								0	040	040	04	1	1.0	2	1	2	-2.37341772151899	1	France	FR	FR		46	2	FR	3	White House, District of Columbia, United States	US	USDC		38.8951	-77.0364	531871	3	White House, District of Columbia, United States	US	USDC		38.8951	-77.0364	531871	20250613230000	https://www.columbian.com/news/2025/jun/13/israeli-strikes-on-iran-lead-to-new-test-of-trumps-ability-to-deliver-on-america-first-agenda/
1249588586	20250613	202506	2025	2025.4466	FRA	PARIS	FRA								USA	UNITED STATES	USA								1	043	043	04	1	2.8	2	1	2	2.7431421446384	4	Paris, France (general), France	FR	FR00	16282	48.8667	2.33333	-1456928	2	New York, United States	US	USNY		42.1497	-74.9384	NY	2	Texas, United States	US	USTX		31.106	-97.6475	TX	20250613230000	https://www.publishersweekly.com:443/pw/by-topic/industry-news/tip-sheet/article/98008-celebrating-the-later-work-of-edmund-white.html
1249588587	20250613	202506	2025	2025.4466	FRA	PARIS	FRA								USA	TEXAS	USA								1	043	043	04	1	2.8	4	1	4	2.7431421446384	4	Paris, France (general), France	FR	FR00	16282	48.8667	2.33333	-1456928	2	Texas, United States	US	USTX		31.106	-97.6475	TX	2	Texas, United States	US	USTX		31.106	-97.6475	TX	20250613230000	https://www.publishersweekly.com:443/pw/by-topic/industry-news/tip-sheet/article/98008-celebrating-the-later-work-of-edmund-white.html
1249588588	20250613	202506	2025	2025.4466	FRA	FRENCH	FRA								USA	UNITED STATES	USA								0	043	043	04	1	2.8	1	1	1	0	3	White House, District of Columbia, United States	US	USDC		38.8951	-77.0364	531871	1	Israel	IS	IS		31.5	34.75	IS	3	White House, District of Columbia, United States	US	USDC		38.8951	-77.0364	531871	20250613230000	https://960weli.iheart.com/featured/the-clay-travis-and-buck-sexton-show/content/2025-06-13-1119-the-clay-travis-and-buck-hour-3-an-israeli-pov/
1249588589	20250613	202506	2025	2025.4466	FRA	PARIS	FRA								USA	UNITED STATES	USA								1	043	043	04	1	2.8	2	1	2	2.7431421446384	1	Colombia	CO	CO		4	-72	CO	2	New York, United States	US	USNY		42.1497	-74.9384	NY	2	New York, United States	US	USNY		42.1497	-74.9384	NY	20250613230000	https://www.publishersweekly.com:443/pw/by-topic/industry-news/tip-sheet/article/98008-celebrating-the-later-work-of-edmund-white.html
1249588590	20250613	202506	2025	2025.4466	FRA	FRANCE	FRA								USA	UNITED STATES	USA								1	043	043	04	1	2.8	2	1	2	2.7431421446384	2	Texas, United States	US	USTX		31.106	-97.6475	TX	2	Texas, United States	US	USTX		31.106	-97.6475	TX	2	Texas, United States	US	USTX		31.106	-97.6475	TX	20250613230000	https://www.publishersweekly.com:443/pw/by-topic/industry-news/tip-sheet/article/98008-celebrating-the-later-work-of-edmund-white.html
1249588591	20250613	202506	2025	2025.4466	FRA	FRENCH	FRA								USAGOV	THE WHITE HOUSE	USA					GOV			0	043	043	04	1	2.8	3	1	3	0	3	White House, District of Columbia, United States	US	USDC		38.8951	-77.0364	531871	3	White House, District of Columbia, United States	US	USDC		38.8951	-77.0364	531871	3	White House, District of Columbia, United States	US	USDC		38.8951	-77.0364	531871	20250613230000	https://960weli.iheart.com/featured/the-clay-travis-and-buck-sexton-show/content/2025-06-13-1119-the-clay-travis-and-buck-hour-3-an-israeli-pov/
1249588592	20250613	202506	2025	2025.4466	FRA	FRENCH	FRA								USAGOV	THE WHITE HOUSE	USA					GOV			0	043	043	04	1	2.8	1	1	1	0	3	White House, District of Columbia, United States	US	USDC		38.8951	-77.0364	531871	1	Israel	IS	IS		31.5	34.75	IS	3	White House, District of Columbia, United States	US	USDC		38.8951	-77.0364	531871	20250613230000	https://960weli.iheart.com/featured/the-clay-travis-and-buck-sexton-show/content/2025-06-13-1119-the-clay-travis-and-buck-hour-3-an-israeli-pov/
1249588593	20250613	202506	2025	2025.4466	FRAGOV	FRANCE	FRA					GOV			ISR	ISRAEL	ISR								1	010	010	01	1	0.0	4	1	4	0.89820359281437	4	Anadolu, Turkey (general), Turkey	TU	TU00	28356	39	35	-735281	4	Anadolu, Turkey (general), Turkey	TU	TU00	28356	39	35	-735281	4	Anadolu, Turkey (general), Turkey	TU	TU00	28356	39	35	-735281	20250613230000	https://www.aa.com.tr/en/europe/france-determined-to-recognize-state-of-palestine-foreign-minister-says/3597431
1249588594	20250613	202506	2025	2025.4466	FRAGOV	FRENCH	FRA					GOV			PSE	PALESTINE	PSE								1	010	010	01	1	0.0	2	1	2	0.89820359281437	4	Anadolu, Turkey (general), Turkey	TU	TU00	28356	39	35	-735281	4	Anadolu, Turkey (general), Turkey	TU	TU00	28356	39	35	-735281	4	Anadolu, Turkey (general), Turkey	TU	TU00	28356	39	35	-735281	20250613230000	https://www.aa.com.tr/en/europe/france-determined-to-recognize-state-of-palestine-foreign-minister-says/3597431
1249588595	20250613	202506	2025	2025.4466	GBR	UNITED KINGDOM	GBR																		1	042	042	04	1	1.9	2	1	2	0.53475935828877	4	Knebworth, Hertfordshire, United Kingdom	UK	UKF8	40114	51.8667	-0.2	-2600467	0								4	Knebworth, Hertfordshire, United Kingdom	UK	UKF8	40114	51.8667	-0.2	-2600467	20250613230000	https://hypebeast.com/2025/6/elizabeth-peyton-oasis-portrait-sothebys-london-auction
1249588596	20250613	202506	2025	2025.4466	GBR	UNITED KINGDOM	GBR																		0	043	043	04	1	2.8	1	1	1	-6.49558941459503	1	Ghana	GH	GH		8	-2	GH	0								4	London, London, City of, United Kingdom	UK	UKH9	40110	51.5	-0.116667	-2601889	20250613230000	https://www.okayafrica.com/today-in-africa-news-brief-2025/
1249588597	20250613	202506	2025	2025.4466	GBR	UNITED KINGDOM	GBR																		0	051	051	05	1	3.4	2	1	2	3.00957592339261	4	Darwen, Blackburn with Darwen, United Kingdom	UK	UKA8	40123	53.7	-2.46667	-2594113	0								4	Darwen, Blackburn with Darwen, United Kingdom	UK	UKA8	40123	53.7	-2.46667	-2594113	20250613230000	https://www.manchestereveningnews.co.uk/news/greater-manchester-news/greater-manchester-council-boss-handed-31854598
1249588598	20250613	202506	2025	2025.4466	GBR	UNITED KINGDOM	GBR																		1	073	073	07	2	7.4	2	1	2	0.53475935828877	4	Knebworth, Hertfordshire, United Kingdom	UK	UKF8	40114	51.8667	-0.2	-2600467	0								4	Knebworth, Hertfordshire, United Kingdom	UK	UKF8	40114	51.8667	-0.2	-2600467	20250613230000	https://hypebeast.com/2025/6/elizabeth-peyton-oasis-portrait-sothebys-london-auction
1249588599	20250613	202506	2025	2025.4466	GBR	UNITED KINGDOM	GBR																		1	073	073	07	2	7.4	2	1	2	0.53475935828877	4	Knebworth, Hertfordshire, United Kingdom	UK	UKF8	40114	51.8667	-0.2	-2600467	0								1	United States	US	US		39.828175	-98.5795	US	20250613230000	https://hypebeast.com/2025/6/elizabeth-peyton-oasis-portrait-sothebys-london-auction
1249588600	20250613	202506	2025	2025.4466	GBR	UNITED KINGDOM	GBR																		0	110	110	11	3	-2.0	2	1	2	-5.10855683269477	4	Kirkwall, Orkney Islands, United Kingdom	UK	UKV9	40174	58.9667	-2.95	-2600430	0								4	Kirkwall, Orkney Islands, United Kingdom	UK	UKV9	40174	58.9667	-2.95	-2600430	20250613230000	https://www.dailymail.co.uk/news/article-14811003/How-coldblooded-restaurant-murder-popular-waiter-left-peaceful-island-community-living-fear.html
1249588601	20250613	202506	2025	2025.4466	GBR	UNITED KINGDOM	GBR																		0	190	190	19	4	-10.0	2	1	2	-5.10855683269477	4	Kirkwall, Orkney Islands, United Kingdom	UK	UKV9	40174	58.9667	-2.95	-2600430	0								4	Kirkwall, Orkney Islands, United Kingdom	UK	UKV9	40174	58.9667	-2.95	-2600430	20250613230000	https://www.dailymail.co.uk/news/article-14811003/How-coldblooded-restaurant-murder-popular-waiter-left-peaceful-island-community-living-fear.html
1249588602	20250613	202506	2025	2025.4466	GBR	UNITED KINGDOM	GBR																		0	193	193	19	4	-10.0	2	1	2	-5.10855683269477	4	Kirkwall, Orkney Islands, United Kingdom	UK	UKV9	40174	58.9667	-2.95	-2600430	0								4	Kirkwall, Orkney Islands, United Kingdom	UK	UKV9	40174	58.9667	-2.95	-2600430	20250613230000	https://www.dailymail.co.uk/news/article-14811003/How-coldblooded-restaurant-murder-popular-waiter-left-peaceful-island-community-living-fear.html
1249588603	20250613	202506	2025	2025.4466	GBR	UNITED KINGDOM	GBR								AUS	AUSTRALIA	AUS								1	042	042	04	1	1.9	2	1	2	2.89017341040462	4	London, London, City of, United Kingdom	UK	UKH9	40110	51.5	-0.116667	-2601889	4	Sydney, New South Wales, Australia	AS	AS02	154637	-33.8833	151.217	-1603135	4	Sydney, New South Wales, Australia	AS	AS02	154637	-33.8833	151.217	-1603135	20250613230000	https://www.marieclaire.com/fashion/sydney-sweeney-miu-miu-fall-2025-outfit/
1249588604	20250613	202506	2025	2025.4466	GBR	UNITED KINGDOM	GBR								AUS	AUSTRALIA	AUS								1	042	042	04	1	1.9	2	1	2	2.89017341040462	4	London, London, City of, United Kingdom	UK	UKH9	40110	51.5	-0.116667	-2601889	4	Sydney, New South Wales, Australia	AS	AS02	154637	-33.8833	151.217	-1603135	4	London, London, City of, United Kingdom	UK	UKH9	40110	51.5	-0.116667	-2601889	20250613230000	https://www.marieclaire.com/fashion/sydney-sweeney-miu-miu-fall-2025-outfit/
1249588605	20250613	202506	2025	2025.4466	GBR	UNITED KINGDOM	GBR								AUS	AUSTRALIA	AUS								1	051	051	05	1	3.4	2	1	2	2.89017341040462	4	Sydney, New South Wales, Australia	AS	AS02	154637	-33.8833	151.217	-1603135	4	Sydney, New South Wales, Australia	AS	AS02	154637	-33.8833	151.217	-1603135	4	Sydney, New South Wales, Australia	AS	AS02	154637	-33.8833	151.217	-1603135	20250613230000	https://www.marieclaire.com/fashion/sydney-sweeney-miu-miu-fall-2025-outfit/
1249588606	20250613	202506	2025	2025.4466	GBR	UNITED KINGDOM	GBR								AUS	AUSTRALIA	AUS								1	051	051	05	1	3.4	1	1	1	2.89017341040462	4	London, London, City of, United Kingdom	UK	UKH9	40110	51.5	-0.116667	-2601889	4	Sydney, New South Wales, Australia	AS	AS02	154637	-33.8833	151.217	-1603135	4	Sydney, New South Wales, Australia	AS	AS02	154637	-33.8833	151.217	-1603135	20250613230000	https://www.marieclaire.com/fashion/sydney-sweeney-miu-miu-fall-2025-outfit/
1249588607	20250613	202506	2025	2025.4466	GBR	UNITED KINGDOM	GBR								AUS	AUSTRALIA	AUS								1	051	051	05	1	3.4	1	1	1	2.89017341040462	4	London, London, City of, United Kingdom	UK	UKH9	40110	51.5	-0.116667	-2601889	4	Sydney, New South Wales, Australia	AS	AS02	154637	-33.8833	151.217	-1603135	4	London, London, City of, United Kingdom	UK	UKH9	40110	51.5	-0.116667	-2601889	20250613230000	https://www.marieclaire.com/fashion/sydney-sweeney-miu-miu-fall-2025-outfit/
1249588608	20250613	202506	2025	2025.4466	GBR	UNITED KINGDOM	GBR								BGD	BANGLADESH	BGD								1	120	120	12	3	-4.0	2	1	2	-7.18390804597701	4	London, London, City of, United Kingdom	UK	UKH9	40110	51.5	-0.116667	-2601889	4	London, London, City of, United Kingdom	UK	UKH9	40110	51.5	-0.116667	-2601889	4	London, London, City of, United Kingdom	UK	UKH9	40110	51.5	-0.116667	-2601889	20250613230000	https://banglamirrornews.com/2025/06/13/yunus-declines-meeting-with-tulip-siddiq/
1249588609	20250613	202506	2025	2025.4466	GBR	UNITED KINGDOM	GBR								BGD	BANGLADESH	BGD								1	120	120	12	3	-4.0	2	1	2	-7.18390804597701	4	Dhaka, Dhaka, Bangladesh	BG	BG81	5778	23.7231	90.4086	-2737683	4	London, London, City of, United Kingdom	UK	UKH9	40110	51.5	-0.116667	-2601889	4	London, London, City of, United Kingdom	UK	UKH9	40110	51.5	-0.116667	-2601889	20250613230000	https://banglamirrornews.com/2025/06/13/yunus-declines-meeting-with-tulip-siddiq/
1249588610	20250613	202506	2025	2025.4466	GBR	UNITED KINGDOM	GBR								COP	POLICE						COP			0	013	013	01	1	0.4	3	1	3	-5.10855683269477	4	Kirkwall, Orkney Islands, United Kingdom	UK	UKV9	40174	58.9667	-2.95	-2600430	4	Kirkwall, Orkney Islands, United Kingdom	UK	UKV9	40174	58.9667	-2.95	-2600430	4	Kirkwall, Orkney Islands, United Kingdom	UK	UKV9	40174	58.9667	-2.95	-2600430	20250613230000	https://www.dailymail.co.uk/news/article-14811003/How-coldblooded-restaurant-murder-popular-waiter-left-peaceful-island-community-living-fear.html
1249588611	20250613	202506	2025	2025.4466	GBR	UNITED KINGDOM	GBR								EDU	PROFESSOR						EDU			1	040	040	04	1	1.0	2	1	2	-0.63492063492064	4	Dhaka, Dhaka, Bangladesh	BG	BG81	5778	23.7231	90.4086	-2737683	4	London, London, City of, United Kingdom	UK	UKH9	40110	51.5	-0.116667	-2601889	4	London, London, City of, United Kingdom	UK	UKH9	40110	51.5	-0.116667	-2601889	20250613230000	http://www.calcuttanews.net/news/278280089/bangladesh-yunus-hints-at-holding-elections-in-early-february
1249588612	20250613	202506	2025	2025.4466	GBR	UNITED KINGDOM	GBR								EDU	PROFESSOR						EDU			1	040	040	04	1	1.0	2	1	2	-0.63492063492064	4	Dhaka, Dhaka, Bangladesh	BG	BG81	5778	23.7231	90.4086	-2737683	4	Dhaka, Dhaka, Bangladesh	BG	BG81	5778	23.7231	90.4086	-2737683	4	Dhaka, Dhaka, Bangladesh	BG	BG81	5778	23.7231	90.4086	-2737683	20250613230000	http://www.calcuttanews.net/news/278280089/bangladesh-yunus-hints-at-holding-elections-in-early-february
1249588613	20250613	202506	2025	2025.4466	GBR	LONDON	GBR								EDU	PROFESSOR						EDU			1	040	040	04	1	1.0	6	1	6	-0.63492063492064	1	India	IN	IN		20	77	IN	4	Dhaka, Dhaka, Bangladesh	BG	BG81	5778	23.7231	90.4086	-2737683	4	Dhaka, Dhaka, Bangladesh	BG	BG81	5778	23.7231	90.4086	-2737683	20250613230000	http://www.calcuttanews.net/news/278280089/bangladesh-yunus-hints-at-holding-elections-in-early-february
1249588614	20250613	202506	2025	2025.4466	GBR	UNITED KINGDOM	GBR								ESP	SPAIN	ESP								0	192	192	19	4	-9.5	1	1	1	0.86330935251799	4	London, London, City of, United Kingdom	UK	UKH9	40110	51.5	-0.116667	-2601889	1	Spain	SP	SP		40	-4	SP	4	London, London, City of, United Kingdom	UK	UKH9	40110	51.5	-0.116667	-2601889	20250613230000	http://www.gbc.gi/news/government-opens-treaty-email-after-gbcs-viewpoint-is-inundated-with-queries
1249588615	20250613	202506	2025	2025.4466	GBR	UNITED KINGDOM	GBR								ESP	SPAIN	ESP								0	192	192	19	4	-9.5	1	1	1	0.86330935251799	4	London, London, City of, United Kingdom	UK	UKH9	40110	51.5	-0.116667	-2601889	1	Spain	SP	SP		40	-4	SP	1	Spain	SP	SP		40	-4	SP	20250613230000	http://www.gbc.gi/news/government-opens-treaty-email-after-gbcs-viewpoint-is-inundated-with-queries
1249588616	20250613	202506	2025	2025.4466	GBR	UNITED KINGDOM	GBR								GBRBUS	UNITED KINGDOM	GBR					BUS			1	173	173	17	4	-5.0	4	1	4	-5.10855683269477	4	Springburn, Glasgow City, United Kingdom	UK	UKV2	40176	55.8833	-4.21667	-2608455	4	Springburn, Glasgow City, United Kingdom	UK	UKV2	40176	55.8833	-4.21667	-2608455	4	Springburn, Glasgow City, United Kingdom	UK	UKV2	40176	55.8833	-4.21667	-2608455	20250613230000	https://www.dailymail.co.uk/news/article-14811003/How-coldblooded-restaurant-murder-popular-waiter-left-peaceful-island-community-living-fear.html
1249588617	20250613	202506	2025	2025.4466	GBR	UNITED KINGDOM	GBR								GBRBUS	UNITED KINGDOM	GBR					BUS			1	190	190	19	4	-10.0	2	1	2	-5.10855683269477	4	Kirkwall, Orkney Islands, United Kingdom	UK	UKV9	40174	58.9667	-2.95	-2600430	4	Kirkwall, Orkney Islands, United Kingdom	UK	UKV9	40174	58.9667	-2.95	-2600430	4	Kirkwall, Orkney Islands, United Kingdom	UK	UKV9	40174	58.9667	-2.95	-2600430	20250613230000	https://www.dailymail.co.uk/news/article-14811003/How-coldblooded-restaurant-murder-popular-waiter-left-peaceful-island-community-living-fear.html
1249588618	20250613	202506	2025	2025.4466	GBR	SCOTLAND	GBR								GBRCOP	SCOTLAND	GBR					COP			1	110	110	11	3	-2.0	8	1	8	-6.83760683760684	1	United Kingdom	UK	UK		54	-4	UK	1	United Kingdom	UK	UK		54	-4	UK	1	United Kingdom	UK	UK		54	-4	UK	20250613230000	https://www.biometricupdate.com/202506/live-facial-recognition-helps-police-nab-sex-offenders-scottish-biometrics-commissioner
1249588619	20250613	202506	2025	2025.4466	GBR	UNITED KINGDOM	GBR								GOV	KING						GOV			1	010	010	01	1	0.0	6	1	6	4.69416785206259	4	Stockport, Stockport, United Kingdom	UK	UKN2	40111	53.4	-2.15	-2608770	4	Stockport, Stockport, United Kingdom	UK	UKN2	40111	53.4	-2.15	-2608770	4	Stockport, Stockport, United Kingdom	UK	UKN2	40111	53.4	-2.15	-2608770	20250613230000	https://www.manchestereveningnews.co.uk/news/tv/tess-dalys-tears-over-greatest-31854425
1249588620	20250613	202506	2025	2025.4466	GBR	UNITED KINGDOM	GBR								GOV	CHIEF EXECUTIVE						GOV			0	036	036	03	1	4.0	1	1	1	3.00957592339261	4	Manchester, Manchester, United Kingdom	UK	UKI2	40118	53.5	-2.21667	-2602512	4	Darwen, Blackburn with Darwen, United Kingdom	UK	UKA8	40123	53.7	-2.46667	-2594113	4	Manchester, Manchester, United Kingdom	UK	UKI2	40118	53.5	-2.21667	-2602512	20250613230000	https://www.manchestereveningnews.co.uk/news/greater-manchester-news/greater-manchester-council-boss-handed-31854598
1249588621	20250613	202506	2025	2025.4466	GBR	UNITED KINGDOM	GBR								GOV	CHIEF EXECUTIVE						GOV			0	036	036	03	1	4.0	1	1	1	3.00957592339261	4	Manchester, Manchester, United Kingdom	UK	UKI2	40118	53.5	-2.21667	-2602512	4	Greater Manchester, United Kingdom (general), United Kingdom	UK	UK00	40111	53.45	-2.23333	-2597513	4	Manchester, Manchester, United Kingdom	UK	UKI2	40118	53.5	-2.21667	-2602512	20250613230000	https://www.manchestereveningnews.co.uk/news/greater-manchester-news/greater-manchester-council-boss-handed-31854598
1249588622	20250613	202506	2025	2025.4466	GBR	UNITED KINGDOM	GBR								GOV	KING						GOV			1	043	043	04	1	2.8	4	1	4	4.69416785206259	4	Stockport, Stockport, United Kingdom	UK	UKN2	40111	53.4	-2.15	-2608770	4	Stockport, Stockport, United Kingdom	UK	UKN2	40111	53.4	-2.15	-2608770	4	Stockport, Stockport, United Kingdom	UK	UKN2	40111	53.4	-2.15	-2608770	20250613230000	https://www.manchestereveningnews.co.uk/news/tv/tess-dalys-tears-over-greatest-31854425
1249588623	20250613	202506	2025	2025.4466	GBR	UNITED KINGDOM	GBR								GOV	CHIEF EXECUTIVE						GOV			0	050	050	05	1	3.5	1	1	1	3.00957592339261	4	Manchester, Manchester, United Kingdom	UK	UKI2	40118	53.5	-2.21667	-2602512	4	Darwen, Blackburn with Darwen, United Kingdom	UK	UKA8	40123	53.7	-2.46667	-2594113	4	Darwen, Blackburn with Darwen, United Kingdom	UK	UKA8	40123	53.7	-2.46667	-2594113	20250613230000	https://www.manchestereveningnews.co.uk/news/greater-manchester-news/greater-manchester-council-boss-handed-31854598
1249588624	20250613	202506	2025	2025.4466	GBR	UNITED KINGDOM	GBR								GOV	CHIEF EXECUTIVE						GOV			0	050	050	05	1	3.5	1	1	1	3.00957592339261	4	Manchester, Manchester, United Kingdom	UK	UKI2	40118	53.5	-2.21667	-2602512	4	Greater Manchester, United Kingdom (general), United Kingdom	UK	UK00	40111	53.45	-2.23333	-2597513	4	Manchester, Manchester, United Kingdom	UK	UKI2	40118	53.5	-2.21667	-2602512	20250613230000	https://www.manchestereveningnews.co.uk/news/greater-manchester-news/greater-manchester-council-boss-handed-31854598
1249588625	20250613	202506	2025	2025.4466	GBR	UNITED KINGDOM	GBR								GOV	GOVERNMENT						GOV			0	070	070	07	2	7.0	2	1	2	3.00957592339261	4	Darwen, Blackburn with Darwen, United Kingdom	UK	UKA8	40123	53.7	-2.46667	-2594113	4	Darwen, Blackburn with Darwen, United Kingdom	UK	UKA8	40123	53.7	-2.46667	-2594113	4	Darwen, Blackburn with Darwen, United Kingdom	UK	UKA8	40123	53.7	-2.46667	-2594113	20250613230000	https://www.manchestereveningnews.co.uk/news/greater-manchester-news/greater-manchester-council-boss-handed-31854598
1249588626	20250613	202506	2025	2025.4466	GBR	UNITED KINGDOM	GBR								IGOEUREEC	THE EU	EUR	EEC				IGO			0	042	042	04	1	1.9	2	1	2	0.86330935251799	4	London, London, City of, United Kingdom	UK	UKH9	40110	51.5	-0.116667	-2601889	1	Spain	SP	SP		40	-4	SP	1	Spain	SP	SP		40	-4	SP	20250613230000	http://www.gbc.gi/news/government-opens-treaty-email-after-gbcs-viewpoint-is-inundated-with-queries
1249588627	20250613	202506	2025	2025.4466	GBR	UNITED KINGDOM	GBR								ISR	ISRAEL	ISR								0	012	012	01	1	-0.4	1	1	1	-7.86516853932584	4	London, London, City of, United Kingdom	UK	UKH9	40110	51.5	-0.116667	-2601889	4	London, London, City of, United Kingdom	UK	UKH9	40110	51.5	-0.116667	-2601889	4	London, London, City of, United Kingdom	UK	UKH9	40110	51.5	-0.116667	-2601889	20250613230000	https://dunyanews.tv/en/World/889241-how-the-world-is-reacting-to-israel-attacks-on-iran-nuclear-military-
1249588628	20250613	202506	2025	2025.4466	GBR	LONDON	GBR								ISR	ISRAEL	ISR								0	012	012	01	1	-0.4	2	1	2	-7.86516853932584	4	London, London, City of, United Kingdom	UK	UKH9	40110	51.5	-0.116667	-2601889	1	Israel	IS	IS		31.5	34.75	IS	4	London, London, City of, United Kingdom	UK	UKH9	40110	51.5	-0.116667	-2601889	20250613230000	https://dunyanews.tv/en/World/889241-how-the-world-is-reacting-to-israel-attacks-on-iran-nuclear-military-
1249588629	20250613	202506	2025	2025.4466	GBR	UNITED KINGDOM	GBR								SPY	INTELLIGENCE						SPY			0	014	014	01	1	0.0	4	1	4	0.85436893203883	1	United Kingdom	UK	UK		54	-4	UK	1	United Kingdom	UK	UK		54	-4	UK	1	United Kingdom	UK	UK		54	-4	UK	20250613230000	https://www.catholicworldreport.com/2025/02/25/ai-and-us-computers-lemonade-and-god/
1249588630	20250613	202506	2025	2025.4466	GBRCOP	BIRMINGHAM	GBR					COP													0	036	036	03	1	4.0	5	1	5	-2.20994475138121	0								0								0								20250613230000	https://www.al.com/crime/2025/06/birmingham-police-plan-youth-curfew-exhibition-driving-crackdown-parents-will-be-held-accountable.html
1249588631	20250613	202506	2025	2025.4466	GBREDU	UNITED KINGDOM	GBR					EDU													1	010	010	01	1	0.0	2	1	2	3.48837209302326	1	Bangladesh	BG	BG		24	90	BG	0								1	Bangladesh	BG	BG		24	90	BG	20250613230000	https://banglamirrornews.com/2025/06/13/uk-delegation-briefs-ca-on-survey-vessel-hms-enterprise/
1249588632	20250613	202506	2025	2025.4466	GBRGIB	GIBRALTAR	GBR								ESP	SPANISH	ESP								0	050	050	05	1	3.5	1	1	1	0.86330935251799	1	Gibraltar	GI	GI		36.133333	-5.35	GI	1	Spain	SP	SP		40	-4	SP	1	Spain	SP	SP		40	-4	SP	20250613230000	http://www.gbc.gi/news/government-opens-treaty-email-after-gbcs-viewpoint-is-inundated-with-queries
1249588633	20250613	202506	2025	2025.4466	GBRGIB	GIBRALTAR	GBR								ESP	SPANISH	ESP								0	050	050	05	1	3.5	1	1	1	0.86330935251799	1	Spain	SP	SP		40	-4	SP	1	Gibraltar	GI	GI		36.133333	-5.35	GI	1	Spain	SP	SP		40	-4	SP	20250613230000	http://www.gbc.gi/news/government-opens-treaty-email-after-gbcs-viewpoint-is-inundated-with-queries
1249588634	20250613	202506	2025	2025.4466	GBRGOV	UNITED KINGDOM	GBR					GOV			scoGOV	SCOTTISH			sco			GOV			0	013	013	01	1	0.4	2	1	2	-1.25786163522013	4	Edinburgh, Edinburgh, City of, United Kingdom	UK	UKU8	40173	55.95	-3.2	-2595386	4	Edinburgh, Edinburgh, City of, United Kingdom	UK	UKU8	40173	55.95	-3.2	-2595386	4	Edinburgh, Edinburgh, City of, United Kingdom	UK	UKU8	40173	55.95	-3.2	-2595386	20250613230000	https://www.dailymail.co.uk/news/article-14810971/Tory-version-Trumps-DOGE-save-650m-red-tape-waste.html
1249588635	20250613	202506	2025	2025.4466	GBRJUD	GLASGOW	GBR					JUD			GBR	UNITED KINGDOM	GBR								0	173	173	17	4	-5.0	2	1	2	-5.10855683269477	4	Glasgow, Glasgow City, United Kingdom	UK	UKV2	40176	55.8333	-4.25	-2597039	4	Kirkwall, Orkney Islands, United Kingdom	UK	UKV9	40174	58.9667	-2.95	-2600430	4	Kirkwall, Orkney Islands, United Kingdom	UK	UKV9	40174	58.9667	-2.95	-2600430	20250613230000	https://www.dailymail.co.uk/news/article-14811003/How-coldblooded-restaurant-murder-popular-waiter-left-peaceful-island-community-living-fear.html
1249588636	20250613	202506	2025	2025.4466	GBRJUD	GLASGOW	GBR					JUD			GBR	UNITED KINGDOM	GBR								0	173	173	17	4	-5.0	2	1	2	-5.10855683269477	4	Kirkwall, Orkney Islands, United Kingdom	UK	UKV9	40174	58.9667	-2.95	-2600430	4	Kirkwall, Orkney Islands, United Kingdom	UK	UKV9	40174	58.9667	-2.95	-2600430	4	Kirkwall, Orkney Islands, United Kingdom	UK	UKV9	40174	58.9667	-2.95	-2600430	20250613230000	https://www.dailymail.co.uk/news/article-14811003/How-coldblooded-restaurant-murder-popular-waiter-left-peaceful-island-community-living-fear.html
1249588637	20250613	202506	2025	2025.4466	GHA	GHANA	GHA																		1	010	010	01	1	0.0	8	1	8	-5.72139303482587	4	Effutu, Ghana (general), Ghana	GH	GH00	16602	5.20223	-1.32381	-2072790	0								4	Effutu, Ghana (general), Ghana	GH	GH00	16602	5.20223	-1.32381	-2072790	20250613230000	https://www.ghanamma.com/2025/06/13/afenyo-markin-challenges-ahiafors-decision-to-block-the-motion-to-revoke-employment/
1249588638	20250613	202506	2025	2025.4466	GHA	GHANA	GHA																		1	110	110	11	3	-2.0	12	1	8	-5.72139303482587	4	Effutu, Ghana (general), Ghana	GH	GH00	16602	5.20223	-1.32381	-2072790	0								4	Effutu, Ghana (general), Ghana	GH	GH00	16602	5.20223	-1.32381	-2072790	20250613230000	https://www.ghanamma.com/2025/06/13/afenyo-markin-challenges-ahiafors-decision-to-block-the-motion-to-revoke-employment/
1249588639	20250613	202506	2025	2025.4466	GHA	GHANA	GHA																		1	120	120	12	3	-4.0	14	1	14	-6.01662019572467	4	Effutu, Ghana (general), Ghana	GH	GH00	16602	5.20223	-1.32381	-2072790	0								4	Effutu, Ghana (general), Ghana	GH	GH00	16602	5.20223	-1.32381	-2072790	20250613230000	https://www.ghanamma.com/2025/06/13/afenyo-markin-fights-ahiafors-ruling-blocking-motion-on-job-revocations/
1249588640	20250613	202506	2025	2025.4466	GHA	GHANA	GHA								GOV	MINISTRY						GOV			1	042	042	04	1	1.9	1	1	1	-1.64609053497942	5	Ashanti Region, Ashanti, Ghana	GH	GH02	16576	6.75	-1.5	-2069926	5	Ashanti Region, Ashanti, Ghana	GH	GH02	16576	6.75	-1.5	-2069926	5	Ashanti Region, Ashanti, Ghana	GH	GH02	16576	6.75	-1.5	-2069926	20250613230000	https://www.ghanamma.com/2025/06/13/cut-back-on-food-imports/
1249588641	20250613	202506	2025	2025.4466	GHA	GHANA	GHA								GOV	MINISTRY						GOV			1	043	043	04	1	2.8	1	1	1	-1.64609053497942	5	Ashanti Region, Ashanti, Ghana	GH	GH02	16576	6.75	-1.5	-2069926	4	Manhyia, Ghana (general), Ghana	GH	GH00	190575	6.71546	-1.72232	-2075978	4	Manhyia, Ghana (general), Ghana	GH	GH00	190575	6.71546	-1.72232	-2075978	20250613230000	https://www.ghanamma.com/2025/06/13/cut-back-on-food-imports/
1249588642	20250613	202506	2025	2025.4466	GHA	GHANA	GHA								LEG	PARLIAMENT						LEG			1	012	012	01	1	-0.4	4	1	4	-6.41025641025641	4	Effutu, Ghana (general), Ghana	GH	GH00	16602	5.20223	-1.32381	-2072790	4	Effutu, Ghana (general), Ghana	GH	GH00	16602	5.20223	-1.32381	-2072790	4	Effutu, Ghana (general), Ghana	GH	GH00	16602	5.20223	-1.32381	-2072790	20250613230000	https://www.ghanamma.com/2025/06/13/afenyo-markin-fights-ahiafors-ruling-blocking-motion-on-job-revocations/
1249588643	20250613	202506	2025	2025.4466	GHA	GHANA	GHA								LEG	PARLIAMENT						LEG			1	014	014	01	1	0.0	4	1	4	-6.41025641025641	4	Effutu, Ghana (general), Ghana	GH	GH00	16602	5.20223	-1.32381	-2072790	4	Effutu, Ghana (general), Ghana	GH	GH00	16602	5.20223	-1.32381	-2072790	4	Effutu, Ghana (general), Ghana	GH	GH00	16602	5.20223	-1.32381	-2072790	20250613230000	https://www.ghanamma.com/2025/06/13/afenyo-markin-fights-ahiafors-ruling-blocking-motion-on-job-revocations/
1249588644	20250613	202506	2025	2025.4466	GHA	GHANA	GHA								LEG	PARLIAMENT						LEG			1	040	040	04	1	1.0	4	1	4	-5.72139303482587	4	Effutu, Ghana (general), Ghana	GH	GH00	16602	5.20223	-1.32381	-2072790	4	Effutu, Ghana (general), Ghana	GH	GH00	16602	5.20223	-1.32381	-2072790	4	Effutu, Ghana (general), Ghana	GH	GH00	16602	5.20223	-1.32381	-2072790	20250613230000	https://www.ghanamma.com/2025/06/13/afenyo-markin-challenges-ahiafors-decision-to-block-the-motion-to-revoke-employment/
1249588645	20250613	202506	2025	2025.4466	GHA	GHANA	GHA								LEG	PARLIAMENT						LEG			1	051	051	05	1	3.4	4	1	4	-6.41025641025641	4	Effutu, Ghana (general), Ghana	GH	GH00	16602	5.20223	-1.32381	-2072790	4	Effutu, Ghana (general), Ghana	GH	GH00	16602	5.20223	-1.32381	-2072790	4	Effutu, Ghana (general), Ghana	GH	GH00	16602	5.20223	-1.32381	-2072790	20250613230000	https://www.ghanamma.com/2025/06/13/afenyo-markin-fights-ahiafors-ruling-blocking-motion-on-job-revocations/
1249588646	20250613	202506	2025	2025.4466	GHAGOV	JOHN DRAMANI MAHAMA	GHA					GOV			LEG	PARLIAMENT						LEG			1	050	050	05	1	3.5	5	1	5	4.76190476190476	0								0								0								20250613230000	https://www.ghanamma.com/2025/06/13/parliament-to-begin-vetting-of-seven-supreme-court-nominees-on-june-16/
1249588647	20250613	202506	2025	2025.4466	GOV	GOVERNMENT						GOV													0	010	010	01	1	0.0	6	1	6	0.3125	4	Lelepa, Shefa, Vanuatu	NH	NH18	40197	-17.6	168.217	-2137587	0								4	Lelepa, Shefa, Vanuatu	NH	NH18	40197	-17.6	168.217	-2137587	20250613230000	https://www.dailypost.vu/news/cash-transfer-the-ghost-initiative-that-disappeared-with-millions/article_60618d5a-e38b-50b6-a9f2-b8c385d80fa0.html
1249588648	20250613	202506	2025	2025.4466	GOV	PRESIDENT						GOV													0	012	012	01	1	-0.4	2	1	2	-1.81818181818182	4	Anadolu, Turkey (general), Turkey	TU	TU00	28356	39	35	-735281	0								4	Anadolu, Turkey (general), Turkey	TU	TU00	28356	39	35	-735281	20250613230000	https://www.aa.com.tr/en/americas/turkish-fm-says-advancing-iran-nuclear-talks-initiated-by-trump-only-way-to-resolve-conflict/3597351
1249588649	20250613	202506	2025	2025.4466	GOV	PRESIDENT						GOV													0	012	012	01	1	-0.4	8	1	8	-1.81818181818182	1	Iran	IR	IR		32	53	IR	0								4	Anadolu, Turkey (general), Turkey	TU	TU00	28356	39	35	-735281	20250613230000	https://www.aa.com.tr/en/americas/turkish-fm-says-advancing-iran-nuclear-talks-initiated-by-trump-only-way-to-resolve-conflict/3597351
1249588650	20250613	202506	2025	2025.4466	GOV	GOVERNMENT REPRESENTATIVE						GOV													0	013	013	01	1	0.4	10	1	10	0.21786492374727	4	Luganville, Sanma, Vanuatu	NH	NH13	31852	-15.5333	167.167	-2137959	0								4	Luganville, Sanma, Vanuatu	NH	NH13	31852	-15.5333	167.167	-2137959	20250613230000	https://www.dailypost.vu/news/santo-kava-stakeholders-want-balanced-export-policy/article_b47241aa-1dd1-5c9c-9435-04a36bf3c473.html
1249588651	20250613	202506	2025	2025.4466	GOV	GOVERNMENT REPRESENTATIVE						GOV													0	020	020	02	1	3.0	10	1	10	0.21786492374727	4	Luganville, Sanma, Vanuatu	NH	NH13	31852	-15.5333	167.167	-2137959	0								4	Luganville, Sanma, Vanuatu	NH	NH13	31852	-15.5333	167.167	-2137959	20250613230000	https://www.dailypost.vu/news/santo-kava-stakeholders-want-balanced-export-policy/article_b47241aa-1dd1-5c9c-9435-04a36bf3c473.html
1249588652	20250613	202506	2025	2025.4466	GOV	MAYOR						GOV													0	020	020	02	1	3.0	6	1	6	-2.51256281407035	4	Alexandria, Al Iskandariyah, Egypt	EG	EG06	61590	31.1981	29.9192	-290263	0								4	Alexandria, Al Iskandariyah, Egypt	EG	EG06	61590	31.1981	29.9192	-290263	20250613230000	https://www.yahoo.com/news/anderson-council-wants-funding-shady-221800877.html
1249588653	20250613	202506	2025	2025.4466	GOV	MINIST						GOV													1	020	020	02	1	3.0	10	1	10	-2.66666666666666	1	Vanuatu	NH	NH		-16	167	NH	0								1	Vanuatu	NH	NH		-16	167	NH	20250613230000	https://www.dailypost.vu/news/psc-placed-director-gideon-on-forced-leave-unlawfully-ombudsman/article_7c8715b6-9018-50b7-9743-240cf9086fc0.html
1249588654	20250613	202506	2025	2025.4466	GOV	GOVERNMENT						GOV													1	0234	023	02	1	3.4	6	1	6	-3.63036303630363	5	Oyo State, Oyo, Nigeria	NI	NI32	191166	8	4	-2024630	0								5	Oyo State, Oyo, Nigeria	NI	NI32	191166	8	4	-2024630	20250613230000	https://quicknews-africa.net/disasters-lawyer-advises-traders-to-embrace-insurance-policies/
1249588655	20250613	202506	2025	2025.4466	GOV	UNDERSECRETARY						GOV													1	025	025	02	1	-0.3	10	1	10	-5.7542768273717	4	Natanz, Esfahan, Iran	IR	IR28	41048	33.4964	51.9266	10811460	0								4	Natanz, Esfahan, Iran	IR	IR28	41048	33.4964	51.9266	10811460	20250613230000	https://www.yahoo.com/news/un-officials-urge-israel-iran-221329690.html
1249588656	20250613	202506	2025	2025.4466	GOV	AMBASSADOR						GOV													0	026	026	02	1	4.0	2	1	2	-2.56410256410256	4	Islamabad, Islamabad, Pakistan	PK	PK08	23674	33.7	73.1667	-2762812	0								1	Israel	IS	IS		31.5	34.75	IS	20250613230000	https://dunyanews.tv/en/Pakistan/889247-pakistan-warns-unsc-of-grave-threat-to-world-peace-posed-by-israeli-at
1249588657	20250613	202506	2025	2025.4466	GOV	AMBASSADOR						GOV													0	026	026	02	1	4.0	2	1	2	-2.56410256410256	1	Israel	IS	IS		31.5	34.75	IS	0								1	Israel	IS	IS		31.5	34.75	IS	20250613230000	https://dunyanews.tv/en/Pakistan/889247-pakistan-warns-unsc-of-grave-threat-to-world-peace-posed-by-israeli-at
1249588658	20250613	202506	2025	2025.4466	GOV	STATE LEADER						GOV													1	027	027	02	1	4.0	10	1	10	0.56497175141243	2	Michigan, United States	US	USMI		43.3504	-84.5603	MI	0								2	Michigan, United States	US	USMI		43.3504	-84.5603	MI	20250613230000	https://www.wxyz.com/news/state-leaders-urge-peaceful-protests-for-no-kings-demonstrations-planned-across-us
1249588659	20250613	202506	2025	2025.4466	GOV	CABINET						GOV													1	036	036	03	1	4.0	5	1	5	-0.28735632183908	4	Telangana, Andhra Pradesh, India	IN	IN02	17568	18	79.5	-2112824	0								4	Telangana, Andhra Pradesh, India	IN	IN02	17568	18	79.5	-2112824	20250613230000	https://www.deccanchronicle.com/southern-states/telangana/80-of-telanganas-population-covered-under-ration-cards-1885097
1249588660	20250613	202506	2025	2025.4466	GOV	GOVERNMENT						GOV													0	040	040	04	1	1.0	2	1	2	-0.29585798816568	4	Efate, Shefa, Vanuatu	NH	NH18	40197	-17.6667	168.417	-2136968	0								4	Efate, Shefa, Vanuatu	NH	NH18	40197	-17.6667	168.417	-2136968	20250613230000	https://www.dailypost.vu/news/salili-eviction-displaces-300-families-appeal-for-help/article_ac5c67d4-4d26-5e5c-b3a6-731b9bdc199c.html
1249588661	20250613	202506	2025	2025.4466	GOV	MINIST						GOV													1	040	040	04	1	1.0	6	1	6	2.65957446808511	1	Grenada	GJ	GJ		12.116667	-61.666667	GJ	0								1	Grenada	GJ	GJ		12.116667	-61.666667	GJ	20250613230000	https://nowgrenada.com/2025/06/minister-cornwall-to-address-opec-2025-forum/
1249588662	20250613	202506	2025	2025.4466	GOV	STATE ATTORNEY GENERAL						GOV													1	046	046	04	1	7.0	10	1	10	0.56497175141243	2	Michigan, United States	US	USMI		43.3504	-84.5603	MI	0								2	Michigan, United States	US	USMI		43.3504	-84.5603	MI	20250613230000	https://www.wxyz.com/news/state-leaders-urge-peaceful-protests-for-no-kings-demonstrations-planned-across-us
1249588663	20250613	202506	2025	2025.4466	GOV	MINIST						GOV													1	070	070	07	2	7.0	6	1	6	2.65957446808511	1	Grenada	GJ	GJ		12.116667	-61.666667	GJ	0								1	Grenada	GJ	GJ		12.116667	-61.666667	GJ	20250613230000	https://nowgrenada.com/2025/06/minister-cornwall-to-address-opec-2025-forum/
1249588664	20250613	202506	2025	2025.4466	GOV	GOVERNMENT						GOV													0	071	071	07	2	7.4	1	1	1	-3.47368421052632	4	Jerusalem, Israel (general), Israel	IS	IS00	18315	31.7667	35.2333	-797092	0								4	Jerusalem, Israel (general), Israel	IS	IS00	18315	31.7667	35.2333	-797092	20250613230000	https://www.algemeiner.com/2025/06/13/us-lawmakers-offer-mixed-reactions-israeli-strikes-iranian-nuclear-sites/
1249588665	20250613	202506	2025	2025.4466	GOV	MAYOR						GOV													0	120	120	12	3	-4.0	1	1	1	-6.49895178197065	1	Honduras	HO	HO		15	-86.5	HO	0								1	Honduras	HO	HO		15	-86.5	HO	20250613230000	https://www.yahoo.com/news/four-migrants-escape-ice-detention-205552858.html
1249588666	20250613	202506	2025	2025.4466	GOV	REGIME						GOV													0	130	130	13	3	-4.4	3	1	3	-5.7542768273717	4	Natanz, Esfahan, Iran	IR	IR28	41048	33.4964	51.9266	10811460	0								4	Natanz, Esfahan, Iran	IR	IR28	41048	33.4964	51.9266	10811460	20250613230000	https://www.yahoo.com/news/un-officials-urge-israel-iran-221329690.html
1249588667	20250613	202506	2025	2025.4466	GOV	STATE LEADER						GOV													1	133	133	13	3	-5.8	10	1	10	0.56497175141243	3	Southfield, Michigan, United States	US	USMI	MI125	42.4734	-83.2219	638439	0								3	Southfield, Michigan, United States	US	USMI	MI125	42.4734	-83.2219	638439	20250613230000	https://www.wxyz.com/news/state-leaders-urge-peaceful-protests-for-no-kings-demonstrations-planned-across-us
1249588668	20250613	202506	2025	2025.4466	GOV	KING						GOV													1	140	140	14	3	-6.5	10	1	10	-9.09090909090909	3	Washington, District of Columbia, United States	US	USDC	DC001	38.8951	-77.0364	531871	0								3	Washington, District of Columbia, United States	US	USDC	DC001	38.8951	-77.0364	531871	20250613230000	https://www.yahoo.com/news/no-kings-protest-anderson-see-214952959.html
1249588669	20250613	202506	2025	2025.4466	GOV	GOVERNMENT						GOV													0	172	172	17	4	-5.0	5	1	5	1.91082802547771	4	Nyamira, Nyanza, Kenya	KE	KE07	18585	-0.083333	34.25	-2259950	0								4	Nyamira, Nyanza, Kenya	KE	KE07	18585	-0.083333	34.25	-2259950	20250613230000	https://citizen.digital/news/dp-kindiki-kenyas-mr-money-bags-splashing-nearly-ksh100m-a-week-n364602
1249588670	20250613	202506	2025	2025.4466	GOV	GOVERNMENT						GOV													1	172	172	17	4	-5.0	10	1	10	-5.62130177514793	2	South Carolina, United States	US	USSC		33.8191	-80.9066	SC	0								2	South Carolina, United States	US	USSC		33.8191	-80.9066	SC	20250613230000	https://nypost.com/2025/06/13/opinion/anti-ice-rioters-are-just-as-out-of-line-as-anti-black-racists-in-62/
1249588671	20250613	202506	2025	2025.4466	GOV	GOVERNMENT						GOV													0	192	192	19	4	-9.5	5	1	5	-0.36656891495601	2	Maine, United States	US	USME		44.6074	-69.3977	ME	0								2	Maine, United States	US	USME		44.6074	-69.3977	ME	20250613230000	https://www.yahoo.com/news/ban-state-seizure-wabanaki-land-212702233.html
1249588672	20250613	202506	2025	2025.4466	GOV	MINIST						GOV			BEL	BELGIUM	BEL								0	020	020	02	1	3.0	5	1	5	-6.00375234521576	4	Brussels, Bruxelles-Capitale, Belgium	BE	BE11	5850	50.8333	4.33333	-1955538	4	Brussels, Bruxelles-Capitale, Belgium	BE	BE11	5850	50.8333	4.33333	-1955538	4	Brussels, Bruxelles-Capitale, Belgium	BE	BE11	5850	50.8333	4.33333	-1955538	20250613230000	https://ejpress.org/posters-with-the-names-and-photos-of-jewish-personalities-displayed-in-brussels-with-the-accusation-he-she-lobbies-for-genocide/
1249588673	20250613	202506	2025	2025.4466	GOV	GOVERNMENT						GOV			BUS	INDUSTRY						BUS			1	051	051	05	1	3.4	10	1	10	0.55401662049861	4	Athens, AttikíR, Greece	GR	GR35	16716	37.9833	23.7333	-814876	4	Athens, AttikíR, Greece	GR	GR35	16716	37.9833	23.7333	-814876	4	Athens, AttikíR, Greece	GR	GR35	16716	37.9833	23.7333	-814876	20250613230000	https://www.hellenicshippingnews.com/governments-and-industry-reaffirm-commitment-to-trade-and-global-stability-at-high-profile-athens-summit/
1249588674	20250613	202506	2025	2025.4466	GOV	MAYOR						GOV			COP	DEPUTY						COP			1	030	030	03	1	4.0	1	1	1	-3.84024577572964	3	Manhattan, New York, United States	US	USNY	NY061	40.7834	-73.9662	971945	3	Manhattan, New York, United States	US	USNY	NY061	40.7834	-73.9662	971945	3	Manhattan, New York, United States	US	USNY	NY061	40.7834	-73.9662	971945	20250613230000	https://www.yahoo.com/news/judge-blocks-adams-admin-bringing-220600320.html
1249588675	20250613	202506	2025	2025.4466	GOV	ADMINISTRATION						GOV			COP	POLICE						COP			0	090	090	09	2	-2.0	5	1	5	-6.96278511404562	1	United States	US	US		39.828175	-98.5795	US	1	United States	US	US		39.828175	-98.5795	US	1	United States	US	US		39.828175	-98.5795	US	20250613230000	https://www.wokv.com/news/national/federal-judge/TUJFTFJQE5DOTMOU6RSTIRA2Q4/
1249588676	20250613	202506	2025	2025.4466	GOV	SOVEREIGN						GOV			CVL	SETTLEMENT						CVL			0	043	043	04	1	2.8	10	1	10	-0.36656891495601	2	Maine, United States	US	USME		44.6074	-69.3977	ME	2	Maine, United States	US	USME		44.6074	-69.3977	ME	2	Maine, United States	US	USME		44.6074	-69.3977	ME	20250613230000	https://www.yahoo.com/news/ban-state-seizure-wabanaki-land-212702233.html
1249588677	20250613	202506	2025	2025.4466	GOV	KING						GOV			EDU	ACADEMICS						EDU			1	051	051	05	1	3.4	10	1	10	3.20723684210526	4	Cambridge, Cambridgeshire, United Kingdom	UK	UKC3	40098	52.2	0.116667	-2591658	4	Cambridge, Cambridgeshire, United Kingdom	UK	UKC3	40098	52.2	0.116667	-2591658	4	Cambridge, Cambridgeshire, United Kingdom	UK	UKC3	40098	52.2	0.116667	-2591658	20250613230000	https://www.miragenews.com/imperial-academics-receive-kings-birthday-1478051/
1249588678	20250613	202506	2025	2025.4466	GOV	PRIME MINISTER						GOV			EUR	EUROPEAN	EUR								0	040	040	04	1	1.0	2	1	2	0.61199510403917	4	Donbas, Ukraine (general), Ukraine	UP	UP00	25090	48.5	38.5	-1038077	4	Donbas, Ukraine (general), Ukraine	UP	UP00	25090	48.5	38.5	-1038077	4	Donbas, Ukraine (general), Ukraine	UP	UP00	25090	48.5	38.5	-1038077	20250613230000	https://www.cbc.ca/news/politics/canada-signing-onto-european-rearment-deal-eu-canada-summit-1.7560891
1249588679	20250613	202506	2025	2025.4466	GOV	PRIME MINISTER						GOV			EUR	EUROPEAN	EUR								0	040	040	04	1	1.0	2	1	2	0.61199510403917	4	Donbas, Ukraine (general), Ukraine	UP	UP00	25090	48.5	38.5	-1038077	1	Russia	RS	RS		60	100	RS	1	Russia	RS	RS		60	100	RS	20250613230000	https://www.cbc.ca/news/politics/canada-signing-onto-european-rearment-deal-eu-canada-summit-1.7560891
1249588680	20250613	202506	2025	2025.4466	GOV	PRIME MINISTER						GOV			EUR	EUROPEAN	EUR								0	040	040	04	1	1.0	6	1	6	0.61199510403917	1	Russia	RS	RS		60	100	RS	4	Donbas, Ukraine (general), Ukraine	UP	UP00	25090	48.5	38.5	-1038077	4	Donbas, Ukraine (general), Ukraine	UP	UP00	25090	48.5	38.5	-1038077	20250613230000	https://www.cbc.ca/news/politics/canada-signing-onto-european-rearment-deal-eu-canada-summit-1.7560891
1249588681	20250613	202506	2025	2025.4466	GOV	KING						GOV			GBR	UNITED KINGDOM	GBR								1	042	042	04	1	1.9	6	1	6	4.69416785206259	4	Stockport, Stockport, United Kingdom	UK	UKN2	40111	53.4	-2.15	-2608770	4	Stockport, Stockport, United Kingdom	UK	UKN2	40111	53.4	-2.15	-2608770	4	Stockport, Stockport, United Kingdom	UK	UKN2	40111	53.4	-2.15	-2608770	20250613230000	https://www.manchestereveningnews.co.uk/news/tv/tess-dalys-tears-over-greatest-31854425
1249588682	20250613	202506	2025	2025.4466	GOV	CHIEF MINISTER						GOV			GBR	UNITED KINGDOM	GBR								1	057	057	05	1	8.0	5	1	5	0.86330935251799	1	Gibraltar	GI	GI		36.133333	-5.35	GI	1	Gibraltar	GI	GI		36.133333	-5.35	GI	1	Gibraltar	GI	GI		36.133333	-5.35	GI	20250613230000	http://www.gbc.gi/news/government-opens-treaty-email-after-gbcs-viewpoint-is-inundated-with-queries
1249588683	20250613	202506	2025	2025.4466	GOV	CHIEF MINISTER						GOV			GBRGIB	GIBRALTARIAN	GBR								1	010	010	01	1	0.0	5	1	5	0.86330935251799	1	Gibraltar	GI	GI		36.133333	-5.35	GI	1	Gibraltar	GI	GI		36.133333	-5.35	GI	1	Gibraltar	GI	GI		36.133333	-5.35	GI	20250613230000	http://www.gbc.gi/news/government-opens-treaty-email-after-gbcs-viewpoint-is-inundated-with-queries
1249588684	20250613	202506	2025	2025.4466	GOV	MINISTRY						GOV			GHA	GHANA	GHA								1	020	020	02	1	3.0	1	1	1	-1.64609053497942	4	Manhyia, Ghana (general), Ghana	GH	GH00	190575	6.71546	-1.72232	-2075978	5	Ashanti Region, Ashanti, Ghana	GH	GH02	16576	6.75	-1.5	-2069926	4	Manhyia, Ghana (general), Ghana	GH	GH00	190575	6.71546	-1.72232	-2075978	20250613230000	https://www.ghanamma.com/2025/06/13/cut-back-on-food-imports/
1249588685	20250613	202506	2025	2025.4466	GOV	MINISTRY						GOV			GHA	GHANA	GHA								1	020	020	02	1	3.0	1	1	1	-1.64609053497942	4	Manhyia, Ghana (general), Ghana	GH	GH00	190575	6.71546	-1.72232	-2075978	4	Manhyia, Ghana (general), Ghana	GH	GH00	190575	6.71546	-1.72232	-2075978	4	Manhyia, Ghana (general), Ghana	GH	GH00	190575	6.71546	-1.72232	-2075978	20250613230000	https://www.ghanamma.com/2025/06/13/cut-back-on-food-imports/
1249588686	20250613	202506	2025	2025.4466	GOV	MINISTRY						GOV			GHA	GHANA	GHA								1	042	042	04	1	1.9	1	1	1	-1.64609053497942	5	Ashanti Region, Ashanti, Ghana	GH	GH02	16576	6.75	-1.5	-2069926	5	Ashanti Region, Ashanti, Ghana	GH	GH02	16576	6.75	-1.5	-2069926	5	Ashanti Region, Ashanti, Ghana	GH	GH02	16576	6.75	-1.5	-2069926	20250613230000	https://www.ghanamma.com/2025/06/13/cut-back-on-food-imports/
1249588687	20250613	202506	2025	2025.4466	GOV	MINISTRY						GOV			GHA	GHANA	GHA								1	043	043	04	1	2.8	1	1	1	-1.64609053497942	4	Manhyia, Ghana (general), Ghana	GH	GH00	190575	6.71546	-1.72232	-2075978	4	Manhyia, Ghana (general), Ghana	GH	GH00	190575	6.71546	-1.72232	-2075978	4	Manhyia, Ghana (general), Ghana	GH	GH00	190575	6.71546	-1.72232	-2075978	20250613230000	https://www.ghanamma.com/2025/06/13/cut-back-on-food-imports/
1249588688	20250613	202506	2025	2025.4466	GOV	MINIST						GOV			GRC	ATHENS	GRC								1	051	051	05	1	3.4	10	1	10	0.55401662049861	4	Athens, AttikíR, Greece	GR	GR35	16716	37.9833	23.7333	-814876	4	Athens, AttikíR, Greece	GR	GR35	16716	37.9833	23.7333	-814876	4	Athens, AttikíR, Greece	GR	GR35	16716	37.9833	23.7333	-814876	20250613230000	https://www.hellenicshippingnews.com/governments-and-industry-reaffirm-commitment-to-trade-and-global-stability-at-high-profile-athens-summit/
1249588689	20250613	202506	2025	2025.4466	GOV	MINIST						GOV			GRD	GRENADA	GRD								1	040	040	04	1	1.0	2	1	2	2.65957446808511	1	Grenada	GJ	GJ		12.116667	-61.666667	GJ	1	Grenada	GJ	GJ		12.116667	-61.666667	GJ	1	Grenada	GJ	GJ		12.116667	-61.666667	GJ	20250613230000	https://nowgrenada.com/2025/06/minister-cornwall-to-address-opec-2025-forum/
1249588690	20250613	202506	2025	2025.4466	GOV	MINIST FOR FINANCE						GOV			GRD	GRENADA	GRD								1	043	043	04	1	2.8	4	1	4	2.65957446808511	1	Grenada	GJ	GJ		12.116667	-61.666667	GJ	1	Grenada	GJ	GJ		12.116667	-61.666667	GJ	1	Grenada	GJ	GJ		12.116667	-61.666667	GJ	20250613230000	https://nowgrenada.com/2025/06/minister-cornwall-to-address-opec-2025-forum/
1249588691	20250613	202506	2025	2025.4466	GOV	MINIST						GOV			GRD	GRENADA	GRD								1	070	070	07	2	7.0	2	1	2	2.65957446808511	1	Grenada	GJ	GJ		12.116667	-61.666667	GJ	1	Grenada	GJ	GJ		12.116667	-61.666667	GJ	1	Grenada	GJ	GJ		12.116667	-61.666667	GJ	20250613230000	https://nowgrenada.com/2025/06/minister-cornwall-to-address-opec-2025-forum/
1249588692	20250613	202506	2025	2025.4466	GOV	MINIST						GOV			IGOBUSOPC	OPEC		OPC				IGO	BUS		1	010	010	01	1	0.0	8	1	8	2.65957446808511	1	Grenada	GJ	GJ		12.116667	-61.666667	GJ	1	Grenada	GJ	GJ		12.116667	-61.666667	GJ	1	Grenada	GJ	GJ		12.116667	-61.666667	GJ	20250613230000	https://nowgrenada.com/2025/06/minister-cornwall-to-address-opec-2025-forum/
1249588693	20250613	202506	2025	2025.4466	GOV	MINIST FOR FINANCE						GOV			IGOBUSOPC	OPEC		OPC				IGO	BUS		1	042	042	04	1	1.9	3	1	3	2.65957446808511	1	Grenada	GJ	GJ		12.116667	-61.666667	GJ	4	Vienna, Wien, Austria	AU	AU09	5672	48.2	16.3667	-1995499	1	Grenada	GJ	GJ		12.116667	-61.666667	GJ	20250613230000	https://nowgrenada.com/2025/06/minister-cornwall-to-address-opec-2025-forum/
1249588694	20250613	202506	2025	2025.4466	GOV	GOVERNOR						GOV			IGOUNOIAE	IAEA		UNO				IGO			0	036	036	03	1	4.0	8	1	8	-7.86516853932584	4	Vienna, Wien, Austria	AU	AU09	5672	48.2	16.3667	-1995499	4	Vienna, Wien, Austria	AU	AU09	5672	48.2	16.3667	-1995499	4	Vienna, Wien, Austria	AU	AU09	5672	48.2	16.3667	-1995499	20250613230000	https://dunyanews.tv/en/World/889241-how-the-world-is-reacting-to-israel-attacks-on-iran-nuclear-military-
1249588695	20250613	202506	2025	2025.4466	GOV	GOVERNOR						GOV			IGOUNOIAE	IAEA		UNO				IGO			0	036	036	03	1	4.0	2	1	2	-7.86516853932584	4	Vienna, Wien, Austria	AU	AU09	5672	48.2	16.3667	-1995499	4	Tehran, Tehran, Iran	IR	IR26	41130	35.75	51.5148	10074674	4	Tehran, Tehran, Iran	IR	IR26	41130	35.75	51.5148	10074674	20250613230000	https://dunyanews.tv/en/World/889241-how-the-world-is-reacting-to-israel-attacks-on-iran-nuclear-military-
1249588696	20250613	202506	2025	2025.4466	GOV	CHANCELLOR						GOV			IRN	IRAN	IRN								0	020	020	02	1	3.0	6	1	6	-7.86516853932584	4	Berlin, Berlin, Germany	GM	GM16	16538	52.5167	13.4	-1746443	4	Tehran, Tehran, Iran	IR	IR26	41130	35.75	51.5148	10074674	1	Israel	IS	IS		31.5	34.75	IS	20250613230000	https://dunyanews.tv/en/World/889241-how-the-world-is-reacting-to-israel-attacks-on-iran-nuclear-military-
1249588697	20250613	202506	2025	2025.4466	GOV	CHANCELLOR						GOV			IRN	IRAN	IRN								0	020	020	02	1	3.0	2	1	2	-7.86516853932584	4	Berlin, Berlin, Germany	GM	GM16	16538	52.5167	13.4	-1746443	1	Israel	IS	IS		31.5	34.75	IS	4	Berlin, Berlin, Germany	GM	GM16	16538	52.5167	13.4	-1746443	20250613230000	https://dunyanews.tv/en/World/889241-how-the-world-is-reacting-to-israel-attacks-on-iran-nuclear-military-
1249588698	20250613	202506	2025	2025.4466	GOV	PRESIDENT						GOV			IRN	IRAN	IRN								0	026	026	02	1	4.0	2	1	2	-7.86516853932584	4	Paris, France (general), France	FR	FR00	16282	48.8667	2.33333	-1456928	1	Israel	IS	IS		31.5	34.75	IS	4	Paris, France (general), France	FR	FR00	16282	48.8667	2.33333	-1456928	20250613230000	https://dunyanews.tv/en/World/889241-how-the-world-is-reacting-to-israel-attacks-on-iran-nuclear-military-
1249588699	20250613	202506	2025	2025.4466	GOV	PRESIDENT						GOV			IRN	IRAN	IRN								0	026	026	02	1	4.0	8	1	8	-7.86516853932584	1	Israel	IS	IS		31.5	34.75	IS	4	Tehran, Tehran, Iran	IR	IR26	41130	35.75	51.5148	10074674	4	Tehran, Tehran, Iran	IR	IR26	41130	35.75	51.5148	10074674	20250613230000	https://dunyanews.tv/en/World/889241-how-the-world-is-reacting-to-israel-attacks-on-iran-nuclear-military-
1249588700	20250613	202506	2025	2025.4466	GOV	GOVERNMENT						GOV			IRN	IRAN	IRN								0	112	112	11	3	-2.0	1	1	1	-5.15463917525773	4	Tel Aviv, Tel Aviv, Israel	IS	IS05	18316	32.0667	34.7667	-781545	4	Tel Aviv, Tel Aviv, Israel	IS	IS05	18316	32.0667	34.7667	-781545	4	Tel Aviv, Tel Aviv, Israel	IS	IS05	18316	32.0667	34.7667	-781545	20250613230000	https://www.messenger-inquirer.com/news/national/iran-fires-back-at-israel-after-onslaught-targets-nuclear-facilities/article_894849f8-33eb-5e79-9daf-f6997d6b10d6.html
1249588701	20250613	202506	2025	2025.4466	GOV	GOVERNMENT						GOV			IRN	IRAN	IRN								0	112	112	11	3	-2.0	1	1	1	-5.15463917525773	3	Washington, District of Columbia, United States	US	USDC	DC001	38.8951	-77.0364	531871	4	Isfahan, Esfahan, Iran	IR	IR28	40941	32.6597	51.6714	6013426	4	Isfahan, Esfahan, Iran	IR	IR28	40941	32.6597	51.6714	6013426	20250613230000	https://www.messenger-inquirer.com/news/national/iran-fires-back-at-israel-after-onslaught-targets-nuclear-facilities/article_894849f8-33eb-5e79-9daf-f6997d6b10d6.html
1249588702	20250613	202506	2025	2025.4466	GOV	GOVERNMENT						GOV			IRN	IRAN	IRN								0	112	112	11	3	-2.0	3	1	3	-5.15463917525773	4	Isfahan, Esfahan, Iran	IR	IR28	40941	32.6597	51.6714	6013426	4	Isfahan, Esfahan, Iran	IR	IR28	40941	32.6597	51.6714	6013426	4	Isfahan, Esfahan, Iran	IR	IR28	40941	32.6597	51.6714	6013426	20250613230000	https://www.messenger-inquirer.com/news/national/iran-fires-back-at-israel-after-onslaught-targets-nuclear-facilities/article_894849f8-33eb-5e79-9daf-f6997d6b10d6.html
1249588703	20250613	202506	2025	2025.4466	GOV	AMBASSADOR						GOV			ISR	ISRAEL	ISR								0	013	013	01	1	0.4	3	1	3	-5.7542768273717	1	Russia	RS	RS		60	100	RS	1	Israel	IS	IS		31.5	34.75	IS	1	Israel	IS	IS		31.5	34.75	IS	20250613230000	https://www.yahoo.com/news/un-officials-urge-israel-iran-221329690.html
1249588704	20250613	202506	2025	2025.4466	GOV	AMBASSADOR						GOV			ISR	ISRAEL	ISR								0	013	013	01	1	0.4	1	1	1	-5.7542768273717	1	Russia	RS	RS		60	100	RS	1	Israel	IS	IS		31.5	34.75	IS	1	Russia	RS	RS		60	100	RS	20250613230000	https://www.yahoo.com/news/un-officials-urge-israel-iran-221329690.html
1249588705	20250613	202506	2025	2025.4466	GOV	CHANCELLOR						GOV			ISR	ISRAEL	ISR								0	020	020	02	1	3.0	2	1	2	-7.86516853932584	4	Berlin, Berlin, Germany	GM	GM16	16538	52.5167	13.4	-1746443	1	Israel	IS	IS		31.5	34.75	IS	4	Berlin, Berlin, Germany	GM	GM16	16538	52.5167	13.4	-1746443	20250613230000	https://dunyanews.tv/en/World/889241-how-the-world-is-reacting-to-israel-attacks-on-iran-nuclear-military-
1249588706	20250613	202506	2025	2025.4466	GOV	CHANCELLOR						GOV			ISR	ISRAEL	ISR								0	020	020	02	1	3.0	6	1	6	-7.86516853932584	4	Berlin, Berlin, Germany	GM	GM16	16538	52.5167	13.4	-1746443	1	Israel	IS	IS		31.5	34.75	IS	1	Israel	IS	IS		31.5	34.75	IS	20250613230000	https://dunyanews.tv/en/World/889241-how-the-world-is-reacting-to-israel-attacks-on-iran-nuclear-military-
1249588707	20250613	202506	2025	2025.4466	GOV	PRESIDENT						GOV			ISR	ISRAEL	ISR								0	040	040	04	1	1.0	1	1	1	-1.5625	4	Tehran, Tehran, Iran	IR	IR26	41130	35.75	51.5148	10074674	1	Israel	IS	IS		31.5	34.75	IS	1	Oman	MU	MU		21	57	MU	20250613230000	https://www.rnz.co.nz/news/world/564120/we-knew-everything-trump-says-about-israel-s-strikes-on-iran
1249588708	20250613	202506	2025	2025.4466	GOV	FOREIGN MINIST						GOV			ISR	ISRAELI	ISR								1	040	040	04	1	1.0	6	1	6	0	1	Qatar	QA	QA		25.5	51.25	QA	1	Israel	IS	IS		31.5	34.75	IS	1	Israel	IS	IS		31.5	34.75	IS	20250613230000	https://www.kuna.net.kw/ArticleDetails.aspx?id=3235948&language=en
1249588709	20250613	202506	2025	2025.4466	GOV	GOVERNMENT						GOV			ISR	ISRAELI	ISR								0	051	051	05	1	3.4	1	1	1	-3.47368421052632	4	Tehran, Tehran, Iran	IR	IR26	41130	35.75	51.5148	10074674	4	Jerusalem, Israel (general), Israel	IS	IS00	18315	31.7667	35.2333	-797092	4	Jerusalem, Israel (general), Israel	IS	IS00	18315	31.7667	35.2333	-797092	20250613230000	https://www.algemeiner.com/2025/06/13/us-lawmakers-offer-mixed-reactions-israeli-strikes-iranian-nuclear-sites/
1249588710	20250613	202506	2025	2025.4466	GOV	GOVERNMENT						GOV			JPN	JAPAN	JPN								0	111	111	11	3	-2.0	2	1	2	-7.86516853932584	4	Tehran, Tehran, Iran	IR	IR26	41130	35.75	51.5148	10074674	1	Japan	JA	JA		36	138	JA	4	Tehran, Tehran, Iran	IR	IR26	41130	35.75	51.5148	10074674	20250613230000	https://dunyanews.tv/en/World/889241-how-the-world-is-reacting-to-israel-attacks-on-iran-nuclear-military-
1249588711	20250613	202506	2025	2025.4466	GOV	PRESIDENT						GOV			LEG	SENATE						LEG			0	051	051	05	1	3.4	7	1	7	2.3076923076923	3	Washington, District of Columbia, United States	US	USDC	DC001	38.8951	-77.0364	531871	3	Washington, District of Columbia, United States	US	USDC	DC001	38.8951	-77.0364	531871	3	Washington, District of Columbia, United States	US	USDC	DC001	38.8951	-77.0364	531871	20250613230000	https://capitalpress.com/2025/06/13/specialty-crop-group-praises-senate-committee-budget-action/
1249588712	20250613	202506	2025	2025.4466	GOV	CHIEF EXECUTIVE						GOV			MED	MEDIA						MED			0	017	017	01	1	0.0	10	1	10	-1.27551020408163	4	Government House, Hong Kong (general), Hong Kong	HK	HK00	13031	22.2667	114.15	237361	4	Government House, Hong Kong (general), Hong Kong	HK	HK00	13031	22.2667	114.15	237361	4	Government House, Hong Kong (general), Hong Kong	HK	HK00	13031	22.2667	114.15	237361	20250613230000	https://www.scmp.com/opinion/comment/article/3314420/anti-smoking-stand-tobacco-tycoon-lives-hong-kong
1249588713	20250613	202506	2025	2025.4466	GOV	GOVERNMENT						GOV			MIL	MILITARY						MIL			0	111	111	11	3	-2.0	1	1	1	-7.86516853932584	1	Israel	IS	IS		31.5	34.75	IS	4	Tehran, Tehran, Iran	IR	IR26	41130	35.75	51.5148	10074674	4	Tehran, Tehran, Iran	IR	IR26	41130	35.75	51.5148	10074674	20250613230000	https://dunyanews.tv/en/World/889241-how-the-world-is-reacting-to-israel-attacks-on-iran-nuclear-military-
1249588714	20250613	202506	2025	2025.4466	GOV	GOVERNMENT						GOV			MNCGBRMED	VODAFONE	GBR					MNC	MED		0	010	010	01	1	0.0	4	1	4	0.3125	4	Lelepa, Shefa, Vanuatu	NH	NH18	40197	-17.6	168.217	-2137587	4	Lelepa, Shefa, Vanuatu	NH	NH18	40197	-17.6	168.217	-2137587	4	Lelepa, Shefa, Vanuatu	NH	NH18	40197	-17.6	168.217	-2137587	20250613230000	https://www.dailypost.vu/news/cash-transfer-the-ghost-initiative-that-disappeared-with-millions/article_60618d5a-e38b-50b6-a9f2-b8c385d80fa0.html
1249588715	20250613	202506	2025	2025.4466	GOV	PRESIDENT						GOV			NGA	NIGERIA	NGA								0	016	016	01	1	-2.0	6	1	6	-6.49558941459503	4	Lagos, Lagos, Nigeria	NI	NI05	191416	6.45306	3.39583	-2017355	4	Lagos, Lagos, Nigeria	NI	NI05	191416	6.45306	3.39583	-2017355	4	Lagos, Lagos, Nigeria	NI	NI05	191416	6.45306	3.39583	-2017355	20250613230000	https://www.okayafrica.com/today-in-africa-news-brief-2025/
1249588716	20250613	202506	2025	2025.4466	GOV	PRESIDENT						GOV			NGA	NIGERIA	NGA								0	016	016	01	1	-2.0	2	1	2	-6.49558941459503	1	Chad	CD	CD		15	19	CD	4	Lagos, Lagos, Nigeria	NI	NI05	191416	6.45306	3.39583	-2017355	4	Lagos, Lagos, Nigeria	NI	NI05	191416	6.45306	3.39583	-2017355	20250613230000	https://www.okayafrica.com/today-in-africa-news-brief-2025/
1249588717	20250613	202506	2025	2025.4466	GOV	PRESIDENT						GOV			NGA	NIGERIA	NGA								1	020	020	02	1	3.0	1	1	1	1.34529147982062	5	Lagos State, Lagos, Nigeria	NI	NI05	22927	6.58333	3.75	-2017361	5	Lagos State, Lagos, Nigeria	NI	NI05	22927	6.58333	3.75	-2017361	5	Lagos State, Lagos, Nigeria	NI	NI05	22927	6.58333	3.75	-2017361	20250613230000	https://www.nationalaccordnewspaper.com/tinubu-urged-to-declare-mko-abiola-ex-president/
1249588718	20250613	202506	2025	2025.4466	GOV	PRINCE						GOV			NZL	NEW ZEALAND	NZL								1	042	042	04	1	1.9	2	1	2	3.13253012048193	4	Prince William, New Brunswick, Canada	CA	CA04	12607	45.9167	-67.0333	-572460	4	Prince William, New Brunswick, Canada	CA	CA04	12607	45.9167	-67.0333	-572460	4	Prince William, New Brunswick, Canada	CA	CA04	12607	45.9167	-67.0333	-572460	20250613230000	https://www.marieclaire.com/celebrity/royals/kate-middleton-apologizing-to-prince-william-2014-clip-viral-tiktok/
1249588719	20250613	202506	2025	2025.4466	GOV	PRINCE						GOV			NZL	NEW ZEALAND	NZL								1	042	042	04	1	1.9	1	1	1	3.13253012048193	4	Prince William, New Brunswick, Canada	CA	CA04	12607	45.9167	-67.0333	-572460	1	New Zealand	NZ	NZ		-42	174	NZ	1	New Zealand	NZ	NZ		-42	174	NZ	20250613230000	https://www.marieclaire.com/celebrity/royals/kate-middleton-apologizing-to-prince-william-2014-clip-viral-tiktok/
1249588720	20250613	202506	2025	2025.4466	GOV	GOVERNMENT OFFICIAL						GOV			OPP	DEMONSTRATOR						OPP			1	025	025	02	1	-0.3	1	1	1	-1.07066381156317	3	Twin Falls County, Idaho, United States	US	USID	ID083	42.3505	-114.644	399334	3	Porter Park, California, United States	US	USCA		32.7678	-117.016	247697	3	Porter Park, California, United States	US	USCA		32.7678	-117.016	247697	20250613230000	https://www.kmvt.com/2025/06/13/magic-valley-plans-weekend-protests/
1249588721	20250613	202506	2025	2025.4466	GOV	GOVERNMENT OFFICIAL						GOV			OPP	DEMONSTRATOR						OPP			1	025	025	02	1	-0.3	1	1	1	-1.07066381156317	3	Twin Falls County, Idaho, United States	US	USID	ID083	42.3505	-114.644	399334	3	Porter Park, California, United States	US	USCA		32.7678	-117.016	247697	3	Twin Falls County, Idaho, United States	US	USID		42.3505	-114.644	399334	20250613230000	https://www.kmvt.com/2025/06/13/magic-valley-plans-weekend-protests/
1249588722	20250613	202506	2025	2025.4466	GOV	GOVERNMENT OFFICIAL						GOV			OPP	DEMONSTRATOR						OPP			1	025	025	02	1	-0.3	3	1	3	-1.07066381156317	3	Twin Falls County, Idaho, United States	US	USID	ID083	42.3505	-114.644	399334	3	Twin Falls County, Idaho, United States	US	USID		42.3505	-114.644	399334	3	Twin Falls County, Idaho, United States	US	USID		42.3505	-114.644	399334	20250613230000	https://www.kmvt.com/2025/06/13/magic-valley-plans-weekend-protests/
1249588723	20250613	202506	2025	2025.4466	GOV	PRESIDENT						GOV			OPP	OPPOSITION PARTIES						OPP			0	120	120	12	3	-4.0	6	1	6	-6.49558941459503	4	Lagos, Lagos, Nigeria	NI	NI05	191416	6.45306	3.39583	-2017355	4	Lagos, Lagos, Nigeria	NI	NI05	191416	6.45306	3.39583	-2017355	4	Lagos, Lagos, Nigeria	NI	NI05	191416	6.45306	3.39583	-2017355	20250613230000	https://www.okayafrica.com/today-in-africa-news-brief-2025/
1249588724	20250613	202506	2025	2025.4466	GOV	PRESIDENT						GOV			OPP	OPPOSITION PARTIES						OPP			0	120	120	12	3	-4.0	2	1	2	-6.49558941459503	1	Chad	CD	CD		15	19	CD	1	Chad	CD	CD		15	19	CD	4	Lagos, Lagos, Nigeria	NI	NI05	191416	6.45306	3.39583	-2017355	20250613230000	https://www.okayafrica.com/today-in-africa-news-brief-2025/
1249588725	20250613	202506	2025	2025.4466	GOV	PRIME MINISTER						GOV			RUS	KAZAN	RUS								1	040	040	04	1	1.0	2	1	2	1.83150183150183	1	Vietnam, Republic Of	VM	VM		16.166667	107.833333	VM	1	Vietnam, Republic Of	VM	VM		16.166667	107.833333	VM	1	Vietnam, Republic Of	VM	VM		16.166667	107.833333	VM	20250613230000	https://www.aa.com.tr/en/asia-pacific/vietnam-joins-brics-as-partner-country/3597614
1249588726	20250613	202506	2025	2025.4466	GOV	SOVEREIGN						GOV			SOMGOV	SOMALI	SOM					GOV			0	190	190	19	4	-10.0	6	1	6	-2.3489932885906	1	Somalia	SO	SO		6	48	SO	1	Somalia	SO	SO		6	48	SO	1	Somalia	SO	SO		6	48	SO	20250613230000	https://wardheernews.com/federalism-fractured-part-vii-somalias-rejection-of-the-c6-framework-rings-hollow/
1249588727	20250613	202506	2025	2025.4466	GOV	GOVERNMENT						GOV			UIS	THE INTERNATIONAL COMMUNITY						UIS			0	111	111	11	3	-2.0	10	1	10	-2.3489932885906	1	Somalia	SO	SO		6	48	SO	1	Somalia	SO	SO		6	48	SO	1	Somalia	SO	SO		6	48	SO	20250613230000	https://wardheernews.com/federalism-fractured-part-vii-somalias-rejection-of-the-c6-framework-rings-hollow/
1249588728	20250613	202506	2025	2025.4466	GOV	GOVERNMENT						GOV			UIS	THE INTERNATIONAL COMMUNITY						UIS			0	112	112	11	3	-2.0	10	1	10	-2.3489932885906	1	Somalia	SO	SO		6	48	SO	1	Somalia	SO	SO		6	48	SO	1	Somalia	SO	SO		6	48	SO	20250613230000	https://wardheernews.com/federalism-fractured-part-vii-somalias-rejection-of-the-c6-framework-rings-hollow/
1249588729	20250613	202506	2025	2025.4466	GOV	GOVERNOR						GOV			USA	UNITED STATES	USA								0	020	020	02	1	3.0	2	1	2	-0.36656891495601	2	Maine, United States	US	USME		44.6074	-69.3977	ME	2	Maine, United States	US	USME		44.6074	-69.3977	ME	2	Maine, United States	US	USME		44.6074	-69.3977	ME	20250613230000	https://www.yahoo.com/news/ban-state-seizure-wabanaki-land-212702233.html
1249588730	20250613	202506	2025	2025.4466	GOV	MAYOR						GOV			USA	UNITED STATES	USA								1	030	030	03	1	4.0	1	1	1	-3.84024577572964	3	Manhattan, New York, United States	US	USNY	NY061	40.7834	-73.9662	971945	3	Manhattan, New York, United States	US	USNY	NY061	40.7834	-73.9662	971945	3	Manhattan, New York, United States	US	USNY	NY061	40.7834	-73.9662	971945	20250613230000	https://www.yahoo.com/news/judge-blocks-adams-admin-bringing-220600320.html
1249588731	20250613	202506	2025	2025.4466	GOV	GOVERNMENT						GOV			USA	THE US	USA								1	040	040	04	1	1.0	4	1	3	1.81451612903226	4	New Delhi, Delhi, India	IN	IN07	17911	28.6	77.2	-2106102	4	New Delhi, Delhi, India	IN	IN07	17911	28.6	77.2	-2106102	4	New Delhi, Delhi, India	IN	IN07	17911	28.6	77.2	-2106102	20250613230000	https://www.dailyexcelsior.com/india-keen-to-conclude-interim-trade-deal-with-usa-by-july-9-this-year/
1249588732	20250613	202506	2025	2025.4466	GOV	PRESIDENT						GOV			USA	UNITED STATES	USA								1	040	040	04	1	1.0	1	1	1	-0.87976539589443	3	Washington, District of Columbia, United States	US	USDC	DC001	38.8951	-77.0364	531871	2	California, United States	US	USCA		36.17	-119.746	CA	2	California, United States	US	USCA		36.17	-119.746	CA	20250613230000	https://www.yahoo.com/news/puzzled-trump-says-no-idea-211311638.html
1249588733	20250613	202506	2025	2025.4466	GOV	PRESIDENT						GOV			USA	UNITED STATES	USA								1	042	042	04	1	1.9	3	1	3	-7.15705765407555	4	Beijing, Beijing, China	CH	CH22	13001	39.9289	116.388	-1898541	2	Arizona, United States	US	USAZ		33.7712	-111.388	AZ	4	Beijing, Beijing, China	CH	CH22	13001	39.9289	116.388	-1898541	20250613230000	https://www.foxnews.com/politics/israels-drone-strikes-iran-show-why-us-must-halt-chinas-land-grab-here-experts
1249588734	20250613	202506	2025	2025.4466	GOV	PREMIER						GOV			USA	SOUTH DAKOTA	USA								1	051	051	05	1	3.4	10	1	10	2.61194029850746	2	South Dakota, United States	US	USSD		44.2853	-99.4632	SD	2	South Dakota, United States	US	USSD		44.2853	-99.4632	SD	2	South Dakota, United States	US	USSD		44.2853	-99.4632	SD	20250613230000	https://www.dakotanewsnow.com/2025/06/13/tappers-celebrate-achievements-first-ever-meeting/
1249588735	20250613	202506	2025	2025.4466	GOV	PRESIDENT						GOV			USA	UNITED STATES	USA								1	051	051	05	1	3.4	2	1	2	13.2231404958678	2	Tennessee, United States	US	USTN		35.7449	-86.7489	TN	2	Tennessee, United States	US	USTN		35.7449	-86.7489	TN	2	Tennessee, United States	US	USTN		35.7449	-86.7489	TN	20250613230000	https://www.wbbjtv.com/2025/06/13/tennessee-center-for-health-workforce-development-awards-2000-to-a-south-side-high-school-graduate/
1249588736	20250613	202506	2025	2025.4466	GOV	AUTHORITIES						GOV			USA	MARYLAND	USA								1	090	090	09	2	-2.0	10	1	10	-3.65853658536585	2	Maryland, United States	US	USMD		39.0724	-76.7902	MD	2	Maryland, United States	US	USMD		39.0724	-76.7902	MD	2	Maryland, United States	US	USMD		39.0724	-76.7902	MD	20250613230000	https://wjla.com/news/local/amber-alert-dundalk-maryland-missing-woman-child
1249588737	20250613	202506	2025	2025.4466	GOV	DIRECTOR GENERAL						GOV			USA	NEW YORK	USA								1	111	111	11	3	-2.0	2	1	2	-2.79720279720279	4	Natanz, Esfahan, Iran	IR	IR28	41048	33.4964	51.9266	10811460	4	Natanz, Esfahan, Iran	IR	IR28	41048	33.4964	51.9266	10811460	4	Natanz, Esfahan, Iran	IR	IR28	41048	33.4964	51.9266	10811460	20250613230000	https://www.kuna.net.kw/ArticleDetails.aspx?id=3235954&language=en
1249588738	20250613	202506	2025	2025.4466	GOV	DIRECTOR GENERAL						GOV			USA	NEW YORK	USA								1	111	111	11	3	-2.0	8	1	8	-2.79720279720279	4	Natanz, Esfahan, Iran	IR	IR28	41048	33.4964	51.9266	10811460	4	Natanz, Esfahan, Iran	IR	IR28	41048	33.4964	51.9266	10811460	1	Oman	MU	MU		21	57	MU	20250613230000	https://www.kuna.net.kw/ArticleDetails.aspx?id=3235954&language=en
1249588739	20250613	202506	2025	2025.4466	GOV	PRESIDENT						GOV			USA	NEW YORK	USA								0	111	111	11	3	-2.0	1	1	1	-3.84024577572964	3	Manhattan, New York, United States	US	USNY	NY061	40.7834	-73.9662	971945	2	New York, United States	US	USNY		42.1497	-74.9384	NY	3	Manhattan, New York, United States	US	USNY	NY061	40.7834	-73.9662	971945	20250613230000	https://www.yahoo.com/news/judge-blocks-adams-admin-bringing-220600320.html
1249588740	20250613	202506	2025	2025.4466	GOV	KING						GOV			USA	UNITED STATES	USA								1	141	141	14	3	-6.5	1	1	1	0.74906367041199	3	Washington, District of Columbia, United States	US	USDC	DC001	38.8951	-77.0364	531871	3	Philadelphia, Pennsylvania, United States	US	USPA	PA101	39.9523	-75.1638	1209052	3	Philadelphia, Pennsylvania, United States	US	USPA	PA101	39.9523	-75.1638	1209052	20250613230000	https://newsregister.com/article?articleTitle=two-no-kings-rallies-scheduled-in-county--1749833500--52163--1home-news
1249588741	20250613	202506	2025	2025.4466	GOV	KING						GOV			USA	UNITED STATES	USA								1	141	141	14	3	-6.5	1	1	1	0.74906367041199	3	Washington, District of Columbia, United States	US	USDC	DC001	38.8951	-77.0364	531871	3	Philadelphia, Pennsylvania, United States	US	USPA	PA101	39.9523	-75.1638	1209052	3	Washington, District of Columbia, United States	US	USDC	DC001	38.8951	-77.0364	531871	20250613230000	https://newsregister.com/article?articleTitle=two-no-kings-rallies-scheduled-in-county--1749833500--52163--1home-news
1249588742	20250613	202506	2025	2025.4466	GOV	AUTHORITIES						GOV			USA	UNITED STATES	USA								1	181	181	18	4	-9.0	4	1	4	-3.65853658536585	3	Dundalk, Maryland, United States	US	USMD	MD005	39.2507	-76.5205	590117	3	Dundalk, Maryland, United States	US	USMD	MD005	39.2507	-76.5205	590117	3	Dundalk, Maryland, United States	US	USMD	MD005	39.2507	-76.5205	590117	20250613230000	https://wjla.com/news/local/amber-alert-dundalk-maryland-missing-woman-child
1249588743	20250613	202506	2025	2025.4466	GOV	PRESIDENT						GOV			USA	PENNSYLVANIA	USA								1	192	192	19	4	-9.5	2	1	2	-2.22222222222223	2	Texas, United States	US	USTX		31.106	-97.6475	TX	2	Texas, United States	US	USTX		31.106	-97.6475	TX	2	Texas, United States	US	USTX		31.106	-97.6475	TX	20250613230000	https://www.inquirer.com/news/pennsylvania/governor-shapiro-donald-trump-pennsylvania-national-guard-20250613.html
1249588744	20250613	202506	2025	2025.4466	GOV	TRADE MINIST						GOV			USAGOV	UNITED STATES	USA					GOV			1	040	040	04	1	1.0	2	1	2	1.81451612903226	4	New Delhi, Delhi, India	IN	IN07	17911	28.6	77.2	-2106102	4	New Delhi, Delhi, India	IN	IN07	17911	28.6	77.2	-2106102	4	New Delhi, Delhi, India	IN	IN07	17911	28.6	77.2	-2106102	20250613230000	https://www.dailyexcelsior.com/india-keen-to-conclude-interim-trade-deal-with-usa-by-july-9-this-year/
1249588745	20250613	202506	2025	2025.4466	GOV	PRESIDENT						GOV			USAMED	REUTERS	USA					MED			1	013	013	01	1	0.4	12	3	12	-2.74656053977123	3	White House, District of Columbia, United States	US	USDC		38.8951	-77.0364	531871	3	White House, District of Columbia, United States	US	USDC		38.8951	-77.0364	531871	3	White House, District of Columbia, United States	US	USDC		38.8951	-77.0364	531871	20250613230000	https://www.thestar.com.my/news/world/2025/06/14/white-house-reviews-spacex-contracts-as-trump-musk-feud-simmers-sources-say
1249588746	20250613	202506	2025	2025.4466	GOV	KING						GOV			USAMED	WALL STREET JOURNAL	USA					MED			1	141	141	14	3	-6.5	5	1	5	-4.63576158940397	3	Washington, District of Columbia, United States	US	USDC	DC001	38.8951	-77.0364	531871	3	Washington, District of Columbia, United States	US	USDC	DC001	38.8951	-77.0364	531871	3	Washington, District of Columbia, United States	US	USDC	DC001	38.8951	-77.0364	531871	20250613230000	https://www.yahoo.com/news/far-extremists-prepare-violence-no-210050971.html
1249588747	20250613	202506	2025	2025.4466	GOV	GOVERNMENT						GOV			VUT	VANUATU	VUT								0	010	010	01	1	0.0	4	1	4	0.3125	4	Lelepa, Shefa, Vanuatu	NH	NH18	40197	-17.6	168.217	-2137587	4	Lelepa, Shefa, Vanuatu	NH	NH18	40197	-17.6	168.217	-2137587	4	Lelepa, Shefa, Vanuatu	NH	NH18	40197	-17.6	168.217	-2137587	20250613230000	https://www.dailypost.vu/news/cash-transfer-the-ghost-initiative-that-disappeared-with-millions/article_60618d5a-e38b-50b6-a9f2-b8c385d80fa0.html
1249588748	20250613	202506	2025	2025.4466	GOV	GOVERNMENT						GOV			VUT	VANUATU	VUT								0	040	040	04	1	1.0	2	1	2	-0.29585798816568	5	Shefa, Shefa, Vanuatu	NH	NH18	40197	-17.3333	168.5	394187	4	Efate, Shefa, Vanuatu	NH	NH18	40197	-17.6667	168.417	-2136968	4	Efate, Shefa, Vanuatu	NH	NH18	40197	-17.6667	168.417	-2136968	20250613230000	https://www.dailypost.vu/news/salili-eviction-displaces-300-families-appeal-for-help/article_ac5c67d4-4d26-5e5c-b3a6-731b9bdc199c.html
1249588749	20250613	202506	2025	2025.4466	GOV	GOVERNMENT						GOV			VUT	VANUATU	VUT								0	040	040	04	1	1.0	2	1	2	-0.29585798816568	5	Shefa, Shefa, Vanuatu	NH	NH18	40197	-17.3333	168.5	394187	5	Shefa, Shefa, Vanuatu	NH	NH18	40197	-17.3333	168.5	394187	4	Efate, Shefa, Vanuatu	NH	NH18	40197	-17.6667	168.417	-2136968	20250613230000	https://www.dailypost.vu/news/salili-eviction-displaces-300-families-appeal-for-help/article_ac5c67d4-4d26-5e5c-b3a6-731b9bdc199c.html
1249588750	20250613	202506	2025	2025.4466	GOV	GOVERNMENT						GOV			VUT	VANUATU	VUT								0	040	040	04	1	1.0	4	1	4	-0.29585798816568	5	Shefa, Shefa, Vanuatu	NH	NH18	40197	-17.3333	168.5	394187	5	Shefa, Shefa, Vanuatu	NH	NH18	40197	-17.3333	168.5	394187	5	Shefa, Shefa, Vanuatu	NH	NH18	40197	-17.3333	168.5	394187	20250613230000	https://www.dailypost.vu/news/salili-eviction-displaces-300-families-appeal-for-help/article_ac5c67d4-4d26-5e5c-b3a6-731b9bdc199c.html
1249588751	20250613	202506	2025	2025.4466	GOV	PRESIDENT						GOV			ogo	OGONI			ogo						0	080	080	08	2	5.0	2	1	2	-6.49558941459503	1	Chad	CD	CD		15	19	CD	4	Niger Delta, Nigeria (general), Nigeria	NI	NI00	23074	4.83333	6	-2020890	1	Chad	CD	CD		15	19	CD	20250613230000	https://www.okayafrica.com/today-in-africa-news-brief-2025/
1249588752	20250613	202506	2025	2025.4466	GOV	FINANCE MINIST						GOV			scoGOV	SCOTTISH			sco			GOV			0	013	013	01	1	0.4	8	1	8	-1.25786163522013	4	Edinburgh, Edinburgh, City of, United Kingdom	UK	UKU8	40173	55.95	-3.2	-2595386	4	Edinburgh, Edinburgh, City of, United Kingdom	UK	UKU8	40173	55.95	-3.2	-2595386	4	Edinburgh, Edinburgh, City of, United Kingdom	UK	UKU8	40173	55.95	-3.2	-2595386	20250613230000	https://www.dailymail.co.uk/news/article-14810971/Tory-version-Trumps-DOGE-save-650m-red-tape-waste.html
1249588753	20250613	202506	2025	2025.4466	GOVDEV	DEVELOPMENT COUNCIL						GOV	DEV		USA	KENTUCKY	USA								1	030	030	03	1	4.0	5	1	5	4.73372781065089	2	Kentucky, United States	US	USKY		37.669	-84.6514	KY	2	Kentucky, United States	US	USKY		37.669	-84.6514	KY	2	Kentucky, United States	US	USKY		37.669	-84.6514	KY	20250613230000	https://www.wkyt.com/2025/06/13/wkyt-investigates-liberty-place-getting-new-referrals-dept-corrections/
1249588754	20250613	202506	2025	2025.4466	GOVHLH	HEALTH MINIST						GOV	HLH												1	010	010	01	1	0.0	5	1	5	-1.27551020408163	4	Government House, Hong Kong (general), Hong Kong	HK	HK00	13031	22.2667	114.15	237361	0								4	Government House, Hong Kong (general), Hong Kong	HK	HK00	13031	22.2667	114.15	237361	20250613230000	https://www.scmp.com/opinion/comment/article/3314420/anti-smoking-stand-tobacco-tycoon-lives-hong-kong
1249588755	20250613	202506	2025	2025.4466	GOVHLH	HEALTH MINIST						GOV	HLH												1	090	090	09	2	-2.0	10	1	10	-1.27551020408163	4	Government House, Hong Kong (general), Hong Kong	HK	HK00	13031	22.2667	114.15	237361	0								4	Government House, Hong Kong (general), Hong Kong	HK	HK00	13031	22.2667	114.15	237361	20250613230000	https://www.scmp.com/opinion/comment/article/3314420/anti-smoking-stand-tobacco-tycoon-lives-hong-kong
1249588756	20250613	202506	2025	2025.4466	GOVLAB	LABOUR MINIST						GOV	LAB												1	016	016	01	1	-2.0	3	1	3	-7.18390804597701	4	Dhaka, Dhaka, Bangladesh	BG	BG81	5778	23.7231	90.4086	-2737683	0								4	Dhaka, Dhaka, Bangladesh	BG	BG81	5778	23.7231	90.4086	-2737683	20250613230000	https://banglamirrornews.com/2025/06/13/yunus-declines-meeting-with-tulip-siddiq/
1249588757	20250613	202506	2025	2025.4466	GOVMIL	DEPARTMENT OF DEFENSE						GOV	MIL		MIL	MILITARY						MIL			1	057	057	05	1	8.0	10	1	10	1.66051660516605	1	Qatar	QA	QA		25.5	51.25	QA	1	Qatar	QA	QA		25.5	51.25	QA	1	Qatar	QA	QA		25.5	51.25	QA	20250613230000	https://geeknewscentral.com/2025/06/13/meta-announces-a-14-39-investment-in-scale-ai-and-hires-ceo-alexandr-wang-to-oversee-its-efforts/
1249588758	20250613	202506	2025	2025.4466	GOVMIL	NATIONAL SECURITY COUNCIL						GOV	MIL		USA	UNITED STATES	USA								0	040	040	04	1	1.0	2	1	2	-2.37341772151899	3	White House, District of Columbia, United States	US	USDC		38.8951	-77.0364	531871	3	White House, District of Columbia, United States	US	USDC		38.8951	-77.0364	531871	1	France	FR	FR		46	2	FR	20250613230000	https://www.columbian.com/news/2025/jun/13/israeli-strikes-on-iran-lead-to-new-test-of-trumps-ability-to-deliver-on-america-first-agenda/
1249588759	20250613	202506	2025	2025.4466	GRD	GRENADA	GRD								AGR	FARMER						AGR			1	043	043	04	1	2.8	10	1	10	0.6079027355623	1	Grenada	GJ	GJ		12.116667	-61.666667	GJ	1	Grenada	GJ	GJ		12.116667	-61.666667	GJ	1	Grenada	GJ	GJ		12.116667	-61.666667	GJ	20250613230000	https://nowgrenada.com/2025/06/ministry-commences-pig-breeding-programme/
1249588760	20250613	202506	2025	2025.4466	GRD	GRENADA	GRD								BUS	INDUSTRY						BUS			1	051	051	05	1	3.4	4	1	4	0.6079027355623	1	Grenada	GJ	GJ		12.116667	-61.666667	GJ	1	Grenada	GJ	GJ		12.116667	-61.666667	GJ	1	Grenada	GJ	GJ		12.116667	-61.666667	GJ	20250613230000	https://nowgrenada.com/2025/06/ministry-commences-pig-breeding-programme/
1249588761	20250613	202506	2025	2025.4466	GRD	GRENADA	GRD								GOV	MINIST						GOV			1	040	040	04	1	1.0	2	1	2	2.65957446808511	1	Grenada	GJ	GJ		12.116667	-61.666667	GJ	1	Grenada	GJ	GJ		12.116667	-61.666667	GJ	1	Grenada	GJ	GJ		12.116667	-61.666667	GJ	20250613230000	https://nowgrenada.com/2025/06/minister-cornwall-to-address-opec-2025-forum/
1249588762	20250613	202506	2025	2025.4466	GRD	GRENADA	GRD								GOV	MINIST FOR FINANCE						GOV			1	042	042	04	1	1.9	4	1	4	2.65957446808511	1	Grenada	GJ	GJ		12.116667	-61.666667	GJ	1	Grenada	GJ	GJ		12.116667	-61.666667	GJ	1	Grenada	GJ	GJ		12.116667	-61.666667	GJ	20250613230000	https://nowgrenada.com/2025/06/minister-cornwall-to-address-opec-2025-forum/
1249588763	20250613	202506	2025	2025.4466	GRD	GRENADA	GRD								GRDGOV	GRENADA	GRD					GOV			1	042	042	04	1	1.9	1	1	1	2.65957446808511	1	Grenada	GJ	GJ		12.116667	-61.666667	GJ	1	Grenada	GJ	GJ		12.116667	-61.666667	GJ	1	Grenada	GJ	GJ		12.116667	-61.666667	GJ	20250613230000	https://nowgrenada.com/2025/06/minister-cornwall-to-address-opec-2025-forum/
1249588764	20250613	202506	2025	2025.4466	GRD	GRENADA	GRD								GRDLEG	GRENADA	GRD					LEG			1	040	040	04	1	1.0	10	1	10	-1.76600441501103	1	Grenada	GJ	GJ		12.116667	-61.666667	GJ	1	Grenada	GJ	GJ		12.116667	-61.666667	GJ	1	Grenada	GJ	GJ		12.116667	-61.666667	GJ	20250613230000	https://nowgrenada.com/2025/06/banking-act-amendment-provides-fine-for-violating-code-of-conduct/
1249588765	20250613	202506	2025	2025.4466	GRD	GRENADA	GRD								IGOBUSOPC	OPEC		OPC				IGO	BUS		1	036	036	03	1	4.0	4	1	4	2.65957446808511	1	Grenada	GJ	GJ		12.116667	-61.666667	GJ	4	Vienna, Wien, Austria	AU	AU09	5672	48.2	16.3667	-1995499	1	Grenada	GJ	GJ		12.116667	-61.666667	GJ	20250613230000	https://nowgrenada.com/2025/06/minister-cornwall-to-address-opec-2025-forum/
1249588766	20250613	202506	2025	2025.4466	GRD	GRENADA	GRD								IGOBUSOPC	OPEC		OPC				IGO	BUS		1	036	036	03	1	4.0	1	1	1	2.65957446808511	1	Grenada	GJ	GJ		12.116667	-61.666667	GJ	1	Grenada	GJ	GJ		12.116667	-61.666667	GJ	1	Grenada	GJ	GJ		12.116667	-61.666667	GJ	20250613230000	https://nowgrenada.com/2025/06/minister-cornwall-to-address-opec-2025-forum/
1249588767	20250613	202506	2025	2025.4466	GRD	GRENADA	GRD								IGOBUSOPC	OPEC		OPC				IGO	BUS		1	042	042	04	1	1.9	1	1	1	2.65957446808511	1	Grenada	GJ	GJ		12.116667	-61.666667	GJ	4	Vienna, Wien, Austria	AU	AU09	5672	48.2	16.3667	-1995499	1	Grenada	GJ	GJ		12.116667	-61.666667	GJ	20250613230000	https://nowgrenada.com/2025/06/minister-cornwall-to-address-opec-2025-forum/
1249588768	20250613	202506	2025	2025.4466	GRDGOV	GRENADA	GRD					GOV													1	040	040	04	1	1.0	2	1	2	2.65957446808511	1	Grenada	GJ	GJ		12.116667	-61.666667	GJ	0								1	Grenada	GJ	GJ		12.116667	-61.666667	GJ	20250613230000	https://nowgrenada.com/2025/06/minister-cornwall-to-address-opec-2025-forum/
1249588769	20250613	202506	2025	2025.4466	GRDGOV	GRENADA	GRD					GOV													1	070	070	07	2	7.0	2	1	2	2.65957446808511	1	Grenada	GJ	GJ		12.116667	-61.666667	GJ	0								1	Grenada	GJ	GJ		12.116667	-61.666667	GJ	20250613230000	https://nowgrenada.com/2025/06/minister-cornwall-to-address-opec-2025-forum/
1249588770	20250613	202506	2025	2025.4466	GRDGOV	GRENADA	GRD					GOV			GRD	GRENADA	GRD								1	043	043	04	1	2.8	1	1	1	2.65957446808511	1	Grenada	GJ	GJ		12.116667	-61.666667	GJ	1	Grenada	GJ	GJ		12.116667	-61.666667	GJ	1	Grenada	GJ	GJ		12.116667	-61.666667	GJ	20250613230000	https://nowgrenada.com/2025/06/minister-cornwall-to-address-opec-2025-forum/
1249588771	20250613	202506	2025	2025.4466	GRDGOV	GRENADA	GRD					GOV			IGOBUSOPC	OPEC		OPC				IGO	BUS		1	010	010	01	1	0.0	2	1	2	2.65957446808511	1	Grenada	GJ	GJ		12.116667	-61.666667	GJ	1	Grenada	GJ	GJ		12.116667	-61.666667	GJ	1	Grenada	GJ	GJ		12.116667	-61.666667	GJ	20250613230000	https://nowgrenada.com/2025/06/minister-cornwall-to-address-opec-2025-forum/
1249588772	20250613	202506	2025	2025.4466	GRDGOV	GRENADA	GRD					GOV			IGOBUSOPC	OPEC		OPC				IGO	BUS		1	042	042	04	1	1.9	1	1	1	2.65957446808511	1	Grenada	GJ	GJ		12.116667	-61.666667	GJ	1	Grenada	GJ	GJ		12.116667	-61.666667	GJ	1	Grenada	GJ	GJ		12.116667	-61.666667	GJ	20250613230000	https://nowgrenada.com/2025/06/minister-cornwall-to-address-opec-2025-forum/
1249588773	20250613	202506	2025	2025.4466	GUY	GUYANA	GUY								IGOUNOGOV	THE UN		UNO				IGO	GOV		0	046	046	04	1	7.0	4	1	4	-7.86516853932584	1	Guyana	GY	GY		5	-59	GY	4	Tehran, Tehran, Iran	IR	IR26	41130	35.75	51.5148	10074674	1	Guyana	GY	GY		5	-59	GY	20250613230000	https://dunyanews.tv/en/World/889241-how-the-world-is-reacting-to-israel-attacks-on-iran-nuclear-military-
1249588774	20250613	202506	2025	2025.4466	GUY	GUYANA	GUY								IGOUNOGOV	THE UN		UNO				IGO	GOV		0	046	046	04	1	7.0	1	1	1	-7.86516853932584	1	Guyana	GY	GY		5	-59	GY	3	White House, District of Columbia, United States	US	USDC		38.8951	-77.0364	531871	4	Tehran, Tehran, Iran	IR	IR26	41130	35.75	51.5148	10074674	20250613230000	https://dunyanews.tv/en/World/889241-how-the-world-is-reacting-to-israel-attacks-on-iran-nuclear-military-
1249588775	20250613	202506	2025	2025.4466	HLH	DOCTOR						HLH													1	010	010	01	1	0.0	6	1	6	1.03359173126615	2	Virginia, United States	US	USVA		37.768	-78.2057	VA	0								2	Virginia, United States	US	USVA		37.768	-78.2057	VA	20250613230000	https://ew.com/def-leppard-guitarist-vivian-campbell-remission-cancer-11754697
1249588776	20250613	202506	2025	2025.4466	HLH	NURSE						HLH													1	085	085	08	2	7.0	7	1	7	-0.24213075060533	1	Ghana	GH	GH		8	-2	GH	0								1	Ghana	GH	GH		8	-2	GH	20250613230000	https://www.ghanamma.com/2025/06/13/health-committees-constructive-posture-helped-in-ending-nurses-strike-ayew-afriyie/
1249588777	20250613	202506	2025	2025.4466	HLH	NURSE						HLH			GHA	GHANA	GHA								1	085	085	08	2	7.0	3	1	3	-0.24213075060533	1	Ghana	GH	GH		8	-2	GH	1	Ghana	GH	GH		8	-2	GH	1	Ghana	GH	GH		8	-2	GH	20250613230000	https://www.ghanamma.com/2025/06/13/health-committees-constructive-posture-helped-in-ending-nurses-strike-ayew-afriyie/
1249588778	20250613	202506	2025	2025.4466	HRI	HUMAN RIGHTS SOCIETY						HRI			KWT	KUWAIT	KWT								1	040	040	04	1	1.0	5	1	5	6.89655172413793	1	Kuwait	KU	KU		29.5	47.75	KU	1	Kuwait	KU	KU		29.5	47.75	KU	1	Kuwait	KU	KU		29.5	47.75	KU	20250613230000	https://www.kuna.net.kw/ArticleDetails.aspx?id=3235937&Language=en
1249588779	20250613	202506	2025	2025.4466	IDN	INDONESIA	IDN								BUS	COMPANY						BUS			0	051	051	05	1	3.4	2	1	2	0.79197465681098	1	Indonesia	ID	ID		-5	120	ID	1	Indonesia	ID	ID		-5	120	ID	1	Indonesia	ID	ID		-5	120	ID	20250613230000	https://www.yahoo.com/news/queer-owned-brands-face-tariff-223000855.html
1249588780	20250613	202506	2025	2025.4466	IGO	PACIFIC COMMUNITY						IGO													0	130	130	13	3	-4.4	10	1	10	-3.14606741573033	1	Vanuatu	NH	NH		-16	167	NH	0								1	Vanuatu	NH	NH		-16	167	NH	20250613230000	https://www.dailypost.vu/news/vanuatu-pushes-legal-limits-to-demand-climate-accountability/article_bb7a62b7-d796-56fc-888b-d1a907ce5cbe.html
1249588781	20250613	202506	2025	2025.4466	IGO	INTERNATIONAL MARITIME ORGANIZATION						IGO			BUS	INDUSTRY						BUS			0	040	040	04	1	1.0	10	1	10	0.55401662049861	4	Manila, Manila, Philippines	RP	RPD9	24210	14.6042	120.982	-2437894	4	Manila, Manila, Philippines	RP	RPD9	24210	14.6042	120.982	-2437894	4	Manila, Manila, Philippines	RP	RPD9	24210	14.6042	120.982	-2437894	20250613230000	https://www.hellenicshippingnews.com/governments-and-industry-reaffirm-commitment-to-trade-and-global-stability-at-high-profile-athens-summit/
1249588782	20250613	202506	2025	2025.4466	IGOAFRAFU	AFRICAN UNION	AFR					IGO													0	012	012	01	1	-0.4	6	1	6	-7.86516853932584	4	Tehran, Tehran, Iran	IR	IR26	41130	35.75	51.5148	10074674	0								1	Israel	IS	IS		31.5	34.75	IS	20250613230000	https://dunyanews.tv/en/World/889241-how-the-world-is-reacting-to-israel-attacks-on-iran-nuclear-military-
1249588783	20250613	202506	2025	2025.4466	IGOAFRAFU	AFRICAN UNION	AFR					IGO													0	012	012	01	1	-0.4	4	1	4	-7.86516853932584	1	Japan	JA	JA		36	138	JA	0								1	Japan	JA	JA		36	138	JA	20250613230000	https://dunyanews.tv/en/World/889241-how-the-world-is-reacting-to-israel-attacks-on-iran-nuclear-military-
1249588784	20250613	202506	2025	2025.4466	IGOBUSOPC	OPEC		OPC				IGO	BUS		GOV	MINIST FOR FINANCE						GOV			1	043	043	04	1	2.8	3	1	3	2.65957446808511	4	Vienna, Wien, Austria	AU	AU09	5672	48.2	16.3667	-1995499	1	Grenada	GJ	GJ		12.116667	-61.666667	GJ	1	Grenada	GJ	GJ		12.116667	-61.666667	GJ	20250613230000	https://nowgrenada.com/2025/06/minister-cornwall-to-address-opec-2025-forum/
1249588785	20250613	202506	2025	2025.4466	IGOBUSOPC	OPEC		OPC				IGO	BUS		GRD	GRENADA	GRD								1	043	043	04	1	2.8	1	1	1	2.65957446808511	4	Vienna, Wien, Austria	AU	AU09	5672	48.2	16.3667	-1995499	1	Grenada	GJ	GJ		12.116667	-61.666667	GJ	1	Grenada	GJ	GJ		12.116667	-61.666667	GJ	20250613230000	https://nowgrenada.com/2025/06/minister-cornwall-to-address-opec-2025-forum/
1249588786	20250613	202506	2025	2025.4466	IGOBUSOPC	OPEC		OPC				IGO	BUS		GRDGOV	GRENADA	GRD					GOV			1	043	043	04	1	2.8	1	1	1	2.65957446808511	1	Grenada	GJ	GJ		12.116667	-61.666667	GJ	1	Grenada	GJ	GJ		12.116667	-61.666667	GJ	1	Grenada	GJ	GJ		12.116667	-61.666667	GJ	20250613230000	https://nowgrenada.com/2025/06/minister-cornwall-to-address-opec-2025-forum/
1249588787	20250613	202506	2025	2025.4466	IGOEUREEC	THE EU	EUR	EEC				IGO			ESP	SPAIN	ESP								0	043	043	04	1	2.8	8	1	8	0.86330935251799	1	Spain	SP	SP		40	-4	SP	1	Spain	SP	SP		40	-4	SP	1	Spain	SP	SP		40	-4	SP	20250613230000	http://www.gbc.gi/news/government-opens-treaty-email-after-gbcs-viewpoint-is-inundated-with-queries
1249588788	20250613	202506	2025	2025.4466	IGOEUREEC	EUROPEAN UNION	EUR	EEC				IGO			EUR	EUROPE	EUR								0	020	020	02	1	3.0	8	1	8	0.61199510403917	1	Russia	RS	RS		60	100	RS	1	Russia	RS	RS		60	100	RS	1	Russia	RS	RS		60	100	RS	20250613230000	https://www.cbc.ca/news/politics/canada-signing-onto-european-rearment-deal-eu-canada-summit-1.7560891
1249588789	20250613	202506	2025	2025.4466	IGOEUREEC	EUROPEAN UNION	EUR	EEC				IGO			EUR	EUROPE	EUR								0	020	020	02	1	3.0	2	1	2	0.61199510403917	1	United States	US	US		39.828175	-98.5795	US	1	Russia	RS	RS		60	100	RS	1	Russia	RS	RS		60	100	RS	20250613230000	https://www.cbc.ca/news/politics/canada-signing-onto-european-rearment-deal-eu-canada-summit-1.7560891
1249588790	20250613	202506	2025	2025.4466	IGOEUREEC	THE EU	EUR	EEC				IGO			GBR	UNITED KINGDOM	GBR								0	043	043	04	1	2.8	2	1	2	0.86330935251799	1	Spain	SP	SP		40	-4	SP	4	London, London, City of, United Kingdom	UK	UKH9	40110	51.5	-0.116667	-2601889	1	Spain	SP	SP		40	-4	SP	20250613230000	http://www.gbc.gi/news/government-opens-treaty-email-after-gbcs-viewpoint-is-inundated-with-queries
1249588791	20250613	202506	2025	2025.4466	IGOEUREEC	THE EU	EUR	EEC				IGO			UKR	UKRAINE	UKR								0	051	051	05	1	3.4	1	1	1	0.61199510403917	4	Donbas, Ukraine (general), Ukraine	UP	UP00	25090	48.5	38.5	-1038077	4	Donbas, Ukraine (general), Ukraine	UP	UP00	25090	48.5	38.5	-1038077	4	Donbas, Ukraine (general), Ukraine	UP	UP00	25090	48.5	38.5	-1038077	20250613230000	https://www.cbc.ca/news/politics/canada-signing-onto-european-rearment-deal-eu-canada-summit-1.7560891
1249588792	20250613	202506	2025	2025.4466	IGOEUREEC	THE EU	EUR	EEC				IGO			UKR	UKRAINE	UKR								0	051	051	05	1	3.4	4	1	4	0.61199510403917	1	Canada	CA	CA		60	-96	CA	4	Donbas, Ukraine (general), Ukraine	UP	UP00	25090	48.5	38.5	-1038077	4	Donbas, Ukraine (general), Ukraine	UP	UP00	25090	48.5	38.5	-1038077	20250613230000	https://www.cbc.ca/news/politics/canada-signing-onto-european-rearment-deal-eu-canada-summit-1.7560891
1249588793	20250613	202506	2025	2025.4466	IGOUNO	THE SECURITY COUNCIL		UNO				IGO			GOV	AMBASSADOR						GOV			0	013	013	01	1	0.4	6	1	6	-2.56410256410256	4	Islamabad, Islamabad, Pakistan	PK	PK08	23674	33.7	73.1667	-2762812	1	Israel	IS	IS		31.5	34.75	IS	1	Israel	IS	IS		31.5	34.75	IS	20250613230000	https://dunyanews.tv/en/Pakistan/889247-pakistan-warns-unsc-of-grave-threat-to-world-peace-posed-by-israeli-at
1249588794	20250613	202506	2025	2025.4466	IGOUNO	THE SECURITY COUNCIL		UNO				IGO			GOV	AMBASSADOR						GOV			0	013	013	01	1	0.4	1	1	1	-2.56410256410256	1	Israel	IS	IS		31.5	34.75	IS	1	Israel	IS	IS		31.5	34.75	IS	1	Israel	IS	IS		31.5	34.75	IS	20250613230000	https://dunyanews.tv/en/Pakistan/889247-pakistan-warns-unsc-of-grave-threat-to-world-peace-posed-by-israeli-at
1249588795	20250613	202506	2025	2025.4466	IGOUNO	UN SECURITY COUNCIL		UNO				IGO			IRN	IRAN	IRN								0	010	010	01	1	0.0	4	1	4	-5.15463917525773	4	Tehran, Tehran, Iran	IR	IR26	41130	35.75	51.5148	10074674	4	Tehran, Tehran, Iran	IR	IR26	41130	35.75	51.5148	10074674	1	China	CH	CH		35	105	CH	20250613230000	https://www.messenger-inquirer.com/news/national/iran-fires-back-at-israel-after-onslaught-targets-nuclear-facilities/article_894849f8-33eb-5e79-9daf-f6997d6b10d6.html
1249588796	20250613	202506	2025	2025.4466	IGOUNO	UNSC		UNO				IGO			IRN	IRAN	IRN								1	020	020	02	1	3.0	5	1	5	-6.12244897959184	1	Iran	IR	IR		32	53	IR	1	Iran	IR	IR		32	53	IR	1	Iran	IR	IR		32	53	IR	20250613230000	https://www.kuna.net.kw/ArticleDetails.aspx?id=3235934&language=en
1249588797	20250613	202506	2025	2025.4466	IGOUNO	UNSC		UNO				IGO			IRN	IRAN	IRN								1	046	046	04	1	7.0	5	1	5	-6.12244897959184	1	Iran	IR	IR		32	53	IR	1	Israel	IS	IS		31.5	34.75	IS	1	Iran	IR	IR		32	53	IR	20250613230000	https://www.kuna.net.kw/ArticleDetails.aspx?id=3235934&language=en
1249588798	20250613	202506	2025	2025.4466	IGOUNOGOV	THE UN		UNO				IGO	GOV												0	040	040	04	1	1.0	4	1	4	-7.86516853932584	4	Tehran, Tehran, Iran	IR	IR26	41130	35.75	51.5148	10074674	0								1	Guyana	GY	GY		5	-59	GY	20250613230000	https://dunyanews.tv/en/World/889241-how-the-world-is-reacting-to-israel-attacks-on-iran-nuclear-military-
1249588799	20250613	202506	2025	2025.4466	IGOUNOGOV	THE UN		UNO				IGO	GOV												0	040	040	04	1	1.0	1	1	1	-7.86516853932584	3	White House, District of Columbia, United States	US	USDC		38.8951	-77.0364	531871	0								4	Tehran, Tehran, Iran	IR	IR26	41130	35.75	51.5148	10074674	20250613230000	https://dunyanews.tv/en/World/889241-how-the-world-is-reacting-to-israel-attacks-on-iran-nuclear-military-
1249588800	20250613	202506	2025	2025.4466	IGOUNOGOV	THE UN		UNO				IGO	GOV												0	046	046	04	1	7.0	4	1	4	-7.86516853932584	4	Tehran, Tehran, Iran	IR	IR26	41130	35.75	51.5148	10074674	0								1	Guyana	GY	GY		5	-59	GY	20250613230000	https://dunyanews.tv/en/World/889241-how-the-world-is-reacting-to-israel-attacks-on-iran-nuclear-military-
1249588801	20250613	202506	2025	2025.4466	IGOUNOGOV	THE UN		UNO				IGO	GOV												0	046	046	04	1	7.0	1	1	1	-7.86516853932584	3	White House, District of Columbia, United States	US	USDC		38.8951	-77.0364	531871	0								4	Tehran, Tehran, Iran	IR	IR26	41130	35.75	51.5148	10074674	20250613230000	https://dunyanews.tv/en/World/889241-how-the-world-is-reacting-to-israel-attacks-on-iran-nuclear-military-
1249588802	20250613	202506	2025	2025.4466	IGOUNOGOV	THE UN		UNO				IGO	GOV		GUY	GUYANA	GUY								0	040	040	04	1	1.0	4	1	4	-7.86516853932584	4	Tehran, Tehran, Iran	IR	IR26	41130	35.75	51.5148	10074674	1	Guyana	GY	GY		5	-59	GY	1	Guyana	GY	GY		5	-59	GY	20250613230000	https://dunyanews.tv/en/World/889241-how-the-world-is-reacting-to-israel-attacks-on-iran-nuclear-military-
1249588803	20250613	202506	2025	2025.4466	IGOUNOGOV	THE UN		UNO				IGO	GOV		GUY	GUYANA	GUY								0	040	040	04	1	1.0	1	1	1	-7.86516853932584	3	White House, District of Columbia, United States	US	USDC		38.8951	-77.0364	531871	1	Guyana	GY	GY		5	-59	GY	4	Tehran, Tehran, Iran	IR	IR26	41130	35.75	51.5148	10074674	20250613230000	https://dunyanews.tv/en/World/889241-how-the-world-is-reacting-to-israel-attacks-on-iran-nuclear-military-
1249588804	20250613	202506	2025	2025.4466	IGOUNOGOV	THE UN		UNO				IGO	GOV		GUY	GUYANA	GUY								0	046	046	04	1	7.0	4	1	4	-7.86516853932584	4	Tehran, Tehran, Iran	IR	IR26	41130	35.75	51.5148	10074674	1	Guyana	GY	GY		5	-59	GY	1	Guyana	GY	GY		5	-59	GY	20250613230000	https://dunyanews.tv/en/World/889241-how-the-world-is-reacting-to-israel-attacks-on-iran-nuclear-military-
1249588805	20250613	202506	2025	2025.4466	IGOUNOGOV	THE UN		UNO				IGO	GOV		GUY	GUYANA	GUY								0	046	046	04	1	7.0	1	1	1	-7.86516853932584	3	White House, District of Columbia, United States	US	USDC		38.8951	-77.0364	531871	1	Guyana	GY	GY		5	-59	GY	4	Tehran, Tehran, Iran	IR	IR26	41130	35.75	51.5148	10074674	20250613230000	https://dunyanews.tv/en/World/889241-how-the-world-is-reacting-to-israel-attacks-on-iran-nuclear-military-
1249588806	20250613	202506	2025	2025.4466	IGOUNOGOV	THE UN		UNO				IGO	GOV		IGOUNO	THE UN		UNO				IGO			0	036	036	03	1	4.0	2	1	2	-7.86516853932584	3	White House, District of Columbia, United States	US	USDC		38.8951	-77.0364	531871	3	White House, District of Columbia, United States	US	USDC		38.8951	-77.0364	531871	4	Tehran, Tehran, Iran	IR	IR26	41130	35.75	51.5148	10074674	20250613230000	https://dunyanews.tv/en/World/889241-how-the-world-is-reacting-to-israel-attacks-on-iran-nuclear-military-
1249588807	20250613	202506	2025	2025.4466	IGOUNOGOV	UNITED NATIONS		UNO				IGO	GOV		ISR	ISRAELI	ISR								1	046	046	04	1	7.0	10	1	10	-7.36842105263155	1	Israel	IS	IS		31.5	34.75	IS	1	Israel	IS	IS		31.5	34.75	IS	1	Israel	IS	IS		31.5	34.75	IS	20250613230000	https://en.shafaqna.com/413185/iran-envoy-at-unsc-emergency-meeting/
1249588808	20250613	202506	2025	2025.4466	IGOUNOHLHWHO	WORLD HEALTH ORGANIZATION		UNO				IGO	HLH												1	071	071	07	2	7.4	10	1	10	-1.72642762284197	1	Colombia	CO	CO		4	-72	CO	0								1	Colombia	CO	CO		4	-72	CO	20250613230000	https://quicknews-africa.net/tobacco-treaty-talks-close-with-progress-on-funding-increasing-transparency/
1249588809	20250613	202506	2025	2025.4466	IGOUNOHLHWHO	WORLD HEALTH ORGANIZATION		UNO				IGO	HLH		SDN	SUDAN	SDN								1	080	080	08	2	5.0	10	1	10	-6.49558941459503	1	Chad	CD	CD		15	19	CD	4	Darfur, Gharb Darfur, Sudan	SU	SU47	37140	13.5	23.5	-17505	1	Chad	CD	CD		15	19	CD	20250613230000	https://www.okayafrica.com/today-in-africa-news-brief-2025/
1249588810	20250613	202506	2025	2025.4466	IGOUNOHLHWHO	WORLD HEALTH ORGANIZATION		UNO				IGO	HLH		TCD	CHAD	TCD								1	130	130	13	3	-4.4	5	1	5	-6.49558941459503	1	Chad	CD	CD		15	19	CD	1	Chad	CD	CD		15	19	CD	4	Darfur, Gharb Darfur, Sudan	SU	SU47	37140	13.5	23.5	-17505	20250613230000	https://www.okayafrica.com/today-in-africa-news-brief-2025/
1249588811	20250613	202506	2025	2025.4466	IGOUNOHLHWHO	WORLD HEALTH ORGANIZATION		UNO				IGO	HLH		TCD	CHAD	TCD								1	192	192	19	4	-9.5	2	1	2	-6.49558941459503	1	Chad	CD	CD		15	19	CD	1	Chad	CD	CD		15	19	CD	4	Darfur, Gharb Darfur, Sudan	SU	SU47	37140	13.5	23.5	-17505	20250613230000	https://www.okayafrica.com/today-in-africa-news-brief-2025/
1249588812	20250613	202506	2025	2025.4466	IGOUNOHLHWHO	WORLD HEALTH ORGANIZATION		UNO				IGO	HLH		TCD	CHAD	TCD								1	192	192	19	4	-9.5	3	1	3	-6.49558941459503	1	Chad	CD	CD		15	19	CD	1	Chad	CD	CD		15	19	CD	1	Chad	CD	CD		15	19	CD	20250613230000	https://www.okayafrica.com/today-in-africa-news-brief-2025/
1249588813	20250613	202506	2025	2025.4466	IGOUNOIAE	IAEA		UNO				IGO			GOV	DIPLOMAT						GOV			0	010	010	01	1	0.0	5	1	5	-7.86516853932584	4	Vienna, Wien, Austria	AU	AU09	5672	48.2	16.3667	-1995499	4	Vienna, Wien, Austria	AU	AU09	5672	48.2	16.3667	-1995499	4	Vienna, Wien, Austria	AU	AU09	5672	48.2	16.3667	-1995499	20250613230000	https://dunyanews.tv/en/World/889241-how-the-world-is-reacting-to-israel-attacks-on-iran-nuclear-military-
1249588814	20250613	202506	2025	2025.4466	IGOUNOIAE	IAEA		UNO				IGO			GOV	DIPLOMAT						GOV			0	010	010	01	1	0.0	2	1	2	-7.86516853932584	4	Tehran, Tehran, Iran	IR	IR26	41130	35.75	51.5148	10074674	4	Vienna, Wien, Austria	AU	AU09	5672	48.2	16.3667	-1995499	4	Vienna, Wien, Austria	AU	AU09	5672	48.2	16.3667	-1995499	20250613230000	https://dunyanews.tv/en/World/889241-how-the-world-is-reacting-to-israel-attacks-on-iran-nuclear-military-
1249588815	20250613	202506	2025	2025.4466	IGOUNOIAE	IAEA		UNO				IGO			GOV	GOVERNOR						GOV			0	036	036	03	1	4.0	8	1	8	-7.86516853932584	4	Vienna, Wien, Austria	AU	AU09	5672	48.2	16.3667	-1995499	4	Vienna, Wien, Austria	AU	AU09	5672	48.2	16.3667	-1995499	4	Vienna, Wien, Austria	AU	AU09	5672	48.2	16.3667	-1995499	20250613230000	https://dunyanews.tv/en/World/889241-how-the-world-is-reacting-to-israel-attacks-on-iran-nuclear-military-
1249588816	20250613	202506	2025	2025.4466	IGOUNOIAE	IAEA		UNO				IGO			GOV	GOVERNOR						GOV			0	036	036	03	1	4.0	2	1	2	-7.86516853932584	4	Tehran, Tehran, Iran	IR	IR26	41130	35.75	51.5148	10074674	4	Vienna, Wien, Austria	AU	AU09	5672	48.2	16.3667	-1995499	4	Tehran, Tehran, Iran	IR	IR26	41130	35.75	51.5148	10074674	20250613230000	https://dunyanews.tv/en/World/889241-how-the-world-is-reacting-to-israel-attacks-on-iran-nuclear-military-
1249588817	20250613	202506	2025	2025.4466	IGOUNOJUDICJ	INTERNATIONAL COURT OF JUSTICE		UNO				IGO	JUD												1	010	010	01	1	0.0	10	1	10	-3.14606741573033	1	Vanuatu	NH	NH		-16	167	NH	0								1	Vanuatu	NH	NH		-16	167	NH	20250613230000	https://www.dailypost.vu/news/vanuatu-pushes-legal-limits-to-demand-climate-accountability/article_bb7a62b7-d796-56fc-888b-d1a907ce5cbe.html
1249588818	20250613	202506	2025	2025.4466	IGOUNOJUDICJ	INTERNATIONAL COURT OF JUSTICE		UNO				IGO	JUD												1	013	013	01	1	0.4	10	1	10	-3.14606741573033	1	Vanuatu	NH	NH		-16	167	NH	0								1	Vanuatu	NH	NH		-16	167	NH	20250613230000	https://www.dailypost.vu/news/vanuatu-pushes-legal-limits-to-demand-climate-accountability/article_bb7a62b7-d796-56fc-888b-d1a907ce5cbe.html
1249588819	20250613	202506	2025	2025.4466	IGOUNOLEG	THE UN		UNO				IGO	LEG												1	020	020	02	1	3.0	4	1	4	-5.96491228070176	4	New Delhi, Delhi, India	IN	IN07	17911	28.6	77.2	-2106102	0								4	Gaza, Israel (general), Israel	IS	IS00	18315	31.4167	34.3333	-797156	20250613230000	https://www.deccanchronicle.com/nation/india-abstains-from-un-vote-on-gaza-peace-1885049
1249588820	20250613	202506	2025	2025.4466	IGOUNOLEG	THE UN		UNO				IGO	LEG												1	057	057	05	1	8.0	4	1	4	-5.96491228070176	1	United States	US	US		39.828175	-98.5795	US	0								1	United States	US	US		39.828175	-98.5795	US	20250613230000	https://www.deccanchronicle.com/nation/india-abstains-from-un-vote-on-gaza-peace-1885049
1249588821	20250613	202506	2025	2025.4466	IND	GWALIOR	IND								COP	POLICE						COP			0	010	010	01	1	0.0	4	1	4	-4.05759162303665	5	Madhya Pradesh, Madhya Pradesh, India	IN	IN35	17744	23.5	78.5	-2103026	4	Ahmedabad, Gujarat, India	IN	IN09	17644	23.0333	72.6167	-2088270	4	Ahmedabad, Gujarat, India	IN	IN09	17644	23.0333	72.6167	-2088270	20250613230000	https://www.deccanchronicle.com/nation/airplane-fire-engulfed-many-on-ground-1885100
1249588822	20250613	202506	2025	2025.4466	IND	VIJAYAWADA	IND								EDU	STUDENT						EDU			1	0331	033	03	1	5.2	10	1	10	-1.74216027874565	0								0								0								20250613230000	https://www.deccanchronicle.com/southern-states/andhra-pradesh/lokesh-says-ap-to-provide-thalliki-vandanam-benefit-to-all-eligible-students-1885071
1249588823	20250613	202506	2025	2025.4466	IND	VIJAYAWADA	IND								EDU	STUDENT						EDU			1	071	071	07	2	7.4	10	1	10	-1.74216027874565	0								0								0								20250613230000	https://www.deccanchronicle.com/southern-states/andhra-pradesh/lokesh-says-ap-to-provide-thalliki-vandanam-benefit-to-all-eligible-students-1885071
1249588824	20250613	202506	2025	2025.4466	IND	AHMEDABAD	IND								GBR	UNITED KINGDOM	GBR								1	043	043	04	1	2.8	4	1	4	-2.89156626506024	4	Ahmedabad, Gujarat, India	IN	IN09	17644	23.0333	72.6167	-2088270	4	London, London, City of, United Kingdom	UK	UKH9	40110	51.5	-0.116667	-2601889	1	United States	US	US		39.828175	-98.5795	US	20250613230000	https://www.deccanchronicle.com/nation/current-affairs/dvr-black-box-recovered-dgca-orders-enhanced-inspection-of-air-india-boeings-1885072
1249588825	20250613	202506	2025	2025.4466	IND	AHMEDABAD	IND								GBR	UNITED KINGDOM	GBR								1	043	043	04	1	2.8	2	1	2	-2.89156626506024	1	United States	US	US		39.828175	-98.5795	US	4	London, London, City of, United Kingdom	UK	UKH9	40110	51.5	-0.116667	-2601889	4	London, London, City of, United Kingdom	UK	UKH9	40110	51.5	-0.116667	-2601889	20250613230000	https://www.deccanchronicle.com/nation/current-affairs/dvr-black-box-recovered-dgca-orders-enhanced-inspection-of-air-india-boeings-1885072
1249588826	20250613	202506	2025	2025.4466	IND	VIJAYAWADA	IND								GOV	GOVERNMENT						GOV			1	033	033	03	1	5.2	10	1	10	-1.74216027874565	0								0								0								20250613230000	https://www.deccanchronicle.com/southern-states/andhra-pradesh/lokesh-says-ap-to-provide-thalliki-vandanam-benefit-to-all-eligible-students-1885071
1249588827	20250613	202506	2025	2025.4466	IND	NEW DELHI	IND								IGOUNOLEG	THE UN		UNO				IGO	LEG		1	020	020	02	1	3.0	4	1	4	-5.96491228070176	4	New Delhi, Delhi, India	IN	IN07	17911	28.6	77.2	-2106102	4	New Delhi, Delhi, India	IN	IN07	17911	28.6	77.2	-2106102	4	Gaza, Israel (general), Israel	IS	IS00	18315	31.4167	34.3333	-797156	20250613230000	https://www.deccanchronicle.com/nation/india-abstains-from-un-vote-on-gaza-peace-1885049
1249588828	20250613	202506	2025	2025.4466	IND	NEW DELHI	IND								IGOUNOLEG	THE UN		UNO				IGO	LEG		1	057	057	05	1	8.0	1	1	1	-5.96491228070176	4	Gaza, Israel (general), Israel	IS	IS00	18315	31.4167	34.3333	-797156	1	United States	US	US		39.828175	-98.5795	US	1	United States	US	US		39.828175	-98.5795	US	20250613230000	https://www.deccanchronicle.com/nation/india-abstains-from-un-vote-on-gaza-peace-1885049
1249588829	20250613	202506	2025	2025.4466	IND	NEW DELHI	IND								IGOUNOLEG	THE UN		UNO				IGO	LEG		1	057	057	05	1	8.0	3	1	3	-5.96491228070176	1	United States	US	US		39.828175	-98.5795	US	1	United States	US	US		39.828175	-98.5795	US	1	United States	US	US		39.828175	-98.5795	US	20250613230000	https://www.deccanchronicle.com/nation/india-abstains-from-un-vote-on-gaza-peace-1885049
1249588830	20250613	202506	2025	2025.4466	IND	AHMEDABAD	IND								INDCOP	AHMEDABAD	IND					COP			0	0841	084	08	2	7.0	2	1	2	-2.89156626506024	4	Ahmedabad, Gujarat, India	IN	IN09	17644	23.0333	72.6167	-2088270	4	Ahmedabad, Gujarat, India	IN	IN09	17644	23.0333	72.6167	-2088270	4	Ahmedabad, Gujarat, India	IN	IN09	17644	23.0333	72.6167	-2088270	20250613230000	https://www.deccanchronicle.com/nation/current-affairs/dvr-black-box-recovered-dgca-orders-enhanced-inspection-of-air-india-boeings-1885072
1249588831	20250613	202506	2025	2025.4466	IND	NEW DELHI	IND								ISR	ISRAEL	ISR								1	0256	025	02	1	-0.3	2	1	2	-5.96491228070176	4	New Delhi, Delhi, India	IN	IN07	17911	28.6	77.2	-2106102	4	Gaza, Israel (general), Israel	IS	IS00	18315	31.4167	34.3333	-797156	4	Gaza, Israel (general), Israel	IS	IS00	18315	31.4167	34.3333	-797156	20250613230000	https://www.deccanchronicle.com/nation/india-abstains-from-un-vote-on-gaza-peace-1885049
1249588832	20250613	202506	2025	2025.4466	IND	NEW DELHI	IND								ISR	ISRAEL	ISR								1	057	057	05	1	8.0	1	1	1	-5.96491228070176	4	Gaza, Israel (general), Israel	IS	IS00	18315	31.4167	34.3333	-797156	1	United States	US	US		39.828175	-98.5795	US	1	United States	US	US		39.828175	-98.5795	US	20250613230000	https://www.deccanchronicle.com/nation/india-abstains-from-un-vote-on-gaza-peace-1885049
1249588833	20250613	202506	2025	2025.4466	IND	NEW DELHI	IND								ISR	ISRAEL	ISR								1	057	057	05	1	8.0	1	1	1	-5.96491228070176	1	United States	US	US		39.828175	-98.5795	US	1	United States	US	US		39.828175	-98.5795	US	1	United States	US	US		39.828175	-98.5795	US	20250613230000	https://www.deccanchronicle.com/nation/india-abstains-from-un-vote-on-gaza-peace-1885049
1249588834	20250613	202506	2025	2025.4466	IND	AHMEDABAD	IND								USA	UNITED STATES	USA								1	043	043	04	1	2.8	2	1	2	-2.89156626506024	1	United States	US	US		39.828175	-98.5795	US	4	London, London, City of, United Kingdom	UK	UKH9	40110	51.5	-0.116667	-2601889	4	London, London, City of, United Kingdom	UK	UKH9	40110	51.5	-0.116667	-2601889	20250613230000	https://www.deccanchronicle.com/nation/current-affairs/dvr-black-box-recovered-dgca-orders-enhanced-inspection-of-air-india-boeings-1885072
1249588835	20250613	202506	2025	2025.4466	IRN	IRAN	IRN																		0	020	020	02	1	3.0	1	1	1	-4.17124039517014	4	Tehran, Tehran, Iran	IR	IR26	41130	35.75	51.5148	10074674	0								1	Syria	SY	SY		35	38	SY	20250613230000	https://www.yahoo.com/news/israel-strikes-may-iran-more-212141210.html
1249588836	20250613	202506	2025	2025.4466	IRN	IRAN	IRN																		1	025	025	02	1	-0.3	4	1	4	-2.79720279720279	4	Natanz, Esfahan, Iran	IR	IR28	41048	33.4964	51.9266	10811460	0								4	Natanz, Esfahan, Iran	IR	IR28	41048	33.4964	51.9266	10811460	20250613230000	https://www.kuna.net.kw/ArticleDetails.aspx?id=3235954&language=en
1249588837	20250613	202506	2025	2025.4466	IRN	IRAN	IRN																		0	051	051	05	1	3.4	2	1	2	-5.7542768273717	1	Israel	IS	IS		31.5	34.75	IS	0								4	Natanz, Esfahan, Iran	IR	IR28	41048	33.4964	51.9266	10811460	20250613230000	https://www.yahoo.com/news/un-officials-urge-israel-iran-221329690.html
1249588838	20250613	202506	2025	2025.4466	IRN	IRAN	IRN																		0	080	080	08	2	5.0	1	1	1	-4.17124039517014	4	Tehran, Tehran, Iran	IR	IR26	41130	35.75	51.5148	10074674	0								1	Syria	SY	SY		35	38	SY	20250613230000	https://www.yahoo.com/news/israel-strikes-may-iran-more-212141210.html
1249588839	20250613	202506	2025	2025.4466	IRN	IRAN	IRN																		1	190	190	19	4	-10.0	10	1	10	-1.37931034482758	4	Anadolu, Turkey (general), Turkey	TU	TU00	28356	39	35	-735281	0								4	Anadolu, Turkey (general), Turkey	TU	TU00	28356	39	35	-735281	20250613230000	https://www.aa.com.tr/en/economy/gold-continues-to-soar-amid-israeli-iranian-military-strikes/3597679
1249588840	20250613	202506	2025	2025.4466	IRN	IRAN	IRN								CVL	SCIENTIST						CVL			0	186	186	18	4	-10.0	10	1	10	-2.80373831775701	4	Tehran, Tehran, Iran	IR	IR26	41130	35.75	51.5148	10074674	4	Jerusalem, Israel (general), Israel	IS	IS00	18315	31.7667	35.2333	-797092	4	Jerusalem, Israel (general), Israel	IS	IS00	18315	31.7667	35.2333	-797092	20250613230000	https://www.yahoo.com/news/israel-unprecedented-attack-shows-iran-213713554.html
1249588841	20250613	202506	2025	2025.4466	IRN	IRAN	IRN								EUR	EUROPE	EUR								0	012	012	01	1	-0.4	10	1	10	-3.28185328185328	4	Anadolu, Turkey (general), Turkey	TU	TU00	28356	39	35	-735281	4	Anadolu, Turkey (general), Turkey	TU	TU00	28356	39	35	-735281	4	Anadolu, Turkey (general), Turkey	TU	TU00	28356	39	35	-735281	20250613230000	https://www.aa.com.tr/en/europe/france-to-defend-israel-if-attacked-by-iran-president-macron/3597636
1249588842	20250613	202506	2025	2025.4466	IRN	IRAN	IRN								GOV	ADMINISTRATION						GOV			1	100	100	10	3	-5.0	6	1	6	-4.17789757412399	1	Afghanistan	AF	AF		33	66	AF	1	Afghanistan	AF	AF		33	66	AF	1	Afghanistan	AF	AF		33	66	AF	20250613230000	https://www.yahoo.com/news/trump-embraces-israeli-strike-arguing-221122726.html
1249588843	20250613	202506	2025	2025.4466	IRN	IRAN	IRN								GOV	ADMINISTRATION						GOV			1	100	100	10	3	-5.0	2	1	2	-4.17789757412399	1	Israel	IS	IS		31.5	34.75	IS	1	Afghanistan	AF	AF		33	66	AF	1	Israel	IS	IS		31.5	34.75	IS	20250613230000	https://www.yahoo.com/news/trump-embraces-israeli-strike-arguing-221122726.html
1249588844	20250613	202506	2025	2025.4466	IRN	IRAN	IRN								GOV	ADMINISTRATION						GOV			1	100	100	10	3	-5.0	2	1	2	-4.17789757412399	1	Iraq	IZ	IZ		33	44	IZ	1	Israel	IS	IS		31.5	34.75	IS	1	Iraq	IZ	IZ		33	44	IZ	20250613230000	https://www.yahoo.com/news/trump-embraces-israeli-strike-arguing-221122726.html
1249588845	20250613	202506	2025	2025.4466	IRN	IRAN	IRN								GOV	PRESIDENT						GOV			1	100	100	10	3	-5.0	1	1	1	-8.59375	1	Russia	RS	RS		60	100	RS	1	Russia	RS	RS		60	100	RS	1	Russia	RS	RS		60	100	RS	20250613230000	https://dunyanews.tv/en/World/889242-iranian-president-vows-zionist-regimes-aggression-will-be-met-with-
1249588846	20250613	202506	2025	2025.4466	IRN	IRANIAN	IRN								IRNGOV	IRAN	IRN					GOV			0	190	190	19	4	-10.0	1	1	1	-4.14110429447853	1	Iran	IR	IR		32	53	IR	1	Iran	IR	IR		32	53	IR	3	Washington, District of Columbia, United States	US	USDC	DC001	38.8951	-77.0364	531871	20250613230000	https://dunyanews.tv/en/World/889239-middle-east-crisis-opens-major-schism-in-trump-coalition
1249588847	20250613	202506	2025	2025.4466	IRN	IRAN	IRN								ISR	ISRAEL	ISR								0	010	010	01	1	0.0	2	1	2	-5.15463917525773	4	Tel Aviv, Tel Aviv, Israel	IS	IS05	18316	32.0667	34.7667	-781545	4	Tel Aviv, Tel Aviv, Israel	IS	IS05	18316	32.0667	34.7667	-781545	4	Tehran, Tehran, Iran	IR	IR26	41130	35.75	51.5148	10074674	20250613230000	https://www.messenger-inquirer.com/news/national/iran-fires-back-at-israel-after-onslaught-targets-nuclear-facilities/article_894849f8-33eb-5e79-9daf-f6997d6b10d6.html
1249588848	20250613	202506	2025	2025.4466	IRN	IRAN	IRN								ISR	ISRAEL	ISR								1	010	010	01	1	0.0	1	1	1	-5.22875816993464	4	Isfahan, Esfahan, Iran	IR	IR28	40941	32.6597	51.6714	6013426	4	Natanz, Esfahan, Iran	IR	IR28	41048	33.4964	51.9266	10811460	1	Israel	IS	IS		31.5	34.75	IS	20250613230000	https://www.aa.com.tr/en/middle-east/iran-says-nuclear-contamination-detected-at-natanz-site-after-israeli-strike/3597194
1249588849	20250613	202506	2025	2025.4466	IRN	IRAN	IRN								ISR	ISRAEL	ISR								1	010	010	01	1	0.0	2	1	2	-4.34782608695652	1	Israel	IS	IS		31.5	34.75	IS	1	Israel	IS	IS		31.5	34.75	IS	1	Iran	IR	IR		32	53	IR	20250613230000	https://www.deccanchronicle.com/nation/israel-fm-calls-eam-jaishankar-speaks-with-iranian-counterpart-on-latest-situation-1885104
1249588850	20250613	202506	2025	2025.4466	IRN	IRAN	IRN								ISR	ISRAELI	ISR								0	012	012	01	1	-0.4	2	1	2	-7.86516853932584	4	Ministry Of Foreign Affairs, Masqat, Oman	MU	MU06	23611	23.6165	58.4691	11318952	1	Indonesia	ID	ID		-5	120	ID	1	Israel	IS	IS		31.5	34.75	IS	20250613230000	https://dunyanews.tv/en/World/889241-how-the-world-is-reacting-to-israel-attacks-on-iran-nuclear-military-
1249588851	20250613	202506	2025	2025.4466	IRN	IRAN	IRN								ISR	ISRAEL	ISR								1	042	042	04	1	1.9	2	1	2	-1.55844155844155	3	Brevard County, Florida, United States	US	USFL	FL009	28.292	-80.7492	295749	3	Brevard County, Florida, United States	US	USFL		28.292	-80.7492	295749	3	Brevard County, Florida, United States	US	USFL		28.292	-80.7492	295749	20250613230000	https://960weli.iheart.com/featured/the-clay-travis-and-buck-sexton-show/content/2025-06-13-1119-the-clay-travis-and-buck-hour-1-israel-strikes-iran/
1249588852	20250613	202506	2025	2025.4466	IRN	IRAN	IRN								ISR	ISRAEL	ISR								0	043	043	04	1	2.8	2	1	2	-7.86516853932584	4	Ministry Of Foreign Affairs, Masqat, Oman	MU	MU06	23611	23.6165	58.4691	11318952	1	Israel	IS	IS		31.5	34.75	IS	4	Ministry Of Foreign Affairs, Masqat, Oman	MU	MU06	23611	23.6165	58.4691	11318952	20250613230000	https://dunyanews.tv/en/World/889241-how-the-world-is-reacting-to-israel-attacks-on-iran-nuclear-military-
1249588853	20250613	202506	2025	2025.4466	IRN	IRAN	IRN								ISR	ISRAEL	ISR								0	043	043	04	1	2.8	1	1	1	-1.51898734177215	1	Israel	IS	IS		31.5	34.75	IS	4	Tehran, Tehran, Iran	IR	IR26	41130	35.75	51.5148	10074674	4	Tehran, Tehran, Iran	IR	IR26	41130	35.75	51.5148	10074674	20250613230000	https://news.az/news/irgc-launches-true-promise-3-operation-against-israel
1249588854	20250613	202506	2025	2025.4466	IRN	IRANIAN	IRN								ISR	ISRAEL	ISR								0	051	051	05	1	3.4	2	1	2	-3.47368421052632	4	Jerusalem, Israel (general), Israel	IS	IS00	18315	31.7667	35.2333	-797092	4	Jerusalem, Israel (general), Israel	IS	IS00	18315	31.7667	35.2333	-797092	4	Tehran, Tehran, Iran	IR	IR26	41130	35.75	51.5148	10074674	20250613230000	https://www.algemeiner.com/2025/06/13/us-lawmakers-offer-mixed-reactions-israeli-strikes-iranian-nuclear-sites/
1249588855	20250613	202506	2025	2025.4466	IRN	IRAN	IRN								ISR	ISRAEL	ISR								0	060	060	06	2	6.0	2	1	2	-5.81395348837209	4	Tehran, Tehran, Iran	IR	IR26	41130	35.75	51.5148	10074674	1	Israel	IS	IS		31.5	34.75	IS	4	Tehran, Tehran, Iran	IR	IR26	41130	35.75	51.5148	10074674	20250613230000	https://www.nationalaccordnewspaper.com/israeli-strikes-claim-78-lives-in-tehran-as-iran-appoints-new-military-chiefs/
1249588856	20250613	202506	2025	2025.4466	IRN	IRANIAN	IRN								ISR	ISRAELI	ISR								1	182	182	18	4	-9.5	3	1	3	-6.9204152249135	4	Tel Aviv, Tel Aviv, Israel	IS	IS05	18316	32.0667	34.7667	-781545	4	Tel Aviv, Tel Aviv, Israel	IS	IS05	18316	32.0667	34.7667	-781545	4	Tel Aviv, Tel Aviv, Israel	IS	IS05	18316	32.0667	34.7667	-781545	20250613230000	https://www.aa.com.tr/en/middle-east/at-least-35-injured-as-iranian-missiles-hit-israel-media/3597600
1249588857	20250613	202506	2025	2025.4466	IRN	TEHRAN	IRN								ISR	ISRAEL	ISR								0	186	186	18	4	-10.0	2	1	2	-2.80373831775701	4	Gaza, Israel (general), Israel	IS	IS00	18315	31.4167	34.3333	-797156	4	Tehran, Tehran, Iran	IR	IR26	41130	35.75	51.5148	10074674	4	Tehran, Tehran, Iran	IR	IR26	41130	35.75	51.5148	10074674	20250613230000	https://www.yahoo.com/news/israel-unprecedented-attack-shows-iran-213713554.html
1249588858	20250613	202506	2025	2025.4466	IRN	IRAN	IRN								ISR	ISRAEL	ISR								1	190	190	19	4	-10.0	2	1	2	-5.15463917525773	4	Isfahan, Esfahan, Iran	IR	IR28	40941	32.6597	51.6714	6013426	3	Washington, District of Columbia, United States	US	USDC	DC001	38.8951	-77.0364	531871	4	Isfahan, Esfahan, Iran	IR	IR28	40941	32.6597	51.6714	6013426	20250613230000	https://www.messenger-inquirer.com/news/national/iran-fires-back-at-israel-after-onslaught-targets-nuclear-facilities/article_894849f8-33eb-5e79-9daf-f6997d6b10d6.html
1249588859	20250613	202506	2025	2025.4466	IRN	IRAN	IRN								ISR	ISRAEL	ISR								1	190	190	19	4	-10.0	1	1	1	0	2	California, United States	US	USCA		36.17	-119.746	CA	1	Iran	IR	IR		32	53	IR	2	California, United States	US	USCA		36.17	-119.746	CA	20250613230000	https://960weli.iheart.com/featured/the-clay-travis-and-buck-sexton-show/content/2025-06-13-1119-the-clay-travis-and-buck-hour-3-an-israeli-pov/
1249588860	20250613	202506	2025	2025.4466	IRN	IRAN	IRN								ISR	ISRAELI	ISR								1	194	194	19	4	-10.0	2	1	2	-6	4	Anadolu, Turkey (general), Turkey	TU	TU00	28356	39	35	-735281	4	Anadolu, Turkey (general), Turkey	TU	TU00	28356	39	35	-735281	4	Anadolu, Turkey (general), Turkey	TU	TU00	28356	39	35	-735281	20250613230000	https://www.aa.com.tr/en/middle-east/iran-fired-fewer-than-100-missiles-most-of-which-intercepted-claims-israeli-army/3597696
1249588861	20250613	202506	2025	2025.4466	IRN	IRAN	IRN								ISR	ISRAELI	ISR								1	194	194	19	4	-10.0	2	1	2	-6	4	Tel Aviv, Tel Aviv, Israel	IS	IS05	18316	32.0667	34.7667	-781545	4	Anadolu, Turkey (general), Turkey	TU	TU00	28356	39	35	-735281	4	Tel Aviv, Tel Aviv, Israel	IS	IS05	18316	32.0667	34.7667	-781545	20250613230000	https://www.aa.com.tr/en/middle-east/iran-fired-fewer-than-100-missiles-most-of-which-intercepted-claims-israeli-army/3597696
1249588862	20250613	202506	2025	2025.4466	IRN	IRAN	IRN								ISR	ISRAEL	ISR								1	194	194	19	4	-10.0	5	1	5	-5.45454545454545	4	Tel Aviv, Tel Aviv, Israel	IS	IS05	18316	32.0667	34.7667	-781545	4	Jerusalem, Israel (general), Israel	IS	IS00	18315	31.7667	35.2333	-797092	4	Tel Aviv, Tel Aviv, Israel	IS	IS05	18316	32.0667	34.7667	-781545	20250613230000	https://www.theglobeandmail.com/world/gallery-in-photos-iran-fires-missiles-at-israel-in-response-to-attacks/
1249588863	20250613	202506	2025	2025.4466	IRN	IRAN	IRN								ISRMIL	ISRAELI	ISR					MIL			1	194	194	19	4	-10.0	6	1	6	-6	4	Anadolu, Turkey (general), Turkey	TU	TU00	28356	39	35	-735281	4	Anadolu, Turkey (general), Turkey	TU	TU00	28356	39	35	-735281	4	Anadolu, Turkey (general), Turkey	TU	TU00	28356	39	35	-735281	20250613230000	https://www.aa.com.tr/en/middle-east/iran-fired-fewer-than-100-missiles-most-of-which-intercepted-claims-israeli-army/3597696
1249588864	20250613	202506	2025	2025.4466	IRN	IRAN	IRN								MIL	COMMANDER						MIL			0	060	060	06	2	6.0	1	1	1	-5.81395348837209	4	Tehran, Tehran, Iran	IR	IR26	41130	35.75	51.5148	10074674	1	Israel	IS	IS		31.5	34.75	IS	4	Tehran, Tehran, Iran	IR	IR26	41130	35.75	51.5148	10074674	20250613230000	https://www.nationalaccordnewspaper.com/israeli-strikes-claim-78-lives-in-tehran-as-iran-appoints-new-military-chiefs/
1249588865	20250613	202506	2025	2025.4466	IRN	IRAN	IRN								MIL	COMMANDER						MIL			0	060	060	06	2	6.0	1	1	1	-5.81395348837209	1	Israel	IS	IS		31.5	34.75	IS	4	Tehran, Tehran, Iran	IR	IR26	41130	35.75	51.5148	10074674	4	Tehran, Tehran, Iran	IR	IR26	41130	35.75	51.5148	10074674	20250613230000	https://www.nationalaccordnewspaper.com/israeli-strikes-claim-78-lives-in-tehran-as-iran-appoints-new-military-chiefs/
1249588866	20250613	202506	2025	2025.4466	IRN	IRAN	IRN								OPP	REFORMER						OPP			1	040	040	04	1	1.0	2	1	2	-4.17124039517014	4	Tehran, Tehran, Iran	IR	IR26	41130	35.75	51.5148	10074674	4	Tehran, Tehran, Iran	IR	IR26	41130	35.75	51.5148	10074674	4	Tehran, Tehran, Iran	IR	IR26	41130	35.75	51.5148	10074674	20250613230000	https://www.yahoo.com/news/israel-strikes-may-iran-more-212141210.html
1249588867	20250613	202506	2025	2025.4466	IRN	IRAN	IRN								QATMED	AL JAZEERA	QAT					MED			0	013	013	01	1	0.4	4	1	4	-4.17124039517014	4	Tehran, Tehran, Iran	IR	IR26	41130	35.75	51.5148	10074674	1	Israel	IS	IS		31.5	34.75	IS	1	Israel	IS	IS		31.5	34.75	IS	20250613230000	https://www.yahoo.com/news/israel-strikes-may-iran-more-212141210.html
1249588868	20250613	202506	2025	2025.4466	IRN	IRAN	IRN								USA	NEW YORK	USA								1	040	040	04	1	1.0	10	1	10	-6.12244897959184	1	Iran	IR	IR		32	53	IR	1	Iran	IR	IR		32	53	IR	1	Iran	IR	IR		32	53	IR	20250613230000	https://www.kuna.net.kw/ArticleDetails.aspx?id=3235934&language=en
1249588869	20250613	202506	2025	2025.4466	IRN	IRAN	IRN								USA	THE US	USA								1	046	046	04	1	7.0	2	1	2	-1.81818181818182	1	Iran	IR	IR		32	53	IR	4	Gaza, Israel (general), Israel	IS	IS00	18315	31.4167	34.3333	-797156	4	Gaza, Israel (general), Israel	IS	IS00	18315	31.4167	34.3333	-797156	20250613230000	https://www.aa.com.tr/en/americas/turkish-fm-says-advancing-iran-nuclear-talks-initiated-by-trump-only-way-to-resolve-conflict/3597351
1249588870	20250613	202506	2025	2025.4466	IRN	IRAN	IRN								USA	WASHINGTON	USA								1	060	060	06	2	6.0	10	1	10	-4.67289719626168	1	Iran	IR	IR		32	53	IR	3	Washington, District of Columbia, United States	US	USDC	DC001	38.8951	-77.0364	531871	3	Washington, District of Columbia, United States	US	USDC	DC001	38.8951	-77.0364	531871	20250613230000	https://www.afr.com/world/middle-east/how-mossad-plotted-israel-s-attack-from-deep-inside-iran-20250614-p5m7ds
1249588871	20250613	202506	2025	2025.4466	IRN	IRAN	IRN								USA	AMERICAN	USA								1	190	190	19	4	-10.0	3	1	3	-3.44827586206896	1	Iran	IR	IR		32	53	IR	2	New Hampshire, United States	US	USNH		43.4108	-71.5653	NH	1	Israel	IS	IS		31.5	34.75	IS	20250613230000	https://www.foxnews.com/politics/nearly-half-americans-back-israeli-airstrikes-iran-poll-shows
1249588872	20250613	202506	2025	2025.4466	IRN	IRAN	IRN								USAGOVGOVMIL	THE WHITE HOUSE	USA					GOV	GOV	MIL	0	046	046	04	1	7.0	2	1	2	-1.5625	4	Tehran, Tehran, Iran	IR	IR26	41130	35.75	51.5148	10074674	4	Tehran, Tehran, Iran	IR	IR26	41130	35.75	51.5148	10074674	4	Tehran, Tehran, Iran	IR	IR26	41130	35.75	51.5148	10074674	20250613230000	https://www.rnz.co.nz/news/world/564120/we-knew-everything-trump-says-about-israel-s-strikes-on-iran
1249588873	20250613	202506	2025	2025.4466	IRN	IRAN	IRN								USAGOVGOVMIL	THE WHITE HOUSE	USA					GOV	GOV	MIL	0	046	046	04	1	7.0	2	1	2	-1.5625	4	Tehran, Tehran, Iran	IR	IR26	41130	35.75	51.5148	10074674	3	White House, District of Columbia, United States	US	USDC		38.8951	-77.0364	531871	4	Tehran, Tehran, Iran	IR	IR26	41130	35.75	51.5148	10074674	20250613230000	https://www.rnz.co.nz/news/world/564120/we-knew-everything-trump-says-about-israel-s-strikes-on-iran
1249588874	20250613	202506	2025	2025.4466	IRNGOV	IRAN	IRN					GOV			IGOUNO	THE SECURITY COUNCIL		UNO				IGO			0	026	026	02	1	4.0	5	1	5	-2.56410256410256	1	Iran	IR	IR		32	53	IR	1	Iran	IR	IR		32	53	IR	1	Iran	IR	IR		32	53	IR	20250613230000	https://dunyanews.tv/en/Pakistan/889247-pakistan-warns-unsc-of-grave-threat-to-world-peace-posed-by-israeli-at
1249588875	20250613	202506	2025	2025.4466	IRNGOVMED	IRANIAN	IRN					GOV	MED		CVL	SCIENTIST						CVL			0	193	193	19	4	-10.0	3	1	3	-2.80373831775701	4	Tehran, Tehran, Iran	IR	IR26	41130	35.75	51.5148	10074674	4	Gaza, Israel (general), Israel	IS	IS00	18315	31.4167	34.3333	-797156	4	Tehran, Tehran, Iran	IR	IR26	41130	35.75	51.5148	10074674	20250613230000	https://www.yahoo.com/news/israel-unprecedented-attack-shows-iran-213713554.html
1249588876	20250613	202506	2025	2025.4466	IRNGOVMED	IRAN	IRN					GOV	MED		ISR	ISRAEL	ISR								1	194	194	19	4	-10.0	10	1	10	-5.13245033112583	1	Israel	IS	IS		31.5	34.75	IS	1	Israel	IS	IS		31.5	34.75	IS	1	Israel	IS	IS		31.5	34.75	IS	20250613230000	https://www.cbc.ca/news/canada/newfoundland-labrador/iran-israel-attacks-nl-reaction-1.7560937
1249588877	20250613	202506	2025	2025.4466	IRQ	IRAQ	IRQ								IGOUNOGOV	THE UN		UNO				IGO	GOV		0	114	114	11	3	-2.0	2	1	2	-7.86516853932584	1	Israel	IS	IS		31.5	34.75	IS	1	Israel	IS	IS		31.5	34.75	IS	1	Israel	IS	IS		31.5	34.75	IS	20250613230000	https://dunyanews.tv/en/World/889241-how-the-world-is-reacting-to-israel-attacks-on-iran-nuclear-military-
1249588878	20250613	202506	2025	2025.4466	IRQ	IRAQ	IRQ								IGOUNOGOV	THE UN		UNO				IGO	GOV		0	114	114	11	3	-2.0	6	1	6	-7.86516853932584	1	Iraq	IZ	IZ		33	44	IZ	1	Israel	IS	IS		31.5	34.75	IS	1	Iraq	IZ	IZ		33	44	IZ	20250613230000	https://dunyanews.tv/en/World/889241-how-the-world-is-reacting-to-israel-attacks-on-iran-nuclear-military-
1249588879	20250613	202506	2025	2025.4466	IRQ	IRAQ	IRQ								IGOUNOGOV	THE UN		UNO				IGO	GOV		0	114	114	11	3	-2.0	2	1	2	-7.86516853932584	1	Iraq	IZ	IZ		33	44	IZ	1	Iraq	IZ	IZ		33	44	IZ	1	Iraq	IZ	IZ		33	44	IZ	20250613230000	https://dunyanews.tv/en/World/889241-how-the-world-is-reacting-to-israel-attacks-on-iran-nuclear-military-
1249588880	20250613	202506	2025	2025.4466	IRQ	IRAQ	IRQ								IRN	IRAN	IRN								0	195	195	19	4	-10.0	1	1	1	-7.86516853932584	1	Israel	IS	IS		31.5	34.75	IS	1	Iraq	IZ	IZ		33	44	IZ	1	Iraq	IZ	IZ		33	44	IZ	20250613230000	https://dunyanews.tv/en/World/889241-how-the-world-is-reacting-to-israel-attacks-on-iran-nuclear-military-
1249588881	20250613	202506	2025	2025.4466	IRQ	IRAQ	IRQ								ISR	ISRAEL	ISR								0	111	111	11	3	-2.0	1	1	1	-7.86516853932584	4	Tehran, Tehran, Iran	IR	IR26	41130	35.75	51.5148	10074674	1	Iraq	IZ	IZ		33	44	IZ	4	Tehran, Tehran, Iran	IR	IR26	41130	35.75	51.5148	10074674	20250613230000	https://dunyanews.tv/en/World/889241-how-the-world-is-reacting-to-israel-attacks-on-iran-nuclear-military-
1249588882	20250613	202506	2025	2025.4466	ISR	ISRAEL	ISR																		1	010	010	01	1	0.0	2	1	2	-3.40909090909091	1	Iran	IR	IR		32	53	IR	0								4	Tel Aviv, Tel Aviv, Israel	IS	IS05	18316	32.0667	34.7667	-781545	20250613230000	https://www.hollywoodreporter.com/tv/tv-news/fox-news-trey-yingst-flees-missile-barrage-tel-aviv-1236290724/
1249588883	20250613	202506	2025	2025.4466	ISR	MOUNT CARMEL	ISR																		1	016	016	01	1	-2.0	10	1	10	-2.96735905044511	0								0								0								20250613230000	https://www.wosu.org/news/2025-06-13/trial-involving-william-husels-defamation-case-against-mount-carmel-to-continue-next-week
1249588884	20250613	202506	2025	2025.4466	ISR	MOUNT CARMEL	ISR																		1	120	120	12	3	-4.0	10	1	10	-2.96735905044511	0								0								0								20250613230000	https://www.wosu.org/news/2025-06-13/trial-involving-william-husels-defamation-case-against-mount-carmel-to-continue-next-week
1249588885	20250613	202506	2025	2025.4466	ISR	ISRAEL	ISR																		0	163	163	16	4	-8.0	2	1	2	-4.04624277456648	1	United Kingdom	UK	UK		54	-4	UK	0								1	United Kingdom	UK	UK		54	-4	UK	20250613230000	https://www.algemeiner.com/2025/06/13/pro-hamas-campus-groups-condemn-israeli-strikes-iran/
1249588886	20250613	202506	2025	2025.4466	ISR	ISRAELI	ISR																		1	190	190	19	4	-10.0	3	1	3	-4.49438202247191	4	Anadolu, Turkey (general), Turkey	TU	TU00	28356	39	35	-735281	0								4	Anadolu, Turkey (general), Turkey	TU	TU00	28356	39	35	-735281	20250613230000	https://www.aa.com.tr/en/middle-east/israeli-forces-attack-fordo-nuclear-facility-iranian-media/3597347
1249588887	20250613	202506	2025	2025.4466	ISR	TEL AVIV	ISR																		1	194	194	19	4	-10.0	2	1	2	-6.63507109004739	4	Natanz, Esfahan, Iran	IR	IR28	41048	33.4964	51.9266	10811460	0								4	Gaza, Israel (general), Israel	IS	IS00	18315	31.4167	34.3333	-797156	20250613230000	https://www.boston.com/news/world-news/2025/06/13/iran-unleashes-scores-of-ballistic-missiles-on-israel/
1249588888	20250613	202506	2025	2025.4466	ISR	ISRAEL	ISR								CRM	CALL GIRL						CRM			1	010	010	01	1	0.0	1	1	1	0	4	El Prado, Nuevo LeóX, Mexico	MX	MX19	20887	25.1333	-100.717	-1665762	4	El Prado, Nuevo LeóX, Mexico	MX	MX19	20887	25.1333	-100.717	-1665762	4	El Prado, Nuevo LeóX, Mexico	MX	MX19	20887	25.1333	-100.717	-1665762	20250613230000	https://www.hollywoodreporter.com/lifestyle/arts/la-literati-toast-on-the-rag-1236264124/
1249588889	20250613	202506	2025	2025.4466	ISR	ISRAEL	ISR								CRM	CALL GIRL						CRM			1	010	010	01	1	0.0	1	1	1	0	3	Echo Park, California, United States	US	USCA	CA037	34.09	-118.259	2453030	4	El Prado, Nuevo LeóX, Mexico	MX	MX19	20887	25.1333	-100.717	-1665762	4	El Prado, Nuevo LeóX, Mexico	MX	MX19	20887	25.1333	-100.717	-1665762	20250613230000	https://www.hollywoodreporter.com/lifestyle/arts/la-literati-toast-on-the-rag-1236264124/
1249588890	20250613	202506	2025	2025.4466	ISR	ISRAELI	ISR								CVL	CIVILIAN						CVL			1	020	020	02	1	3.0	3	3	3	-6.66666666666666	4	Jerusalem, Israel (general), Israel	IS	IS00	18315	31.7667	35.2333	-797092	4	Tehran, Tehran, Iran	IR	IR26	41130	35.75	51.5148	10074674	4	Jerusalem, Israel (general), Israel	IS	IS00	18315	31.7667	35.2333	-797092	20250613230000	https://www.wctv.tv/2025/06/13/israel-hit-by-missiles-iran-retaliates-strikes-nuclear-sites/
1249588891	20250613	202506	2025	2025.4466	ISR	ISRAELI	ISR								CVL	CIVILIAN						CVL			1	020	020	02	1	3.0	3	3	3	-6.66666666666666	4	Jerusalem, Israel (general), Israel	IS	IS00	18315	31.7667	35.2333	-797092	4	Tehran, Tehran, Iran	IR	IR26	41130	35.75	51.5148	10074674	4	Tehran, Tehran, Iran	IR	IR26	41130	35.75	51.5148	10074674	20250613230000	https://www.wctv.tv/2025/06/13/israel-hit-by-missiles-iran-retaliates-strikes-nuclear-sites/
1249588892	20250613	202506	2025	2025.4466	ISR	ISRAEL	ISR								GOV	PRESIDENT						GOV			0	040	040	04	1	1.0	1	1	1	-1.5625	1	Israel	IS	IS		31.5	34.75	IS	4	Tehran, Tehran, Iran	IR	IR26	41130	35.75	51.5148	10074674	1	Oman	MU	MU		21	57	MU	20250613230000	https://www.rnz.co.nz/news/world/564120/we-knew-everything-trump-says-about-israel-s-strikes-on-iran
1249588893	20250613	202506	2025	2025.4466	ISR	ISRAEL	ISR								GOV	PRESIDENT						GOV			0	051	051	05	1	3.4	2	1	2	-2.37341772151899	4	Natanz, Esfahan, Iran	IR	IR28	41048	33.4964	51.9266	10811460	4	Natanz, Esfahan, Iran	IR	IR28	41048	33.4964	51.9266	10811460	3	White House, District of Columbia, United States	US	USDC		38.8951	-77.0364	531871	20250613230000	https://www.columbian.com/news/2025/jun/13/israeli-strikes-on-iran-lead-to-new-test-of-trumps-ability-to-deliver-on-america-first-agenda/
1249588894	20250613	202506	2025	2025.4466	ISR	ISRAELI	ISR								IGOUNO	UNSC		UNO				IGO			1	138	138	13	3	-7.0	30	1	10	-2.56410256410256	1	Israel	IS	IS		31.5	34.75	IS	4	Islamabad, Islamabad, Pakistan	PK	PK08	23674	33.7	73.1667	-2762812	4	Islamabad, Islamabad, Pakistan	PK	PK08	23674	33.7	73.1667	-2762812	20250613230000	https://dunyanews.tv/en/Pakistan/889247-pakistan-warns-unsc-of-grave-threat-to-world-peace-posed-by-israeli-at
1249588895	20250613	202506	2025	2025.4466	ISR	ISRAELI	ISR								IGOUNOGOV	UNITED NATIONS		UNO				IGO	GOV		1	046	046	04	1	7.0	10	1	10	-7.36842105263155	1	Israel	IS	IS		31.5	34.75	IS	1	Israel	IS	IS		31.5	34.75	IS	1	Israel	IS	IS		31.5	34.75	IS	20250613230000	https://en.shafaqna.com/413185/iran-envoy-at-unsc-emergency-meeting/
1249588896	20250613	202506	2025	2025.4466	ISR	ISRAEL	ISR								IGOUNOIAE	IAEA		UNO				IGO			0	022	022	02	1	3.2	8	1	8	-5.15463917525773	4	Tel Aviv, Tel Aviv, Israel	IS	IS05	18316	32.0667	34.7667	-781545	4	Isfahan, Esfahan, Iran	IR	IR28	40941	32.6597	51.6714	6013426	4	Tel Aviv, Tel Aviv, Israel	IS	IS05	18316	32.0667	34.7667	-781545	20250613230000	https://www.messenger-inquirer.com/news/national/iran-fires-back-at-israel-after-onslaught-targets-nuclear-facilities/article_894849f8-33eb-5e79-9daf-f6997d6b10d6.html
1249588897	20250613	202506	2025	2025.4466	ISR	ISRAEL	ISR								IGOUNOIAE	IAEA		UNO				IGO			0	022	022	02	1	3.2	2	1	2	-5.15463917525773	4	Isfahan, Esfahan, Iran	IR	IR28	40941	32.6597	51.6714	6013426	3	Washington, District of Columbia, United States	US	USDC	DC001	38.8951	-77.0364	531871	4	Isfahan, Esfahan, Iran	IR	IR28	40941	32.6597	51.6714	6013426	20250613230000	https://www.messenger-inquirer.com/news/national/iran-fires-back-at-israel-after-onslaught-targets-nuclear-facilities/article_894849f8-33eb-5e79-9daf-f6997d6b10d6.html
1249588898	20250613	202506	2025	2025.4466	ISR	ISRAELI	ISR								IRN	IRAN	IRN								1	010	010	01	1	0.0	1	1	1	-7.75193798449612	1	Iran	IR	IR		32	53	IR	4	Tel Aviv, Tel Aviv, Israel	IS	IS05	18316	32.0667	34.7667	-781545	1	Iran	IR	IR		32	53	IR	20250613230000	https://thefrontierpost.com/at-least-35-injured-as-iranian-missiles-hit-israel-media/
1249588899	20250613	202506	2025	2025.4466	ISR	ISRAEL	ISR								IRN	IRANIAN	IRN								1	018	018	01	1	3.4	1	1	1	-2.8	4	Moscow, Moskva, Russia	RS	RS48	25106	55.7522	37.6156	-2960561	4	Tehran, Tehran, Iran	IR	IR26	41130	35.75	51.5148	10074674	4	Moscow, Moskva, Russia	RS	RS48	25106	55.7522	37.6156	-2960561	20250613230000	https://www.aa.com.tr/en/europe/putin-offers-russia-s-mediation-in-iran-israel-conflict/3597597
1249588900	20250613	202506	2025	2025.4466	ISR	ISRAEL	ISR								IRN	IRAN	IRN								0	042	042	04	1	1.9	2	1	2	-7.86516853932584	1	Israel	IS	IS		31.5	34.75	IS	4	Ministry Of Foreign Affairs, Masqat, Oman	MU	MU06	23611	23.6165	58.4691	11318952	4	Ministry Of Foreign Affairs, Masqat, Oman	MU	MU06	23611	23.6165	58.4691	11318952	20250613230000	https://dunyanews.tv/en/World/889241-how-the-world-is-reacting-to-israel-attacks-on-iran-nuclear-military-
1249588901	20250613	202506	2025	2025.4466	ISR	ISRAEL	ISR								IRN	IRAN	IRN								1	043	043	04	1	2.8	1	1	1	-1.55844155844155	1	Iran	IR	IR		32	53	IR	1	Iran	IR	IR		32	53	IR	1	Iran	IR	IR		32	53	IR	20250613230000	https://960weli.iheart.com/featured/the-clay-travis-and-buck-sexton-show/content/2025-06-13-1119-the-clay-travis-and-buck-hour-1-israel-strikes-iran/
1249588902	20250613	202506	2025	2025.4466	ISR	ISRAEL	ISR								IRN	IRAN	IRN								0	112	112	11	3	-2.0	8	1	8	-5.15463917525773	4	Tel Aviv, Tel Aviv, Israel	IS	IS05	18316	32.0667	34.7667	-781545	4	Isfahan, Esfahan, Iran	IR	IR28	40941	32.6597	51.6714	6013426	4	Isfahan, Esfahan, Iran	IR	IR28	40941	32.6597	51.6714	6013426	20250613230000	https://www.messenger-inquirer.com/news/national/iran-fires-back-at-israel-after-onslaught-targets-nuclear-facilities/article_894849f8-33eb-5e79-9daf-f6997d6b10d6.html
1249588903	20250613	202506	2025	2025.4466	ISR	ISRAEL	ISR								IRN	IRAN	IRN								0	112	112	11	3	-2.0	2	1	2	-5.15463917525773	4	Isfahan, Esfahan, Iran	IR	IR28	40941	32.6597	51.6714	6013426	4	Isfahan, Esfahan, Iran	IR	IR28	40941	32.6597	51.6714	6013426	3	Washington, District of Columbia, United States	US	USDC	DC001	38.8951	-77.0364	531871	20250613230000	https://www.messenger-inquirer.com/news/national/iran-fires-back-at-israel-after-onslaught-targets-nuclear-facilities/article_894849f8-33eb-5e79-9daf-f6997d6b10d6.html
1249588904	20250613	202506	2025	2025.4466	ISR	ISRAEL	ISR								IRN	IRAN	IRN								1	1384	138	13	3	-7.0	10	1	10	-4.67289719626168	1	Iran	IR	IR		32	53	IR	1	Iran	IR	IR		32	53	IR	1	Iran	IR	IR		32	53	IR	20250613230000	https://www.afr.com/world/middle-east/how-mossad-plotted-israel-s-attack-from-deep-inside-iran-20250614-p5m7ds
1249588905	20250613	202506	2025	2025.4466	ISR	ISRAEL	ISR								IRN	IRAN	IRN								1	182	182	18	4	-9.5	2	1	2	-8.57664233576642	4	Gaza, Israel (general), Israel	IS	IS00	18315	31.4167	34.3333	-797156	4	Gaza, Israel (general), Israel	IS	IS00	18315	31.4167	34.3333	-797156	4	Gaza, Israel (general), Israel	IS	IS00	18315	31.4167	34.3333	-797156	20250613230000	https://www.foxnews.com/politics/democratic-lawmakers-criticize-israels-defensive-strikes-irans-nuclear-sites
1249588906	20250613	202506	2025	2025.4466	ISR	ISRAEL	ISR								IRN	IRAN	IRN								1	190	190	19	4	-10.0	2	1	2	-3.47368421052632	4	Khorramabad, Lorestan, Iran	IR	IR23	41001	33.4878	48.3558	-3071194	4	Jerusalem, Israel (general), Israel	IS	IS00	18315	31.7667	35.2333	-797092	4	Khorramabad, Lorestan, Iran	IR	IR23	41001	33.4878	48.3558	-3071194	20250613230000	https://www.algemeiner.com/2025/06/13/us-lawmakers-offer-mixed-reactions-israeli-strikes-iranian-nuclear-sites/
1249588907	20250613	202506	2025	2025.4466	ISR	ISRAEL	ISR								IRN	IRANIAN	IRN								1	190	190	19	4	-10.0	1	1	1	-7.15705765407555	2	Arizona, United States	US	USAZ		33.7712	-111.388	AZ	2	Arizona, United States	US	USAZ		33.7712	-111.388	AZ	4	Beijing, Beijing, China	CH	CH22	13001	39.9289	116.388	-1898541	20250613230000	https://www.foxnews.com/politics/israels-drone-strikes-iran-show-why-us-must-halt-chinas-land-grab-here-experts
1249588908	20250613	202506	2025	2025.4466	ISR	ISRAEL	ISR								IRN	IRANIAN	IRN								1	190	190	19	4	-10.0	1	1	1	-7.15705765407555	2	Arizona, United States	US	USAZ		33.7712	-111.388	AZ	2	Arizona, United States	US	USAZ		33.7712	-111.388	AZ	2	Arizona, United States	US	USAZ		33.7712	-111.388	AZ	20250613230000	https://www.foxnews.com/politics/israels-drone-strikes-iran-show-why-us-must-halt-chinas-land-grab-here-experts
1249588909	20250613	202506	2025	2025.4466	ISR	JERUSALEM	ISR								IRN	IRANIAN	IRN								1	194	194	19	4	-10.0	2	1	2	-10.1010101010101	4	Tel Aviv, Tel Aviv, Israel	IS	IS05	18316	32.0667	34.7667	-781545	1	United States	US	US		39.828175	-98.5795	US	1	United States	US	US		39.828175	-98.5795	US	20250613230000	https://www.deccanchronicle.com/world/israel-hit-by-missiles-as-iran-retaliates-for-strikes-on-nuclear-sites-1885109
1249588910	20250613	202506	2025	2025.4466	ISR	ISRAEL	ISR								IRN	IRAN	IRN								0	194	194	19	4	-10.0	2	1	2	-0.96852300242131	4	Ben Gurion, HaMerkaz, Israel	IS	IS02	18311	32.0114	34.8867	149507	4	Ben Gurion, HaMerkaz, Israel	IS	IS02	18311	32.0114	34.8867	149507	4	Ben Gurion, HaMerkaz, Israel	IS	IS02	18311	32.0114	34.8867	149507	20250613230000	https://www.yahoo.com/news/caitlyn-jenner-sends-urgent-12-214900676.html
1249588911	20250613	202506	2025	2025.4466	ISR	ISRAELI	ISR								IRNMED	IRANIAN	IRN					MED			1	190	190	19	4	-10.0	3	1	3	-4.49438202247191	4	Anadolu, Turkey (general), Turkey	TU	TU00	28356	39	35	-735281	4	Anadolu, Turkey (general), Turkey	TU	TU00	28356	39	35	-735281	4	Anadolu, Turkey (general), Turkey	TU	TU00	28356	39	35	-735281	20250613230000	https://www.aa.com.tr/en/middle-east/israeli-forces-attack-fordo-nuclear-facility-iranian-media/3597347
1249588912	20250613	202506	2025	2025.4466	ISR	ISRAEL	ISR								ISRGOV	ISRAEL	ISR					GOV			1	033	033	03	1	5.2	2	1	2	-3.14685314685314	4	Tehran, Tehran, Iran	IR	IR26	41130	35.75	51.5148	10074674	1	Israel	IS	IS		31.5	34.75	IS	4	Tehran, Tehran, Iran	IR	IR26	41130	35.75	51.5148	10074674	20250613230000	https://dunyanews.tv/en/World/889243-in-televised-message-to-nation-khamenei-says-life-will-turn-bleak-for
1249588913	20250613	202506	2025	2025.4466	ISR	ISRAEL	ISR								ISRGOV	ISRAEL	ISR					GOV			1	033	033	03	1	5.2	2	1	2	-3.14685314685314	1	Israel	IS	IS		31.5	34.75	IS	1	Israel	IS	IS		31.5	34.75	IS	1	Israel	IS	IS		31.5	34.75	IS	20250613230000	https://dunyanews.tv/en/World/889243-in-televised-message-to-nation-khamenei-says-life-will-turn-bleak-for
1249588914	20250613	202506	2025	2025.4466	ISR	ISRAELI	ISR								ISRMIL	ISRAEL	ISR					MIL			0	194	194	19	4	-10.0	2	1	2	-2.80373831775701	4	Jerusalem, Israel (general), Israel	IS	IS00	18315	31.7667	35.2333	-797092	4	Jerusalem, Israel (general), Israel	IS	IS00	18315	31.7667	35.2333	-797092	4	Jerusalem, Israel (general), Israel	IS	IS00	18315	31.7667	35.2333	-797092	20250613230000	https://www.yahoo.com/news/israel-unprecedented-attack-shows-iran-213713554.html
1249588915	20250613	202506	2025	2025.4466	ISR	ISRAELI	ISR								ISRMIL	ISRAEL	ISR					MIL			0	194	194	19	4	-10.0	1	1	1	-1.51898734177215	1	Israel	IS	IS		31.5	34.75	IS	4	Tehran, Tehran, Iran	IR	IR26	41130	35.75	51.5148	10074674	1	Israel	IS	IS		31.5	34.75	IS	20250613230000	https://news.az/news/irgc-launches-true-promise-3-operation-against-israel
1249588916	20250613	202506	2025	2025.4466	ISR	ISRAEL	ISR								ITA	ITALY	ITA								0	111	111	11	3	-2.0	2	1	2	-5.46666666666667	4	Gaza, Israel (general), Israel	IS	IS00	18315	31.4167	34.3333	-797156	4	Rome, Lazio, Italy	IT	IT07	18350	41.9	12.4833	-126693	4	Rome, Lazio, Italy	IT	IT07	18350	41.9	12.4833	-126693	20250613230000	https://www.algemeiner.com/2025/06/13/rome-synagogue-defaced-nazi-graffiti-new-report-reveals-antisemitic-prejudice-rampant-italy/
1249588917	20250613	202506	2025	2025.4466	ISR	ISRAEL	ISR								ITA	ITALY	ITA								0	111	111	11	3	-2.0	2	1	2	-5.46666666666667	4	Gaza, Israel (general), Israel	IS	IS00	18315	31.4167	34.3333	-797156	4	Gaza, Israel (general), Israel	IS	IS00	18315	31.4167	34.3333	-797156	4	Gaza, Israel (general), Israel	IS	IS00	18315	31.4167	34.3333	-797156	20250613230000	https://www.algemeiner.com/2025/06/13/rome-synagogue-defaced-nazi-graffiti-new-report-reveals-antisemitic-prejudice-rampant-italy/
1249588918	20250613	202506	2025	2025.4466	ISR	ISRAEL	ISR								JEW	JEWISH				JEW					0	111	111	11	3	-2.0	5	1	5	-6.13138686131387	4	Gaza, Israel (general), Israel	IS	IS00	18315	31.4167	34.3333	-797156	4	Gaza, Israel (general), Israel	IS	IS00	18315	31.4167	34.3333	-797156	4	Gaza, Israel (general), Israel	IS	IS00	18315	31.4167	34.3333	-797156	20250613230000	https://www.algemeiner.com/2025/06/13/israel-closes-embassies-worldwide-jews-abroad-urged-be-vigilant-following-iran-strikes/
1249588919	20250613	202506	2025	2025.4466	ISR	ISRAEL	ISR								JEW	JEWISH				JEW					0	138	138	13	3	-7.0	5	1	5	-6.13138686131387	4	Gaza, Israel (general), Israel	IS	IS00	18315	31.4167	34.3333	-797156	4	Gaza, Israel (general), Israel	IS	IS00	18315	31.4167	34.3333	-797156	4	Gaza, Israel (general), Israel	IS	IS00	18315	31.4167	34.3333	-797156	20250613230000	https://www.algemeiner.com/2025/06/13/israel-closes-embassies-worldwide-jews-abroad-urged-be-vigilant-following-iran-strikes/
1249588920	20250613	202506	2025	2025.4466	ISR	ISRAELI	ISR								MIL	MILITARY						MIL			1	013	013	01	1	0.4	2	1	2	0	1	Iran	IR	IR		32	53	IR	1	Iran	IR	IR		32	53	IR	1	Israel	IS	IS		31.5	34.75	IS	20250613230000	https://960weli.iheart.com/featured/the-clay-travis-and-buck-sexton-show/content/2025-06-13-1119-the-clay-travis-and-buck-hour-3-an-israeli-pov/
1249588921	20250613	202506	2025	2025.4466	ISR	ISRAEL	ISR								MIL	ARMED FORCES						MIL			1	051	051	05	1	3.4	1	1	1	-3.14685314685314	1	Israel	IS	IS		31.5	34.75	IS	4	Tehran, Tehran, Iran	IR	IR26	41130	35.75	51.5148	10074674	4	Tehran, Tehran, Iran	IR	IR26	41130	35.75	51.5148	10074674	20250613230000	https://dunyanews.tv/en/World/889243-in-televised-message-to-nation-khamenei-says-life-will-turn-bleak-for
1249588922	20250613	202506	2025	2025.4466	ISR	ISRAEL	ISR								QAT	QATAR	QAT								1	040	040	04	1	1.0	1	1	1	0	1	Israel	IS	IS		31.5	34.75	IS	4	Riyadh, Ar Riya?, Saudi Arabia	SA	SA10	25316	24.6408	46.7728	-3093009	1	Qatar	QA	QA		25.5	51.25	QA	20250613230000	https://www.kuna.net.kw/ArticleDetails.aspx?id=3235948&language=en
1249588923	20250613	202506	2025	2025.4466	ISR	ISRAELI	ISR								QAT	QATARI	QAT								1	040	040	04	1	1.0	2	1	2	0	1	Israel	IS	IS		31.5	34.75	IS	1	Qatar	QA	QA		25.5	51.25	QA	1	Israel	IS	IS		31.5	34.75	IS	20250613230000	https://www.kuna.net.kw/ArticleDetails.aspx?id=3235948&language=en
1249588924	20250613	202506	2025	2025.4466	ISR	ISRAELI	ISR								SAU	SAUDI	SAU								1	040	040	04	1	1.0	7	1	7	0	1	Israel	IS	IS		31.5	34.75	IS	4	Riyadh, Ar Riya?, Saudi Arabia	SA	SA10	25316	24.6408	46.7728	-3093009	1	Israel	IS	IS		31.5	34.75	IS	20250613230000	https://www.kuna.net.kw/ArticleDetails.aspx?id=3235948&language=en
1249588925	20250613	202506	2025	2025.4466	ISR	ISRAEL	ISR								SAU	SAUDI ARABIA	SAU								1	040	040	04	1	1.0	1	1	1	0	1	Israel	IS	IS		31.5	34.75	IS	4	Riyadh, Ar Riya?, Saudi Arabia	SA	SA10	25316	24.6408	46.7728	-3093009	1	Qatar	QA	QA		25.5	51.25	QA	20250613230000	https://www.kuna.net.kw/ArticleDetails.aspx?id=3235948&language=en
1249588926	20250613	202506	2025	2025.4466	ISR	ISRAEL	ISR								SPY	INTELLIGENCE						SPY			0	010	010	01	1	0.0	4	1	4	-2.80373831775701	4	Jerusalem, Israel (general), Israel	IS	IS00	18315	31.7667	35.2333	-797092	4	Tehran, Tehran, Iran	IR	IR26	41130	35.75	51.5148	10074674	4	Jerusalem, Israel (general), Israel	IS	IS00	18315	31.7667	35.2333	-797092	20250613230000	https://www.yahoo.com/news/israel-unprecedented-attack-shows-iran-213713554.html
1249588927	20250613	202506	2025	2025.4466	ISR	ISRAEL	ISR								SPY	INTELLIGENCE						SPY			0	010	010	01	1	0.0	1	1	1	-2.80373831775701	4	Tehran, Tehran, Iran	IR	IR26	41130	35.75	51.5148	10074674	4	Jerusalem, Israel (general), Israel	IS	IS00	18315	31.7667	35.2333	-797092	4	Tehran, Tehran, Iran	IR	IR26	41130	35.75	51.5148	10074674	20250613230000	https://www.yahoo.com/news/israel-unprecedented-attack-shows-iran-213713554.html
1249588928	20250613	202506	2025	2025.4466	ISR	ISRAELI	ISR								TUR	TURKIYE	TUR								0	040	040	04	1	1.0	5	1	5	-7.86516853932584	1	Israel	IS	IS		31.5	34.75	IS	1	Israel	IS	IS		31.5	34.75	IS	1	Israel	IS	IS		31.5	34.75	IS	20250613230000	https://dunyanews.tv/en/World/889241-how-the-world-is-reacting-to-israel-attacks-on-iran-nuclear-military-
1249588929	20250613	202506	2025	2025.4466	ISR	ISRAELI	ISR								TUR	TURKIYE	TUR								0	046	046	04	1	7.0	5	1	5	-7.86516853932584	1	Israel	IS	IS		31.5	34.75	IS	1	Israel	IS	IS		31.5	34.75	IS	1	Israel	IS	IS		31.5	34.75	IS	20250613230000	https://dunyanews.tv/en/World/889241-how-the-world-is-reacting-to-israel-attacks-on-iran-nuclear-military-
1249588930	20250613	202506	2025	2025.4466	ISR	ISRAELI	ISR								USA	UNITED STATES	USA								0	016	016	01	1	-2.0	1	1	1	-5.15463917525773	4	Tel Aviv, Tel Aviv, Israel	IS	IS05	18316	32.0667	34.7667	-781545	3	Washington, District of Columbia, United States	US	USDC	DC001	38.8951	-77.0364	531871	4	Tel Aviv, Tel Aviv, Israel	IS	IS05	18316	32.0667	34.7667	-781545	20250613230000	https://www.messenger-inquirer.com/news/national/iran-fires-back-at-israel-after-onslaught-targets-nuclear-facilities/article_894849f8-33eb-5e79-9daf-f6997d6b10d6.html
1249588931	20250613	202506	2025	2025.4466	ISR	ISRAELI	ISR								USA	UNITED STATES	USA								0	016	016	01	1	-2.0	1	1	1	-5.15463917525773	4	Tehran, Tehran, Iran	IR	IR26	41130	35.75	51.5148	10074674	4	Tehran, Tehran, Iran	IR	IR26	41130	35.75	51.5148	10074674	4	Tehran, Tehran, Iran	IR	IR26	41130	35.75	51.5148	10074674	20250613230000	https://www.messenger-inquirer.com/news/national/iran-fires-back-at-israel-after-onslaught-targets-nuclear-facilities/article_894849f8-33eb-5e79-9daf-f6997d6b10d6.html
1249588932	20250613	202506	2025	2025.4466	ISR	ISRAEL	ISR								USA	UNITED STATES	USA								0	020	020	02	1	3.0	1	1	1	-3.47368421052632	4	Jerusalem, Israel (general), Israel	IS	IS00	18315	31.7667	35.2333	-797092	3	White House, District of Columbia, United States	US	USDC		38.8951	-77.0364	531871	4	Tehran, Tehran, Iran	IR	IR26	41130	35.75	51.5148	10074674	20250613230000	https://www.algemeiner.com/2025/06/13/us-lawmakers-offer-mixed-reactions-israeli-strikes-iranian-nuclear-sites/
1249588933	20250613	202506	2025	2025.4466	ISR	ISRAEL	ISR								USA	UNITED STATES	USA								0	020	020	02	1	3.0	1	1	1	-3.47368421052632	4	Jerusalem, Israel (general), Israel	IS	IS00	18315	31.7667	35.2333	-797092	3	White House, District of Columbia, United States	US	USDC		38.8951	-77.0364	531871	3	White House, District of Columbia, United States	US	USDC		38.8951	-77.0364	531871	20250613230000	https://www.algemeiner.com/2025/06/13/us-lawmakers-offer-mixed-reactions-israeli-strikes-iranian-nuclear-sites/
1249588934	20250613	202506	2025	2025.4466	ISR	ISRAEL	ISR								USA	UNITED STATES	USA								0	040	040	04	1	1.0	2	1	2	-1.5625	1	Israel	IS	IS		31.5	34.75	IS	4	Tehran, Tehran, Iran	IR	IR26	41130	35.75	51.5148	10074674	4	Tehran, Tehran, Iran	IR	IR26	41130	35.75	51.5148	10074674	20250613230000	https://www.rnz.co.nz/news/world/564120/we-knew-everything-trump-says-about-israel-s-strikes-on-iran
1249588935	20250613	202506	2025	2025.4466	ISR	ISRAEL	ISR								USAGOV	THE WHITE HOUSE	USA					GOV			0	020	020	02	1	3.0	1	1	1	-3.47368421052632	4	Jerusalem, Israel (general), Israel	IS	IS00	18315	31.7667	35.2333	-797092	3	White House, District of Columbia, United States	US	USDC		38.8951	-77.0364	531871	3	White House, District of Columbia, United States	US	USDC		38.8951	-77.0364	531871	20250613230000	https://www.algemeiner.com/2025/06/13/us-lawmakers-offer-mixed-reactions-israeli-strikes-iranian-nuclear-sites/
1249588936	20250613	202506	2025	2025.4466	ISRCOP	ISRAEL	ISR					COP			JEW	JEWISH				JEW					1	010	010	01	1	0.0	1	1	1	-7.15705765407555	4	Beijing, Beijing, China	CH	CH22	13001	39.9289	116.388	-1898541	2	Arizona, United States	US	USAZ		33.7712	-111.388	AZ	4	Beijing, Beijing, China	CH	CH22	13001	39.9289	116.388	-1898541	20250613230000	https://www.foxnews.com/politics/israels-drone-strikes-iran-show-why-us-must-halt-chinas-land-grab-here-experts
1249588937	20250613	202506	2025	2025.4466	ISRCOP	ISRAELI	ISR					COP			JEW	JEWISH				JEW					1	010	010	01	1	0.0	2	1	2	-7.15705765407555	4	Beijing, Beijing, China	CH	CH22	13001	39.9289	116.388	-1898541	2	Arizona, United States	US	USAZ		33.7712	-111.388	AZ	2	Arizona, United States	US	USAZ		33.7712	-111.388	AZ	20250613230000	https://www.foxnews.com/politics/israels-drone-strikes-iran-show-why-us-must-halt-chinas-land-grab-here-experts
1249588938	20250613	202506	2025	2025.4466	ISRCOP	ISRAEL	ISR					COP			JEW	JEWISH				JEW					1	010	010	01	1	0.0	2	1	2	-7.15705765407555	1	Israel	IS	IS		31.5	34.75	IS	1	Israel	IS	IS		31.5	34.75	IS	1	Israel	IS	IS		31.5	34.75	IS	20250613230000	https://www.foxnews.com/politics/israels-drone-strikes-iran-show-why-us-must-halt-chinas-land-grab-here-experts
1249588939	20250613	202506	2025	2025.4466	ISRCOP	ISRAEL	ISR					COP			JEW	JEWISH				JEW					1	013	013	01	1	0.4	1	1	1	-7.15705765407555	4	Beijing, Beijing, China	CH	CH22	13001	39.9289	116.388	-1898541	2	Arizona, United States	US	USAZ		33.7712	-111.388	AZ	2	Arizona, United States	US	USAZ		33.7712	-111.388	AZ	20250613230000	https://www.foxnews.com/politics/israels-drone-strikes-iran-show-why-us-must-halt-chinas-land-grab-here-experts
1249588940	20250613	202506	2025	2025.4466	ISRCOP	ISRAEL	ISR					COP			JEW	JEWISH				JEW					1	013	013	01	1	0.4	1	1	1	-7.15705765407555	2	Arizona, United States	US	USAZ		33.7712	-111.388	AZ	2	Arizona, United States	US	USAZ		33.7712	-111.388	AZ	2	Arizona, United States	US	USAZ		33.7712	-111.388	AZ	20250613230000	https://www.foxnews.com/politics/israels-drone-strikes-iran-show-why-us-must-halt-chinas-land-grab-here-experts
1249588941	20250613	202506	2025	2025.4466	ISRGOV	ISRAEL	ISR					GOV			IRN	IRAN	IRN								0	100	100	10	3	-5.0	1	1	1	-8.59375	1	Israel	IS	IS		31.5	34.75	IS	1	Russia	RS	RS		60	100	RS	1	Israel	IS	IS		31.5	34.75	IS	20250613230000	https://dunyanews.tv/en/World/889242-iranian-president-vows-zionist-regimes-aggression-will-be-met-with-
1249588942	20250613	202506	2025	2025.4466	ISRGOV	ISRAEL	ISR					GOV			IRN	IRAN	IRN								0	100	100	10	3	-5.0	1	1	1	-8.59375	1	Russia	RS	RS		60	100	RS	1	Russia	RS	RS		60	100	RS	1	Russia	RS	RS		60	100	RS	20250613230000	https://dunyanews.tv/en/World/889242-iranian-president-vows-zionist-regimes-aggression-will-be-met-with-
1249588943	20250613	202506	2025	2025.4466	ISRGOV	ISRAEL	ISR					GOV			IRN	IRAN	IRN								0	160	160	16	4	-4.0	2	1	2	-7.86516853932584	1	Israel	IS	IS		31.5	34.75	IS	3	White House, District of Columbia, United States	US	USDC		38.8951	-77.0364	531871	1	Israel	IS	IS		31.5	34.75	IS	20250613230000	https://dunyanews.tv/en/World/889241-how-the-world-is-reacting-to-israel-attacks-on-iran-nuclear-military-
1249588944	20250613	202506	2025	2025.4466	ISRGOV	ISRAELI	ISR					GOV			ISR	ISRAELI	ISR								1	033	033	03	1	5.2	6	1	6	-3.14685314685314	1	Israel	IS	IS		31.5	34.75	IS	1	Israel	IS	IS		31.5	34.75	IS	1	Israel	IS	IS		31.5	34.75	IS	20250613230000	https://dunyanews.tv/en/World/889243-in-televised-message-to-nation-khamenei-says-life-will-turn-bleak-for
1249588945	20250613	202506	2025	2025.4466	ISRGOV	ISRAELI	ISR					GOV			ITA	ITALY	ITA								0	111	111	11	3	-2.0	3	1	3	-5.46666666666667	4	Gaza, Israel (general), Israel	IS	IS00	18315	31.4167	34.3333	-797156	4	Rome, Lazio, Italy	IT	IT07	18350	41.9	12.4833	-126693	4	Rome, Lazio, Italy	IT	IT07	18350	41.9	12.4833	-126693	20250613230000	https://www.algemeiner.com/2025/06/13/rome-synagogue-defaced-nazi-graffiti-new-report-reveals-antisemitic-prejudice-rampant-italy/
1249588946	20250613	202506	2025	2025.4466	ISRGOV	ISRAEL	ISR					GOV			USA	THE US	USA								0	020	020	02	1	3.0	2	1	2	-7.86516853932584	1	Israel	IS	IS		31.5	34.75	IS	3	White House, District of Columbia, United States	US	USDC		38.8951	-77.0364	531871	3	White House, District of Columbia, United States	US	USDC		38.8951	-77.0364	531871	20250613230000	https://dunyanews.tv/en/World/889241-how-the-world-is-reacting-to-israel-attacks-on-iran-nuclear-military-
1249588947	20250613	202506	2025	2025.4466	ISRMED	ISRAELI	ISR					MED			IRN	IRANIAN	IRN								1	190	190	19	4	-10.0	3	1	3	-3.08641975308642	4	Tel Aviv, Tel Aviv, Israel	IS	IS05	18316	32.0667	34.7667	-781545	1	Iran	IR	IR		32	53	IR	1	Iran	IR	IR		32	53	IR	20250613230000	https://news.az/news/irgc-announces-launch-of-response-to-israeli-strike
1249588948	20250613	202506	2025	2025.4466	ISRMED	ISRAEL	ISR					MED			ISR	ISRAEL	ISR								1	182	182	18	4	-9.5	1	1	1	-6.9204152249135	4	Tel Aviv, Tel Aviv, Israel	IS	IS05	18316	32.0667	34.7667	-781545	4	Tel Aviv, Tel Aviv, Israel	IS	IS05	18316	32.0667	34.7667	-781545	4	Tel Aviv, Tel Aviv, Israel	IS	IS05	18316	32.0667	34.7667	-781545	20250613230000	https://www.aa.com.tr/en/middle-east/at-least-35-injured-as-iranian-missiles-hit-israel-media/3597600
1249588949	20250613	202506	2025	2025.4466	ISRMED	ISRAELI	ISR					MED			ISR	ISRAELI	ISR								1	182	182	18	4	-9.5	3	1	3	-6	4	Tel Aviv, Tel Aviv, Israel	IS	IS05	18316	32.0667	34.7667	-781545	4	Tel Aviv, Tel Aviv, Israel	IS	IS05	18316	32.0667	34.7667	-781545	1	Iran	IR	IR		32	53	IR	20250613230000	https://www.aa.com.tr/en/middle-east/iran-fired-fewer-than-100-missiles-most-of-which-intercepted-claims-israeli-army/3597696
1249588950	20250613	202506	2025	2025.4466	ISRMED	ISRAEL	ISR					MED			ISR	ISRAEL	ISR								1	182	182	18	4	-9.5	1	1	1	-7.75193798449612	4	Tel Aviv, Tel Aviv, Israel	IS	IS05	18316	32.0667	34.7667	-781545	1	Iran	IR	IR		32	53	IR	4	Tel Aviv, Tel Aviv, Israel	IS	IS05	18316	32.0667	34.7667	-781545	20250613230000	https://thefrontierpost.com/at-least-35-injured-as-iranian-missiles-hit-israel-media/
1249588951	20250613	202506	2025	2025.4466	ISRMED	ISRAELI	ISR					MED			ISR	ISRAEL	ISR								0	194	194	19	4	-10.0	12	2	12	-7.33617660470481	4	Jerusalem, Israel (general), Israel	IS	IS00	18315	31.7667	35.2333	-797092	4	Tel Aviv, Tel Aviv, Israel	IS	IS05	18316	32.0667	34.7667	-781545	1	Iran	IR	IR		32	53	IR	20250613230000	https://www.aa.com.tr/en/middle-east/at-least-35-injured-as-iranian-missiles-hit-israel-media/3597600
1249588952	20250613	202506	2025	2025.4466	ISRMIL	ISRAELI	ISR					MIL			CVL	CIVILIAN						CVL			1	020	020	02	1	3.0	6	1	6	-6.22362869198312	4	Natanz, Esfahan, Iran	IR	IR28	41048	33.4964	51.9266	10811460	4	Natanz, Esfahan, Iran	IR	IR28	41048	33.4964	51.9266	10811460	4	Natanz, Esfahan, Iran	IR	IR28	41048	33.4964	51.9266	10811460	20250613230000	https://www.klove.com/news/us-and-world/new-wave-of-iranian-missile-attacks-explosions-heard-over-jerusalem-55292
1249588953	20250613	202506	2025	2025.4466	ISRMIL	ISRAEL	ISR					MIL			IRN	IRAN	IRN								0	010	010	01	1	0.0	8	1	8	-3.47368421052632	4	Jerusalem, Israel (general), Israel	IS	IS00	18315	31.7667	35.2333	-797092	4	Khorramabad, Lorestan, Iran	IR	IR23	41001	33.4878	48.3558	-3071194	4	Jerusalem, Israel (general), Israel	IS	IS00	18315	31.7667	35.2333	-797092	20250613230000	https://www.algemeiner.com/2025/06/13/us-lawmakers-offer-mixed-reactions-israeli-strikes-iranian-nuclear-sites/
1249588954	20250613	202506	2025	2025.4466	ISRMIL	ISRAELI	ISR					MIL			IRN	IRAN	IRN								1	010	010	01	1	0.0	3	1	3	-7.75193798449612	1	Iran	IR	IR		32	53	IR	4	Tel Aviv, Tel Aviv, Israel	IS	IS05	18316	32.0667	34.7667	-781545	1	Iran	IR	IR		32	53	IR	20250613230000	https://thefrontierpost.com/at-least-35-injured-as-iranian-missiles-hit-israel-media/
1249588955	20250613	202506	2025	2025.4466	ITA	ITALY	ITA																		1	057	057	05	1	8.0	4	1	4	-5.46666666666667	4	Rome, Lazio, Italy	IT	IT07	18350	41.9	12.4833	-126693	0								4	Rome, Lazio, Italy	IT	IT07	18350	41.9	12.4833	-126693	20250613230000	https://www.algemeiner.com/2025/06/13/rome-synagogue-defaced-nazi-graffiti-new-report-reveals-antisemitic-prejudice-rampant-italy/
1249588956	20250613	202506	2025	2025.4466	ITA	ITALY	ITA																		0	172	172	17	4	-5.0	6	1	6	4.4776119402985	4	Il Ponte, Emilia-Romagna, Italy	IT	IT05	18334	44.4667	11.5167	-119207	0								4	Il Ponte, Emilia-Romagna, Italy	IT	IT05	18334	44.4667	11.5167	-119207	20250613230000	https://urbanmilwaukee.com/2025/06/13/more-details-revealed-about-planned-italian-restaurant/
1249588957	20250613	202506	2025	2025.4466	ITA	ITALY	ITA								USA	UNITED STATES	USA								0	057	057	05	1	8.0	2	1	2	2.35250186706498	4	Rome, Lazio, Italy	IT	IT07	18350	41.9	12.4833	-126693	1	United States	US	US		39.828175	-98.5795	US	1	United States	US	US		39.828175	-98.5795	US	20250613230000	https://www.textileworld.com/textile-world/nonwovens-technical-textiles/2025/06/inda-edana-joining-forces-for-enhanced-coordinated-strategy-in-global-nonwovens/
1249588958	20250613	202506	2025	2025.4466	JEW	JEWISH				JEW					ISR	ISRAEL	ISR								0	020	020	02	1	3.0	1	1	1	-3.47368421052632	4	Jerusalem, Israel (general), Israel	IS	IS00	18315	31.7667	35.2333	-797092	4	Jerusalem, Israel (general), Israel	IS	IS00	18315	31.7667	35.2333	-797092	4	Jerusalem, Israel (general), Israel	IS	IS00	18315	31.7667	35.2333	-797092	20250613230000	https://www.algemeiner.com/2025/06/13/us-lawmakers-offer-mixed-reactions-israeli-strikes-iranian-nuclear-sites/
1249588959	20250613	202506	2025	2025.4466	JEW	JEWISH				JEW					ISR	ISRAEL	ISR								0	020	020	02	1	3.0	4	1	4	-3.47368421052632	4	Jerusalem, Israel (general), Israel	IS	IS00	18315	31.7667	35.2333	-797092	4	Jerusalem, Israel (general), Israel	IS	IS00	18315	31.7667	35.2333	-797092	4	Tehran, Tehran, Iran	IR	IR26	41130	35.75	51.5148	10074674	20250613230000	https://www.algemeiner.com/2025/06/13/us-lawmakers-offer-mixed-reactions-israeli-strikes-iranian-nuclear-sites/
1249588960	20250613	202506	2025	2025.4466	JEW	JEWISH				JEW					ISR	JERUSALEM	ISR								0	111	111	11	3	-2.0	5	1	5	-3.47368421052632	4	Jerusalem, Israel (general), Israel	IS	IS00	18315	31.7667	35.2333	-797092	4	Jerusalem, Israel (general), Israel	IS	IS00	18315	31.7667	35.2333	-797092	4	Jerusalem, Israel (general), Israel	IS	IS00	18315	31.7667	35.2333	-797092	20250613230000	https://www.algemeiner.com/2025/06/13/us-lawmakers-offer-mixed-reactions-israeli-strikes-iranian-nuclear-sites/
1249588961	20250613	202506	2025	2025.4466	JOR	JORDAN	JOR																		0	110	110	11	3	-2.0	4	1	4	-3.41207349081365	1	Jordan	JO	JO		31	36	JO	0								1	Jordan	JO	JO		31	36	JO	20250613230000	https://www.wxyz.com/news/detroit-police-hosting-brunch-for-fathers-who-lost-children-to-violence-crimes
1249588962	20250613	202506	2025	2025.4466	JOR	JORDAN	JOR								USACOP	DETROIT	USA					COP			0	030	030	03	1	4.0	4	1	4	-3.41207349081365	1	Jordan	JO	JO		31	36	JO	1	Jordan	JO	JO		31	36	JO	1	Jordan	JO	JO		31	36	JO	20250613230000	https://www.wxyz.com/news/detroit-police-hosting-brunch-for-fathers-who-lost-children-to-violence-crimes
1249588963	20250613	202506	2025	2025.4466	JOR	JORDAN	JOR								USACOP	DETROIT	USA					COP			1	043	043	04	1	2.8	4	1	4	-3.41207349081365	1	Jordan	JO	JO		31	36	JO	1	Jordan	JO	JO		31	36	JO	1	Jordan	JO	JO		31	36	JO	20250613230000	https://www.wxyz.com/news/detroit-police-hosting-brunch-for-fathers-who-lost-children-to-violence-crimes
1249588964	20250613	202506	2025	2025.4466	JUD	ATTORNEY						JUD													0	010	010	01	1	0.0	10	1	10	-7.86516853932585	4	El Diablo, Chihuahua, Mexico	MX	MX06	19734	30.3167	-106.233	-3851595	0								4	El Diablo, Chihuahua, Mexico	MX	MX06	19734	30.3167	-106.233	-3851595	20250613230000	https://www.yahoo.com/news/did-mexican-cop-kill-25-214808130.html
1249588965	20250613	202506	2025	2025.4466	JUD	ATTORNEY						JUD													1	010	010	01	1	0.0	3	1	3	-7.24907063197026	3	Denver, Colorado, United States	US	USCO	CO031	39.7392	-104.985	201738	0								3	Denver, Colorado, United States	US	USCO	CO031	39.7392	-104.985	201738	20250613230000	https://www.dailycamera.com/2025/06/13/mike-lindell-trial-jury-deliberations-election-conspiracy-defamation-dominion/
1249588966	20250613	202506	2025	2025.4466	JUD	JUDGE						JUD													1	031	031	03	1	5.2	5	1	5	-6.06860158311346	2	Virginia, United States	US	USVA		37.768	-78.2057	VA	0								2	Virginia, United States	US	USVA		37.768	-78.2057	VA	20250613230000	https://www.potomaclocal.com/2025/06/13/county-slaps-brakes-on-timbering-near-proposed-data-center-site/
1249588967	20250613	202506	2025	2025.4466	JUD	ATTORNEY						JUD													0	042	042	04	1	1.9	17	1	10	-7.86516853932585	4	El Diablo, Chihuahua, Mexico	MX	MX06	19734	30.3167	-106.233	-3851595	0								4	El Diablo, Chihuahua, Mexico	MX	MX06	19734	30.3167	-106.233	-3851595	20250613230000	https://www.yahoo.com/news/did-mexican-cop-kill-25-214808130.html
1249588968	20250613	202506	2025	2025.4466	JUD	JUDGE						JUD													0	090	090	09	2	-2.0	6	1	6	-7.86516853932585	4	El Diablo, Chihuahua, Mexico	MX	MX06	19734	30.3167	-106.233	-3851595	0								4	El Diablo, Chihuahua, Mexico	MX	MX06	19734	30.3167	-106.233	-3851595	20250613230000	https://www.yahoo.com/news/did-mexican-cop-kill-25-214808130.html
1249588969	20250613	202506	2025	2025.4466	JUD	ATTORNEY						JUD													0	110	110	11	3	-2.0	5	1	5	-2.47678018575851	3	Maricopa County, Arizona, United States	US	USAZ	AZ013	33.5	-112.501	37026	0								3	Maricopa County, Arizona, United States	US	USAZ		33.5	-112.501	37026	20250613230000	https://www.kjzz.org/politics/2025-06-13/judge-dismisses-suit-against-arizona-corporation-commissions-new-yearly-rate-adjustments
1249588970	20250613	202506	2025	2025.4466	JUD	PROSECUTOR						JUD													0	112	112	11	3	-2.0	7	1	7	-7.86516853932585	4	El Diablo, Chihuahua, Mexico	MX	MX06	19734	30.3167	-106.233	-3851595	0								4	El Diablo, Chihuahua, Mexico	MX	MX06	19734	30.3167	-106.233	-3851595	20250613230000	https://www.yahoo.com/news/did-mexican-cop-kill-25-214808130.html
1249588971	20250613	202506	2025	2025.4466	JUD	ATTORNEY						JUD													0	112	112	11	3	-2.0	3	1	3	-7.24907063197026	2	Colorado, United States	US	USCO		39.0646	-105.327	CO	0								2	Colorado, United States	US	USCO		39.0646	-105.327	CO	20250613230000	https://www.dailycamera.com/2025/06/13/mike-lindell-trial-jury-deliberations-election-conspiracy-defamation-dominion/
1249588972	20250613	202506	2025	2025.4466	JUD	PROSECUTOR						JUD													0	130	130	13	3	-4.4	10	1	10	-7.86516853932585	4	El Diablo, Chihuahua, Mexico	MX	MX06	19734	30.3167	-106.233	-3851595	0								4	El Diablo, Chihuahua, Mexico	MX	MX06	19734	30.3167	-106.233	-3851595	20250613230000	https://www.yahoo.com/news/did-mexican-cop-kill-25-214808130.html
1249588973	20250613	202506	2025	2025.4466	JUD	PROSECUTOR						JUD													0	174	174	17	4	-5.0	6	1	6	-8.66773675762438	2	Colorado, United States	US	USCO		39.0646	-105.327	CO	0								2	Colorado, United States	US	USCO		39.0646	-105.327	CO	20250613230000	https://www.gjsentinel.com/news/western_colorado/guilty-verdict-in-paonia-double-murder/article_55e93ee0-bb37-4fec-a9d2-265ee34eb6c9.html
1249588974	20250613	202506	2025	2025.4466	JUD	PROSECUTOR						JUD													0	190	190	19	4	-10.0	6	1	6	-5.10855683269477	4	Glasgow, Glasgow City, United Kingdom	UK	UKV2	40176	55.8333	-4.25	-2597039	0								4	Glasgow, Glasgow City, United Kingdom	UK	UKV2	40176	55.8333	-4.25	-2597039	20250613230000	https://www.dailymail.co.uk/news/article-14811003/How-coldblooded-restaurant-murder-popular-waiter-left-peaceful-island-community-living-fear.html
1249588975	20250613	202506	2025	2025.4466	JUD	ATTORNEY						JUD													0	190	190	19	4	-10.0	6	1	6	-7.86516853932585	4	El Diablo, Chihuahua, Mexico	MX	MX06	19734	30.3167	-106.233	-3851595	0								4	El Diablo, Chihuahua, Mexico	MX	MX06	19734	30.3167	-106.233	-3851595	20250613230000	https://www.yahoo.com/news/did-mexican-cop-kill-25-214808130.html
1249588976	20250613	202506	2025	2025.4466	JUD	LAWYER						JUD			BUS	TRADER						BUS			1	020	020	02	1	3.0	5	1	5	-3.63036303630363	5	Oyo State, Oyo, Nigeria	NI	NI32	191166	8	4	-2024630	5	Oyo State, Oyo, Nigeria	NI	NI32	191166	8	4	-2024630	5	Oyo State, Oyo, Nigeria	NI	NI32	191166	8	4	-2024630	20250613230000	https://quicknews-africa.net/disasters-lawyer-advises-traders-to-embrace-insurance-policies/
1249588977	20250613	202506	2025	2025.4466	JUD	ATTORNEY						JUD			BUS	INVESTOR						BUS			1	071	071	07	2	7.4	10	1	10	-7.03517587939699	1	United States	US	US		39.828175	-98.5795	US	1	United States	US	US		39.828175	-98.5795	US	1	United States	US	US		39.828175	-98.5795	US	20250613230000	https://www.wosu.org/news/2025-06-13/columbus-social-media-influencer-pleads-guilty-to-charges-related-to-ponzi-scheme
1249588978	20250613	202506	2025	2025.4466	JUD	MAGISTRATE						JUD			CHE	SWITZERLAND	CHE								1	100	100	10	3	-5.0	2	1	2	-12.4223602484472	4	Bern, Bern, Switzerland	SZ	SZ05	26290	46.9167	7.46667	-2551235	4	Bern, Bern, Switzerland	SZ	SZ05	26290	46.9167	7.46667	-2551235	4	Bern, Bern, Switzerland	SZ	SZ05	26290	46.9167	7.46667	-2551235	20250613230000	https://wcti12.com/news/local/pitt-county-deputies-recover-stolen-excavator-three-suspects-face-multiple-felony-charges
1249588979	20250613	202506	2025	2025.4466	JUD	MAGISTRATE						JUD			COP	DEPUTIES						COP			1	100	100	10	3	-5.0	5	1	5	-12.4223602484472	4	Bern, Bern, Switzerland	SZ	SZ05	26290	46.9167	7.46667	-2551235	4	Bern, Bern, Switzerland	SZ	SZ05	26290	46.9167	7.46667	-2551235	4	Bern, Bern, Switzerland	SZ	SZ05	26290	46.9167	7.46667	-2551235	20250613230000	https://wcti12.com/news/local/pitt-county-deputies-recover-stolen-excavator-three-suspects-face-multiple-felony-charges
1249588980	20250613	202506	2025	2025.4466	JUD	PROSECUTOR						JUD			GBR	UNITED KINGDOM	GBR								0	190	190	19	4	-10.0	4	1	4	-5.10855683269477	4	Kirkwall, Orkney Islands, United Kingdom	UK	UKV9	40174	58.9667	-2.95	-2600430	4	Kirkwall, Orkney Islands, United Kingdom	UK	UKV9	40174	58.9667	-2.95	-2600430	4	Kirkwall, Orkney Islands, United Kingdom	UK	UKV9	40174	58.9667	-2.95	-2600430	20250613230000	https://www.dailymail.co.uk/news/article-14811003/How-coldblooded-restaurant-murder-popular-waiter-left-peaceful-island-community-living-fear.html
1249588981	20250613	202506	2025	2025.4466	JUD	ATTORNEY						JUD			GOV	GOVERNMENT						GOV			0	013	013	01	1	0.4	6	1	6	-4.04097894137735	2	Illinois, United States	US	USIL		40.3363	-89.0022	IL	2	Illinois, United States	US	USIL		40.3363	-89.0022	IL	2	Illinois, United States	US	USIL		40.3363	-89.0022	IL	20250613230000	https://www.yahoo.com/news/ex-illinois-house-speaker-michael-220600809.html
1249588982	20250613	202506	2025	2025.4466	JUD	ATTORNEY						JUD			GOV	AUTHORITIES						GOV			1	173	173	17	4	-5.0	1	1	1	-8.41300191204589	3	Ventura County, California, United States	US	USCA	CA111	34.4667	-119.018	277320	3	Simi Valley, California, United States	US	USCA		34.2694	-118.781	1661450	3	Ventura County, California, United States	US	USCA		34.4667	-119.018	277320	20250613230000	https://www.foxla.com/news/simi-valley-police-arrest-4-linked-3-million-jewelry-heist
1249588983	20250613	202506	2025	2025.4466	JUD	JUDGE						JUD			LAB	WORKER						LAB			0	036	036	03	1	4.0	2	1	2	-3.45710627400769	2	Florida, United States	US	USFL		27.8333	-81.717	FL	3	Dover, Florida, United States	US	USFL	FL057	27.9942	-82.2195	281733	3	Dover, Florida, United States	US	USFL	FL057	27.9942	-82.2195	281733	20250613230000	https://www.yahoo.com/news/lawmakers-seal-lean-budget-deal-221435453.html
1249588984	20250613	202506	2025	2025.4466	JUD	JUDGE						JUD			LAB	WORKER						LAB			0	036	036	03	1	4.0	3	1	3	-3.45710627400769	2	Florida, United States	US	USFL		27.8333	-81.717	FL	2	Florida, United States	US	USFL		27.8333	-81.717	FL	2	Florida, United States	US	USFL		27.8333	-81.717	FL	20250613230000	https://www.yahoo.com/news/lawmakers-seal-lean-budget-deal-221435453.html
1249588985	20250613	202506	2025	2025.4466	JUD	HIGH COURT						JUD			LEG	SENATE						LEG			1	090	090	09	2	-2.0	2	1	2	-4.03726708074534	2	Georgia, United States	US	USGA		32.9866	-83.6487	GA	3	Fulton County, Georgia, United States	US	USGA		33.7668	-84.4499	1694833	3	Fulton County, Georgia, United States	US	USGA		33.7668	-84.4499	1694833	20250613230000	https://gazette.com/news/wex/georgia-supreme-court-to-hear-fani-willis-state-senate-subpoena-fight/article_1d630c8a-cae0-5770-9791-e9c48ea1010d.html
1249588986	20250613	202506	2025	2025.4466	JUD	HIGH COURT						JUD			LEG	SENATE						LEG			1	090	090	09	2	-2.0	2	1	2	-4.03726708074534	2	Georgia, United States	US	USGA		32.9866	-83.6487	GA	2	Georgia, United States	US	USGA		32.9866	-83.6487	GA	3	Fulton County, Georgia, United States	US	USGA		33.7668	-84.4499	1694833	20250613230000	https://gazette.com/news/wex/georgia-supreme-court-to-hear-fani-willis-state-senate-subpoena-fight/article_1d630c8a-cae0-5770-9791-e9c48ea1010d.html
1249588987	20250613	202506	2025	2025.4466	JUD	ATTORNEY						JUD			MED	TELEVISION						MED			1	042	042	04	1	1.9	6	1	6	-5.22565320665083	2	Colorado, United States	US	USCO		39.0646	-105.327	CO	2	Colorado, United States	US	USCO		39.0646	-105.327	CO	2	Colorado, United States	US	USCO		39.0646	-105.327	CO	20250613230000	https://gazette.com/colorado_politics/mike-lindell-trial-defamation-jury/article_2e930563-43cd-5cb3-a695-6012392383a6.html
1249588988	20250613	202506	2025	2025.4466	JUD	PROSECUTOR						JUD			MEX	MEXICO	MEX								0	042	042	04	1	1.9	3	1	3	-7.86516853932585	4	El Diablo, Chihuahua, Mexico	MX	MX06	19734	30.3167	-106.233	-3851595	4	El Diablo, Chihuahua, Mexico	MX	MX06	19734	30.3167	-106.233	-3851595	4	El Diablo, Chihuahua, Mexico	MX	MX06	19734	30.3167	-106.233	-3851595	20250613230000	https://www.yahoo.com/news/did-mexican-cop-kill-25-214808130.html
1249588989	20250613	202506	2025	2025.4466	JUD	JUDGE						JUD			MEX	MEXICO	MEX								0	090	090	09	2	-2.0	2	1	2	-7.86516853932585	4	El Diablo, Chihuahua, Mexico	MX	MX06	19734	30.3167	-106.233	-3851595	4	El Diablo, Chihuahua, Mexico	MX	MX06	19734	30.3167	-106.233	-3851595	4	El Diablo, Chihuahua, Mexico	MX	MX06	19734	30.3167	-106.233	-3851595	20250613230000	https://www.yahoo.com/news/did-mexican-cop-kill-25-214808130.html
1249588990	20250613	202506	2025	2025.4466	JUD	PROSECUTOR						JUD			MEX	MEXICO	MEX								0	112	112	11	3	-2.0	3	1	3	-7.86516853932585	4	El Diablo, Chihuahua, Mexico	MX	MX06	19734	30.3167	-106.233	-3851595	4	El Diablo, Chihuahua, Mexico	MX	MX06	19734	30.3167	-106.233	-3851595	4	El Diablo, Chihuahua, Mexico	MX	MX06	19734	30.3167	-106.233	-3851595	20250613230000	https://www.yahoo.com/news/did-mexican-cop-kill-25-214808130.html
1249588991	20250613	202506	2025	2025.4466	JUD	ATTORNEY						JUD			OPP	DETAINEE						OPP			1	010	010	01	1	0.0	1	1	1	-6.67351129363449	3	White House, District of Columbia, United States	US	USDC		38.8951	-77.0364	531871	3	White House, District of Columbia, United States	US	USDC		38.8951	-77.0364	531871	3	White House, District of Columbia, United States	US	USDC		38.8951	-77.0364	531871	20250613230000	https://www.yahoo.com/news/ice-breakout-jersey-symptom-democratic-203044939.html
1249588992	20250613	202506	2025	2025.4466	JUD	JUDGE						JUD			OPP	PRISONER						OPP			1	110	110	11	3	-2.0	10	1	10	-13.7142857142857	2	Colorado, United States	US	USCO		39.0646	-105.327	CO	2	Colorado, United States	US	USCO		39.0646	-105.327	CO	2	Colorado, United States	US	USCO		39.0646	-105.327	CO	20250613230000	https://gazette.com/colorado_politics/federal-judge-dismisses-prisoners-lawsuit-over-needle-in-eye/article_be7b3d7b-6f9f-5fb0-9b77-9f325c4fedeb.html
1249588993	20250613	202506	2025	2025.4466	JUD	ATTORNEY						JUD			USA	UNITED STATES	USA								1	010	010	01	1	0.0	2	1	2	-7.24907063197026	2	Colorado, United States	US	USCO		39.0646	-105.327	CO	2	Colorado, United States	US	USCO		39.0646	-105.327	CO	2	Colorado, United States	US	USCO		39.0646	-105.327	CO	20250613230000	https://www.dailycamera.com/2025/06/13/mike-lindell-trial-jury-deliberations-election-conspiracy-defamation-dominion/
1249588994	20250613	202506	2025	2025.4466	JUD	ATTORNEY						JUD			USA	UNITED STATES	USA								0	013	013	01	1	0.4	2	1	2	-4.04097894137735	2	Illinois, United States	US	USIL		40.3363	-89.0022	IL	2	Illinois, United States	US	USIL		40.3363	-89.0022	IL	2	Illinois, United States	US	USIL		40.3363	-89.0022	IL	20250613230000	https://www.yahoo.com/news/ex-illinois-house-speaker-michael-220600809.html
1249588995	20250613	202506	2025	2025.4466	JUD	JUDGE						JUD			USA	UNITED STATES	USA								1	042	042	04	1	1.9	10	1	10	-6.96278511404562	1	United States	US	US		39.828175	-98.5795	US	1	United States	US	US		39.828175	-98.5795	US	1	United States	US	US		39.828175	-98.5795	US	20250613230000	https://www.wokv.com/news/national/federal-judge/TUJFTFJQE5DOTMOU6RSTIRA2Q4/
1249588996	20250613	202506	2025	2025.4466	JUD	MAGISTRATE						JUD			USA	GREENVILLE	USA								1	100	100	10	3	-5.0	3	1	3	-12.4223602484472	4	Bern, Bern, Switzerland	SZ	SZ05	26290	46.9167	7.46667	-2551235	4	Bern, Bern, Switzerland	SZ	SZ05	26290	46.9167	7.46667	-2551235	4	Bern, Bern, Switzerland	SZ	SZ05	26290	46.9167	7.46667	-2551235	20250613230000	https://wcti12.com/news/local/pitt-county-deputies-recover-stolen-excavator-three-suspects-face-multiple-felony-charges
1249588997	20250613	202506	2025	2025.4466	JUD	JUDGE						JUD			USA	NEW YORK	USA								1	100	100	10	3	-5.0	8	1	8	0.787401574803153	2	New York, United States	US	USNY		42.1497	-74.9384	NY	2	New York, United States	US	USNY		42.1497	-74.9384	NY	2	New York, United States	US	USNY		42.1497	-74.9384	NY	20250613230000	https://www.cherokeephoenix.org/news/tribe-s-job-corps-program-avoids-closure-for-now/article_45b1afbd-9a3f-45a7-a909-5556a223dc53.html
1249588998	20250613	202506	2025	2025.4466	JUD	JUDGE						JUD			USA	ARIZONA	USA								1	110	110	11	3	-2.0	4	1	4	-2.47678018575851	3	Maricopa County, Arizona, United States	US	USAZ	AZ013	33.5	-112.501	37026	3	Maricopa County, Arizona, United States	US	USAZ		33.5	-112.501	37026	3	Maricopa County, Arizona, United States	US	USAZ		33.5	-112.501	37026	20250613230000	https://www.kjzz.org/politics/2025-06-13/judge-dismisses-suit-against-arizona-corporation-commissions-new-yearly-rate-adjustments
1249588999	20250613	202506	2025	2025.4466	JUD	JUDGE						JUD			USA	UNITED STATES	USA								0	111	111	11	3	-2.0	2	1	2	-5.22565320665083	2	Colorado, United States	US	USCO		39.0646	-105.327	CO	2	Colorado, United States	US	USCO		39.0646	-105.327	CO	2	Colorado, United States	US	USCO		39.0646	-105.327	CO	20250613230000	https://gazette.com/colorado_politics/mike-lindell-trial-defamation-jury/article_2e930563-43cd-5cb3-a695-6012392383a6.html
1249589000	20250613	202506	2025	2025.4466	JUD	PROSECUTOR						JUD			USA	UNITED STATES	USA								1	1123	112	11	3	-2.0	2	1	2	-11.7824773413897	3	New Canaan, Connecticut, United States	US	USCT	CT001	41.1468	-73.4948	209223	2	Connecticut, United States	US	USCT		41.5834	-72.7622	CT	3	New Canaan, Connecticut, United States	US	USCT		41.1468	-73.4948	209223	20250613230000	https://www.yahoo.com/news/former-lawyer-missing-connecticut-moms-222127820.html
1249589001	20250613	202506	2025	2025.4466	JUD	FEDERAL COURT						JUD			USA	UNITED STATES	USA								1	173	173	17	4	-5.0	2	1	2	-7.49464668094218	3	Abilene, Texas, United States	US	USTX	TX441	32.4487	-99.7331	1329173	3	Crockett County, Texas, United States	US	USTX		30.6668	-101.367	1383838	3	Abilene, Texas, United States	US	USTX	TX441	32.4487	-99.7331	1329173	20250613230000	https://www.yahoo.com/news/man-accused-kidnapping-selling-teen-205253681.html
1249589002	20250613	202506	2025	2025.4466	JUD	FEDERAL COURT						JUD			USA	TEXAS	USA								1	173	173	17	4	-5.0	2	1	2	-7.49464668094218	3	Abilene, Texas, United States	US	USTX	TX441	32.4487	-99.7331	1329173	2	Texas, United States	US	USTX		31.106	-97.6475	TX	3	Abilene, Texas, United States	US	USTX	TX441	32.4487	-99.7331	1329173	20250613230000	https://www.yahoo.com/news/man-accused-kidnapping-selling-teen-205253681.html
1249589003	20250613	202506	2025	2025.4466	JUD	ATTORNEY						JUD			USA	UNITED STATES	USA								1	173	173	17	4	-5.0	1	1	1	-8.41300191204589	3	Simi Valley, California, United States	US	USCA	CA111	34.2694	-118.781	1661450	3	Simi Valley, California, United States	US	USCA		34.2694	-118.781	1661450	3	Simi Valley, California, United States	US	USCA		34.2694	-118.781	1661450	20250613230000	https://www.foxla.com/news/simi-valley-police-arrest-4-linked-3-million-jewelry-heist
1249589004	20250613	202506	2025	2025.4466	JUD	ATTORNEY						JUD			USA	UNITED STATES	USA								1	173	173	17	4	-5.0	1	1	1	-8.41300191204589	2	California, United States	US	USCA		36.17	-119.746	CA	3	Simi Valley, California, United States	US	USCA		34.2694	-118.781	1661450	2	California, United States	US	USCA		36.17	-119.746	CA	20250613230000	https://www.foxla.com/news/simi-valley-police-arrest-4-linked-3-million-jewelry-heist
1249589005	20250613	202506	2025	2025.4466	JUD	FEDERAL COURT						JUD			USA	UNITED STATES	USA								1	173	173	17	4	-5.0	4	1	4	-7.49464668094218	2	Texas, United States	US	USTX		31.106	-97.6475	TX	3	Crockett County, Texas, United States	US	USTX		30.6668	-101.367	1383838	2	Texas, United States	US	USTX		31.106	-97.6475	TX	20250613230000	https://www.yahoo.com/news/man-accused-kidnapping-selling-teen-205253681.html
1249589006	20250613	202506	2025	2025.4466	JUD	PROSECUTOR						JUD			USA	UNITED STATES	USA								0	174	174	17	4	-5.0	4	1	4	-8.66773675762438	3	Paonia, Colorado, United States	US	USCO	CO029	38.8683	-107.592	186589	3	Paonia, Colorado, United States	US	USCO	CO029	38.8683	-107.592	186589	3	Paonia, Colorado, United States	US	USCO	CO029	38.8683	-107.592	186589	20250613230000	https://www.gjsentinel.com/news/western_colorado/guilty-verdict-in-paonia-double-murder/article_55e93ee0-bb37-4fec-a9d2-265ee34eb6c9.html
1249589007	20250613	202506	2025	2025.4466	JUD	JUDGE						JUD			USABUS	ARIZONA	USA					BUS			1	110	110	11	3	-2.0	6	1	6	-2.47678018575851	3	Maricopa County, Arizona, United States	US	USAZ	AZ013	33.5	-112.501	37026	3	Maricopa County, Arizona, United States	US	USAZ		33.5	-112.501	37026	3	Maricopa County, Arizona, United States	US	USAZ		33.5	-112.501	37026	20250613230000	https://www.kjzz.org/politics/2025-06-13/judge-dismisses-suit-against-arizona-corporation-commissions-new-yearly-rate-adjustments
1249589008	20250613	202506	2025	2025.4466	JUD	HIGH COURT						JUD			USAJUD	UNITED STATES	USA					JUD			1	090	090	09	2	-2.0	6	1	6	-4.03726708074534	2	Georgia, United States	US	USGA		32.9866	-83.6487	GA	3	Fulton County, Georgia, United States	US	USGA		33.7668	-84.4499	1694833	3	Fulton County, Georgia, United States	US	USGA		33.7668	-84.4499	1694833	20250613230000	https://gazette.com/news/wex/georgia-supreme-court-to-hear-fani-willis-state-senate-subpoena-fight/article_1d630c8a-cae0-5770-9791-e9c48ea1010d.html
1249589009	20250613	202506	2025	2025.4466	KEN	KENYA	KEN																		0	190	190	19	4	-10.0	6	1	6	-6.49558941459503	4	Nanyuki, Rift Valley, Kenya	KE	KE08	18585	0.016667	37.0728	-2258391	0								4	Nanyuki, Rift Valley, Kenya	KE	KE08	18585	0.016667	37.0728	-2258391	20250613230000	https://www.okayafrica.com/today-in-africa-news-brief-2025/
1249589010	20250613	202506	2025	2025.4466	KOR	SOUTH KOREA	KOR																		1	016	016	01	1	-2.0	2	1	2	0.9925558312655	1	South Korea	KS	KS		37	127.5	KS	0								1	South Korea	KS	KS		37	127.5	KS	20250613230000	https://www.tomsguide.com/computing/vr-ar/samsung-just-tipped-to-show-off-project-moohan-headset-during-galaxy-unpacked-in-july
1249589011	20250613	202506	2025	2025.4466	KWT	KUWAIT	KWT																		1	051	051	05	1	3.4	4	1	4	6.89655172413793	1	Kuwait	KU	KU		29.5	47.75	KU	0								1	Kuwait	KU	KU		29.5	47.75	KU	20250613230000	https://www.kuna.net.kw/ArticleDetails.aspx?id=3235937&Language=en
1249589012	20250613	202506	2025	2025.4466	KWT	KUWAIT	KWT								HRI	HUMAN RIGHTS SOCIETY						HRI			1	040	040	04	1	1.0	5	1	5	6.89655172413793	1	Kuwait	KU	KU		29.5	47.75	KU	1	Kuwait	KU	KU		29.5	47.75	KU	1	Kuwait	KU	KU		29.5	47.75	KU	20250613230000	https://www.kuna.net.kw/ArticleDetails.aspx?id=3235937&Language=en
1249589013	20250613	202506	2025	2025.4466	LAB	WORKER						LAB													1	013	013	01	1	0.4	10	1	10	-3.87096774193549	1	Israel	IS	IS		31.5	34.75	IS	0								1	Israel	IS	IS		31.5	34.75	IS	20250613230000	https://www.tsln.com/news/varileks-cattle-call-uncertainty-is-bearish/
1249589014	20250613	202506	2025	2025.4466	LAB	WORKER						LAB													0	173	173	17	4	-5.0	10	1	10	-12.6520681265207	2	Nebraska, United States	US	USNE		41.1289	-98.2883	NE	0								2	Nebraska, United States	US	USNE		41.1289	-98.2883	NE	20250613230000	https://www.yahoo.com/news/federal-officials-arrest-four-protesters-212859302.html
1249589015	20250613	202506	2025	2025.4466	LAB	WORKER						LAB													1	190	190	19	4	-10.0	10	1	10	-3.11418685121108	2	Illinois, United States	US	USIL		40.3363	-89.0022	IL	0								2	Illinois, United States	US	USIL		40.3363	-89.0022	IL	20250613230000	https://www.kwqc.com:443/2025/06/13/raid-bettendorf-spa-spotlights-human-trafficking/
1249589016	20250613	202506	2025	2025.4466	LAB	WORKER						LAB			AUS	AUSTRALIA	AUS								1	060	060	06	2	6.0	10	1	10	1.50602409638554	1	Australia	AS	AS		-25	135	AS	1	Australia	AS	AS		-25	135	AS	1	Australia	AS	AS		-25	135	AS	20250613230000	https://www.deccanchronicle.com/southern-states/telangana/1-in-every-5-temp-workers-in-australia-is-from-india-1885089
1249589017	20250613	202506	2025	2025.4466	LAB	EMPLOYEE						LAB			CVL	RESIDENTS						CVL			1	180	180	18	4	-9.0	10	1	10	-8.05084745762712	0								0								0								20250613230000	https://www.yahoo.com/news/man-sentenced-sexually-abusing-care-201950522.html
1249589018	20250613	202506	2025	2025.4466	LAB	WORKER						LAB			JUD	JUDGE						JUD			0	036	036	03	1	4.0	2	1	2	-3.45710627400769	3	Dover, Florida, United States	US	USFL	FL057	27.9942	-82.2195	281733	2	Florida, United States	US	USFL		27.8333	-81.717	FL	3	Dover, Florida, United States	US	USFL	FL057	27.9942	-82.2195	281733	20250613230000	https://www.yahoo.com/news/lawmakers-seal-lean-budget-deal-221435453.html
1249589019	20250613	202506	2025	2025.4466	LAB	WORKER						LAB			JUD	JUDGE						JUD			0	036	036	03	1	4.0	3	1	3	-3.45710627400769	2	Florida, United States	US	USFL		27.8333	-81.717	FL	2	Florida, United States	US	USFL		27.8333	-81.717	FL	2	Florida, United States	US	USFL		27.8333	-81.717	FL	20250613230000	https://www.yahoo.com/news/lawmakers-seal-lean-budget-deal-221435453.html
1249589020	20250613	202506	2025	2025.4466	LAB	WORKER						LAB			USA	NEBRASKA	USA								1	042	042	04	1	1.9	1	1	1	-12.6520681265207	2	Nebraska, United States	US	USNE		41.1289	-98.2883	NE	2	Nebraska, United States	US	USNE		41.1289	-98.2883	NE	2	Nebraska, United States	US	USNE		41.1289	-98.2883	NE	20250613230000	https://www.yahoo.com/news/federal-officials-arrest-four-protesters-212859302.html
1249589021	20250613	202506	2025	2025.4466	LAB	WORKER						LAB			USA	NEBRASKA	USA								1	173	173	17	4	-5.0	1	1	1	-12.6520681265207	2	Nebraska, United States	US	USNE		41.1289	-98.2883	NE	2	Nebraska, United States	US	USNE		41.1289	-98.2883	NE	2	Nebraska, United States	US	USNE		41.1289	-98.2883	NE	20250613230000	https://www.yahoo.com/news/federal-officials-arrest-four-protesters-212859302.html
1249589022	20250613	202506	2025	2025.4466	LBN	LEBANESE	LBN								IRN	IRAN	IRN								0	111	111	11	3	-2.0	2	1	2	-7.86516853932584	1	Lebanon	LE	LE		33.833333	35.833333	LE	4	Tehran, Tehran, Iran	IR	IR26	41130	35.75	51.5148	10074674	1	Israel	IS	IS		31.5	34.75	IS	20250613230000	https://dunyanews.tv/en/World/889241-how-the-world-is-reacting-to-israel-attacks-on-iran-nuclear-military-
1249589023	20250613	202506	2025	2025.4466	LBN	LEBANON	LBN								IRN	IRAN	IRN								0	111	111	11	3	-2.0	1	1	1	-7.86516853932584	1	Lebanon	LE	LE		33.833333	35.833333	LE	4	Tehran, Tehran, Iran	IR	IR26	41130	35.75	51.5148	10074674	1	Lebanon	LE	LE		33.833333	35.833333	LE	20250613230000	https://dunyanews.tv/en/World/889241-how-the-world-is-reacting-to-israel-attacks-on-iran-nuclear-military-
1249589024	20250613	202506	2025	2025.4466	LBN	LEBANESE	LBN								USA	WASHINGTON	USA								0	1123	112	11	3	-2.0	5	1	5	-8.61244019138756	1	Lebanon	LE	LE		33.833333	35.833333	LE	3	Washington, District of Columbia, United States	US	USDC	DC001	38.8951	-77.0364	531871	3	Washington, District of Columbia, United States	US	USDC	DC001	38.8951	-77.0364	531871	20250613230000	https://www.algemeiner.com/2025/06/13/hezbollah-holds-fire-israeli-strike-iran-signaling-weakened-posture-amid-pressure-lebanese-government/
1249589025	20250613	202506	2025	2025.4466	LBN	LEBANON	LBN								USA	UNITED STATES	USA								0	1123	112	11	3	-2.0	2	1	2	-8.61244019138756	1	Lebanon	LE	LE		33.833333	35.833333	LE	3	Washington, District of Columbia, United States	US	USDC	DC001	38.8951	-77.0364	531871	1	Lebanon	LE	LE		33.833333	35.833333	LE	20250613230000	https://www.algemeiner.com/2025/06/13/hezbollah-holds-fire-israeli-strike-iran-signaling-weakened-posture-amid-pressure-lebanese-government/
1249589026	20250613	202506	2025	2025.4466	LBN	LEBANESE	LBN								USA	WASHINGTON	USA								0	1123	112	11	3	-2.0	1	1	1	-8.61244019138756	1	Lebanon	LE	LE		33.833333	35.833333	LE	1	Lebanon	LE	LE		33.833333	35.833333	LE	1	Lebanon	LE	LE		33.833333	35.833333	LE	20250613230000	https://www.algemeiner.com/2025/06/13/hezbollah-holds-fire-israeli-strike-iran-signaling-weakened-posture-amid-pressure-lebanese-government/
1249589027	20250613	202506	2025	2025.4466	LEG	PARLIAMENT						LEG													0	010	010	01	1	0.0	10	1	10	1.91082802547771	4	Nyamira, Nyanza, Kenya	KE	KE07	18585	-0.083333	34.25	-2259950	0								4	Nyamira, Nyanza, Kenya	KE	KE07	18585	-0.083333	34.25	-2259950	20250613230000	https://citizen.digital/news/dp-kindiki-kenyas-mr-money-bags-splashing-nearly-ksh100m-a-week-n364602
1249589028	20250613	202506	2025	2025.4466	LEG	LEGISLATOR						LEG													0	012	012	01	1	-0.4	5	1	5	-0.35971223021583	2	Arkansas, United States	US	USAR		34.9513	-92.3809	AR	0								2	Arkansas, United States	US	USAR		34.9513	-92.3809	AR	20250613230000	https://www.wbrz.com/news/expect-another-effort-to-limit-chain-drug-stores-affiliated-with-pharmacy-benefit-managers
1249589029	20250613	202506	2025	2025.4466	LEG	PARLIAMENT						LEG													1	040	040	04	1	1.0	6	1	6	-5.72139303482587	4	Effutu, Ghana (general), Ghana	GH	GH00	16602	5.20223	-1.32381	-2072790	0								4	Effutu, Ghana (general), Ghana	GH	GH00	16602	5.20223	-1.32381	-2072790	20250613230000	https://www.ghanamma.com/2025/06/13/afenyo-markin-challenges-ahiafors-decision-to-block-the-motion-to-revoke-employment/
1249589030	20250613	202506	2025	2025.4466	LEG	LAWMAKER						LEG													1	040	040	04	1	1.0	5	1	5	0.73982737361282	2	Arizona, United States	US	USAZ		33.7712	-111.388	AZ	0								2	Arizona, United States	US	USAZ		33.7712	-111.388	AZ	20250613230000	https://www.kjzz.org/the-show/2025-06-13/kjzzs-friday-newscap-hobbs-says-house-budget-is-doa-but-it-added-pressure-to-negotiations
1249589031	20250613	202506	2025	2025.4466	LEG	UPPER HOUSE						LEG													1	040	040	04	1	1.0	5	1	5	-1.76600441501103	1	Grenada	GJ	GJ		12.116667	-61.666667	GJ	0								1	Grenada	GJ	GJ		12.116667	-61.666667	GJ	20250613230000	https://nowgrenada.com/2025/06/banking-act-amendment-provides-fine-for-violating-code-of-conduct/
1249589032	20250613	202506	2025	2025.4466	LEG	SENATE						LEG													1	043	043	04	1	2.8	1	1	1	3.125	3	Dayton, Ohio, United States	US	USOH	OH113	39.7589	-84.1916	1064514	0								3	Dayton, Ohio, United States	US	USOH	OH113	39.7589	-84.1916	1064514	20250613230000	https://www.yahoo.com/news/wright-flyer-iii-now-ohio-201359971.html
1249589033	20250613	202506	2025	2025.4466	LEG	SENATE						LEG													0	050	050	05	1	3.5	2	1	2	-3.45710627400769	3	Clearwater, Florida, United States	US	USFL	FL103	27.9659	-82.8001	280543	0								3	Clearwater, Florida, United States	US	USFL	FL103	27.9659	-82.8001	280543	20250613230000	https://www.yahoo.com/news/lawmakers-seal-lean-budget-deal-221435453.html
1249589034	20250613	202506	2025	2025.4466	LEG	SENATE						LEG													0	050	050	05	1	3.5	3	1	3	-3.45710627400769	3	Wauchula, Florida, United States	US	USFL	FL049	27.5473	-81.8115	292949	0								3	Wauchula, Florida, United States	US	USFL	FL049	27.5473	-81.8115	292949	20250613230000	https://www.yahoo.com/news/lawmakers-seal-lean-budget-deal-221435453.html
1249589035	20250613	202506	2025	2025.4466	LEG	LAWMAKER						LEG													1	057	057	05	1	8.0	3	1	3	-3.45710627400769	3	Wauchula, Florida, United States	US	USFL	FL049	27.5473	-81.8115	292949	0								3	Wauchula, Florida, United States	US	USFL	FL049	27.5473	-81.8115	292949	20250613230000	https://www.yahoo.com/news/lawmakers-seal-lean-budget-deal-221435453.html
1249589036	20250613	202506	2025	2025.4466	LEG	LAWMAKER						LEG													1	057	057	05	1	8.0	2	1	2	-3.45710627400769	2	Florida, United States	US	USFL		27.8333	-81.717	FL	0								2	Florida, United States	US	USFL		27.8333	-81.717	FL	20250613230000	https://www.yahoo.com/news/lawmakers-seal-lean-budget-deal-221435453.html
1249589037	20250613	202506	2025	2025.4466	LEG	PARLIAMENT						LEG													0	070	070	07	2	7.0	10	1	10	1.91082802547771	4	Nyamira, Nyanza, Kenya	KE	KE07	18585	-0.083333	34.25	-2259950	0								4	Nyamira, Nyanza, Kenya	KE	KE07	18585	-0.083333	34.25	-2259950	20250613230000	https://citizen.digital/news/dp-kindiki-kenyas-mr-money-bags-splashing-nearly-ksh100m-a-week-n364602
1249589038	20250613	202506	2025	2025.4466	LEG	LEGISLATURE						LEG													0	129	129	12	3	-5.0	3	1	3	-3.45710627400769	3	Wauchula, Florida, United States	US	USFL	FL049	27.5473	-81.8115	292949	0								3	Wauchula, Florida, United States	US	USFL	FL049	27.5473	-81.8115	292949	20250613230000	https://www.yahoo.com/news/lawmakers-seal-lean-budget-deal-221435453.html
1249589039	20250613	202506	2025	2025.4466	LEG	LEGISLATURE						LEG													0	129	129	12	3	-5.0	2	1	2	-3.45710627400769	2	Florida, United States	US	USFL		27.8333	-81.717	FL	0								2	Florida, United States	US	USFL		27.8333	-81.717	FL	20250613230000	https://www.yahoo.com/news/lawmakers-seal-lean-budget-deal-221435453.html
1249589040	20250613	202506	2025	2025.4466	LEG	SENATE PRESIDENT						LEG													0	190	190	19	4	-10.0	4	1	4	-3.45710627400769	3	Wauchula, Florida, United States	US	USFL	FL049	27.5473	-81.8115	292949	0								3	Wauchula, Florida, United States	US	USFL	FL049	27.5473	-81.8115	292949	20250613230000	https://www.yahoo.com/news/lawmakers-seal-lean-budget-deal-221435453.html
1249589041	20250613	202506	2025	2025.4466	LEG	PARLIAMENT						LEG			GHA	GHANA	GHA								1	040	040	04	1	1.0	4	1	4	-5.72139303482587	4	Effutu, Ghana (general), Ghana	GH	GH00	16602	5.20223	-1.32381	-2072790	4	Effutu, Ghana (general), Ghana	GH	GH00	16602	5.20223	-1.32381	-2072790	4	Effutu, Ghana (general), Ghana	GH	GH00	16602	5.20223	-1.32381	-2072790	20250613230000	https://www.ghanamma.com/2025/06/13/afenyo-markin-challenges-ahiafors-decision-to-block-the-motion-to-revoke-employment/
1249589042	20250613	202506	2025	2025.4466	LEG	PARLIAMENT						LEG			GHAGOV	JOHN DRAMANI MAHAMA	GHA					GOV			1	050	050	05	1	3.5	5	1	5	4.76190476190476	0								0								0								20250613230000	https://www.ghanamma.com/2025/06/13/parliament-to-begin-vetting-of-seven-supreme-court-nominees-on-june-16/
1249589043	20250613	202506	2025	2025.4466	LEG	SENATE						LEG			ISR	ISRAEL	ISR								0	010	010	01	1	0.0	8	1	8	-3.47368421052632	4	Tehran, Tehran, Iran	IR	IR26	41130	35.75	51.5148	10074674	4	Jerusalem, Israel (general), Israel	IS	IS00	18315	31.7667	35.2333	-797092	4	Jerusalem, Israel (general), Israel	IS	IS00	18315	31.7667	35.2333	-797092	20250613230000	https://www.algemeiner.com/2025/06/13/us-lawmakers-offer-mixed-reactions-israeli-strikes-iranian-nuclear-sites/
1249589044	20250613	202506	2025	2025.4466	LEG	SENATE						LEG			ISR	ISRAEL	ISR								0	010	010	01	1	0.0	2	1	2	-3.47368421052632	3	White House, District of Columbia, United States	US	USDC		38.8951	-77.0364	531871	4	Tehran, Tehran, Iran	IR	IR26	41130	35.75	51.5148	10074674	4	Tehran, Tehran, Iran	IR	IR26	41130	35.75	51.5148	10074674	20250613230000	https://www.algemeiner.com/2025/06/13/us-lawmakers-offer-mixed-reactions-israeli-strikes-iranian-nuclear-sites/
1249589045	20250613	202506	2025	2025.4466	LEG	SENATE						LEG			JUD	HIGH COURT						JUD			1	020	020	02	1	3.0	2	1	2	-4.03726708074534	2	Georgia, United States	US	USGA		32.9866	-83.6487	GA	2	Georgia, United States	US	USGA		32.9866	-83.6487	GA	3	Fulton County, Georgia, United States	US	USGA		33.7668	-84.4499	1694833	20250613230000	https://gazette.com/news/wex/georgia-supreme-court-to-hear-fani-willis-state-senate-subpoena-fight/article_1d630c8a-cae0-5770-9791-e9c48ea1010d.html
1249589046	20250613	202506	2025	2025.4466	LEG	HOUSE OF REPRESENTATIVES						LEG			MED	MEDIA						MED			1	160	160	16	4	-4.0	10	1	10	0	0								0								0								20250613230000	https://www.yahoo.com/news/wqln-responds-house-reps-votes-194541929.html
1249589047	20250613	202506	2025	2025.4466	LEG	SENATOR						LEG			USA	UNITED STATES	USA								0	010	010	01	1	0.0	2	1	2	-5.65275908479139	2	Alabama, United States	US	USAL		32.799	-86.8073	AL	2	Alabama, United States	US	USAL		32.799	-86.8073	AL	2	California, United States	US	USCA		36.17	-119.746	CA	20250613230000	https://www.yahoo.com/news/social-media-erupts-dem-senator-201949391.html
1249589048	20250613	202506	2025	2025.4466	LEG	SENATE						LEG			USA	UNITED STATES	USA								1	043	043	04	1	2.8	6	1	6	3.125	3	Dayton, Ohio, United States	US	USOH	OH113	39.7589	-84.1916	1064514	3	Dayton, Ohio, United States	US	USOH	OH113	39.7589	-84.1916	1064514	3	Dayton, Ohio, United States	US	USOH	OH113	39.7589	-84.1916	1064514	20250613230000	https://www.yahoo.com/news/wright-flyer-iii-now-ohio-201359971.html
1249589049	20250613	202506	2025	2025.4466	LEG	SENATE						LEG			USA	OHIO	USA								1	043	043	04	1	2.8	1	1	1	3.125	3	Dayton, Ohio, United States	US	USOH	OH113	39.7589	-84.1916	1064514	2	Ohio, United States	US	USOH		40.3736	-82.7755	OH	3	Dayton, Ohio, United States	US	USOH	OH113	39.7589	-84.1916	1064514	20250613230000	https://www.yahoo.com/news/wright-flyer-iii-now-ohio-201359971.html
1249589050	20250613	202506	2025	2025.4466	LEG	CONGRESSWOMAN						LEG			USA	UNITED STATES	USA								1	180	180	18	4	-9.0	1	1	1	-6.67351129363449	2	New Jersey, United States	US	USNJ		40.314	-74.5089	NJ	2	New Jersey, United States	US	USNJ		40.314	-74.5089	NJ	2	New Jersey, United States	US	USNJ		40.314	-74.5089	NJ	20250613230000	https://www.yahoo.com/news/ice-breakout-jersey-symptom-democratic-203044939.html
1249589051	20250613	202506	2025	2025.4466	LEG	SENATE PRESIDENT						LEG			USA	UNITED STATES	USA								0	190	190	19	4	-10.0	4	1	4	-3.45710627400769	3	Wauchula, Florida, United States	US	USFL	FL049	27.5473	-81.8115	292949	3	Wauchula, Florida, United States	US	USFL	FL049	27.5473	-81.8115	292949	3	Wauchula, Florida, United States	US	USFL	FL049	27.5473	-81.8115	292949	20250613230000	https://www.yahoo.com/news/lawmakers-seal-lean-budget-deal-221435453.html
1249589052	20250613	202506	2025	2025.4466	MAR	MOROCCO	MAR								PRT	PORTUGUESE	PRT								1	043	043	04	1	2.8	1	1	1	0.86741016109046	1	Morocco	MO	MO		32	-5	MO	4	Assisi, Umbria, Italy	IT	IT18	18411	43.0667	12.6167	-110824	4	Lisbon, Lisboa, Portugal	PO	PO14	24830	38.7167	-9.13333	-2167973	20250613230000	https://www.catholicworldreport.com/2025/06/13/st-anthony-of-padua-considered-all-the-world-as-his-home-2/
1249589053	20250613	202506	2025	2025.4466	MDV	MALE	MDV								USA	BOSTON	USA								1	134	134	13	3	-5.8	10	1	10	-12	3	Boston, Massachusetts, United States	US	USMA	MA025	42.3584	-71.0598	617565	3	Boston, Massachusetts, United States	US	USMA	MA025	42.3584	-71.0598	617565	3	Boston, Massachusetts, United States	US	USMA	MA025	42.3584	-71.0598	617565	20250613230000	https://www.yahoo.com/news/boston-shooting-leaves-male-victim-204448976.html
1249589054	20250613	202506	2025	2025.4466	MED	MEDIA						MED													1	010	010	01	1	0.0	6	1	6	-4.24481737413622	3	Catholic University Of America, District of Columbia, United States	US	USDC	DC001	38.9329	-76.9978	531457	0								3	Catholic University Of America, District of Columbia, United States	US	USDC		38.9329	-76.9978	531457	20250613230000	https://www.catholicworldreport.com/2025/06/13/pro-life-sentiments-are-on-the-rise-according-to-gallup-poll/
1249589055	20250613	202506	2025	2025.4466	MED	TELEVISION						MED													1	020	020	02	1	3.0	10	1	10	-1.27551020408163	4	Government House, Hong Kong (general), Hong Kong	HK	HK00	13031	22.2667	114.15	237361	0								4	Government House, Hong Kong (general), Hong Kong	HK	HK00	13031	22.2667	114.15	237361	20250613230000	https://www.scmp.com/opinion/comment/article/3314420/anti-smoking-stand-tobacco-tycoon-lives-hong-kong
1249589056	20250613	202506	2025	2025.4466	MED	MEDIA						MED													1	0231	023	02	1	3.4	10	1	10	0.80213903743316	0								0								0								20250613230000	https://www.pressparty.com/pg/newsdesk/Freeform/view/466667/
1249589057	20250613	202506	2025	2025.4466	MED	MEDIA						MED													0	0833	083	08	2	5.0	5	1	5	-1.6973125884017	1	United States	US	US		39.828175	-98.5795	US	0								1	United States	US	US		39.828175	-98.5795	US	20250613230000	http://www.bahoneza.com/the-entitled-generation/
1249589058	20250613	202506	2025	2025.4466	MED	MEDIA						MED													1	084	084	08	2	7.0	5	1	5	0.555555555555556	2	Colorado, United States	US	USCO		39.0646	-105.327	CO	0								2	Colorado, United States	US	USCO		39.0646	-105.327	CO	20250613230000	https://www.reporterherald.com/2025/06/13/northern-water-raises-2025-delivery-quota-to-75/
1249589059	20250613	202506	2025	2025.4466	MED	TELEVISION						MED			BUS	AEROSPACE						BUS			1	036	036	03	1	4.0	5	1	5	3.95256916996047	4	New Delhi, Delhi, India	IN	IN07	17911	28.6	77.2	-2106102	4	New Delhi, Delhi, India	IN	IN07	17911	28.6	77.2	-2106102	4	New Delhi, Delhi, India	IN	IN07	17911	28.6	77.2	-2106102	20250613230000	https://www.alberta.ca/release.cfm?xID=934692E2DF747-056C-0065-440B822BEF4FB8FB
1249589060	20250613	202506	2025	2025.4466	MED	TELEVISION						MED			CHNJUD	CHINA	CHN					JUD			1	043	043	04	1	2.8	4	1	4	-5.22565320665083	2	Colorado, United States	US	USCO		39.0646	-105.327	CO	1	China	CH	CH		35	105	CH	1	China	CH	CH		35	105	CH	20250613230000	https://gazette.com/colorado_politics/mike-lindell-trial-defamation-jury/article_2e930563-43cd-5cb3-a695-6012392383a6.html
1249589061	20250613	202506	2025	2025.4466	MED	MEDIA						MED			COP	PRISON						COP			1	015	015	01	1	0.0	10	1	10	-7.03517587939699	1	United States	US	US		39.828175	-98.5795	US	1	United States	US	US		39.828175	-98.5795	US	1	United States	US	US		39.828175	-98.5795	US	20250613230000	https://www.wosu.org/news/2025-06-13/columbus-social-media-influencer-pleads-guilty-to-charges-related-to-ponzi-scheme
1249589062	20250613	202506	2025	2025.4466	MED	NEWSPAPER						MED			ISR	ISRAELI	ISR								1	182	182	18	4	-9.5	4	1	4	-6.9204152249135	4	Tel Aviv, Tel Aviv, Israel	IS	IS05	18316	32.0667	34.7667	-781545	4	Tel Aviv, Tel Aviv, Israel	IS	IS05	18316	32.0667	34.7667	-781545	4	Tel Aviv, Tel Aviv, Israel	IS	IS05	18316	32.0667	34.7667	-781545	20250613230000	https://www.aa.com.tr/en/middle-east/at-least-35-injured-as-iranian-missiles-hit-israel-media/3597600
1249589063	20250613	202506	2025	2025.4466	MED	NEWSPAPER						MED			ISR	ISRAELI	ISR								1	182	182	18	4	-9.5	4	1	4	-7.75193798449612	4	Tel Aviv, Tel Aviv, Israel	IS	IS05	18316	32.0667	34.7667	-781545	1	Iran	IR	IR		32	53	IR	4	Tel Aviv, Tel Aviv, Israel	IS	IS05	18316	32.0667	34.7667	-781545	20250613230000	https://thefrontierpost.com/at-least-35-injured-as-iranian-missiles-hit-israel-media/
1249589064	20250613	202506	2025	2025.4466	MED	TELEVISION						MED			JUD	ATTORNEY						JUD			1	043	043	04	1	2.8	6	1	6	-5.22565320665083	1	China	CH	CH		35	105	CH	1	China	CH	CH		35	105	CH	1	China	CH	CH		35	105	CH	20250613230000	https://gazette.com/colorado_politics/mike-lindell-trial-defamation-jury/article_2e930563-43cd-5cb3-a695-6012392383a6.html
1249589065	20250613	202506	2025	2025.4466	MED	MAGAZINE						MED			MDV	MALE	MDV								1	051	051	05	1	3.4	5	1	5	-0.15360983102919	4	London, London, City of, United Kingdom	UK	UKH9	40110	51.5	-0.116667	-2601889	4	London, London, City of, United Kingdom	UK	UKH9	40110	51.5	-0.116667	-2601889	4	London, London, City of, United Kingdom	UK	UKH9	40110	51.5	-0.116667	-2601889	20250613230000	http://www.bahoneza.com/girls-vs-girls/
1249589066	20250613	202506	2025	2025.4466	MED	MEDIA						MED			NGA	ABUJA	NGA								1	010	010	01	1	0.0	6	1	6	-9.2	4	Niger Delta, Nigeria (general), Nigeria	NI	NI00	23074	4.83333	6	-2020890	4	Abuja, Abuja Federal Capital Territory, Nigeria	NI	NI11	191147	9.08333	7.53333	-1997013	4	Abuja, Abuja Federal Capital Territory, Nigeria	NI	NI11	191147	9.08333	7.53333	-1997013	20250613230000	https://www.nationalaccordnewspaper.com/military-deactivates-21-illegal-refineries-nabs-23-oil-thieves-in-niger-delta/
1249589067	20250613	202506	2025	2025.4466	MED	MEDIA						MED			OPP	DEMONSTRATOR						OPP			0	020	020	02	1	3.0	10	1	10	-4.62633451957296	2	Iowa, United States	US	USIA		42.0046	-93.214	IA	2	Iowa, United States	US	USIA		42.0046	-93.214	IA	2	Iowa, United States	US	USIA		42.0046	-93.214	IA	20250613230000	https://www.baltimoresun.com/2025/06/13/why-baltimore-ice-protests-remained-non-violent/
1249589068	20250613	202506	2025	2025.4466	MED	MEDIA						MED			USA	COLUMBUS	USA								1	112	112	11	3	-2.0	10	1	10	-7.03517587939699	1	United States	US	US		39.828175	-98.5795	US	1	United States	US	US		39.828175	-98.5795	US	1	United States	US	US		39.828175	-98.5795	US	20250613230000	https://www.wosu.org/news/2025-06-13/columbus-social-media-influencer-pleads-guilty-to-charges-related-to-ponzi-scheme
1249589069	20250613	202506	2025	2025.4466	MED	NEWSPAPER						MED			USA	LOS ANGELES	USA								1	141	141	14	3	-6.5	6	1	6	-4.69135802469136	3	Camarillo, California, United States	US	USCA	CA111	34.2164	-119.038	1652682	3	Los Angeles City Hall, California, United States	US	USCA		34.0536	-118.243	1682200	3	Los Angeles City Hall, California, United States	US	USCA		34.0536	-118.243	1682200	20250613230000	https://www.mpacorn.com/articles/local-officials-slam-ice-enforcement/
1249589070	20250613	202506	2025	2025.4466	MEX	MEXICO	MEX																		1	010	010	01	1	0.0	2	1	2	1.03359173126615	2	Virginia, United States	US	USVA		37.768	-78.2057	VA	0								2	Virginia, United States	US	USVA		37.768	-78.2057	VA	20250613230000	https://ew.com/def-leppard-guitarist-vivian-campbell-remission-cancer-11754697
1249589071	20250613	202506	2025	2025.4466	MEX	MEXICO	MEX								COP	POLICE						COP			0	010	010	01	1	0.0	4	1	4	-7.86516853932585	4	El Diablo, Chihuahua, Mexico	MX	MX06	19734	30.3167	-106.233	-3851595	4	El Diablo, Chihuahua, Mexico	MX	MX06	19734	30.3167	-106.233	-3851595	4	El Diablo, Chihuahua, Mexico	MX	MX06	19734	30.3167	-106.233	-3851595	20250613230000	https://www.yahoo.com/news/did-mexican-cop-kill-25-214808130.html
1249589072	20250613	202506	2025	2025.4466	MEX	MEXICO	MEX								JUD	PROSECUTOR						JUD			0	043	043	04	1	2.8	3	1	3	-7.86516853932585	4	El Diablo, Chihuahua, Mexico	MX	MX06	19734	30.3167	-106.233	-3851595	4	El Diablo, Chihuahua, Mexico	MX	MX06	19734	30.3167	-106.233	-3851595	4	El Diablo, Chihuahua, Mexico	MX	MX06	19734	30.3167	-106.233	-3851595	20250613230000	https://www.yahoo.com/news/did-mexican-cop-kill-25-214808130.html
1249589073	20250613	202506	2025	2025.4466	MEX	MEXICAN	MEX								MEXCOP	MEXICO	MEX					COP			1	173	173	17	4	-5.0	4	1	4	-7.86516853932585	4	El Diablo, Chihuahua, Mexico	MX	MX06	19734	30.3167	-106.233	-3851595	4	El Diablo, Chihuahua, Mexico	MX	MX06	19734	30.3167	-106.233	-3851595	4	El Diablo, Chihuahua, Mexico	MX	MX06	19734	30.3167	-106.233	-3851595	20250613230000	https://www.yahoo.com/news/did-mexican-cop-kill-25-214808130.html
1249589074	20250613	202506	2025	2025.4466	MEX	MEXICO	MEX								MEXCOP	MEXICO	MEX					COP			1	190	190	19	4	-10.0	4	1	4	-7.86516853932585	4	El Diablo, Chihuahua, Mexico	MX	MX06	19734	30.3167	-106.233	-3851595	4	El Diablo, Chihuahua, Mexico	MX	MX06	19734	30.3167	-106.233	-3851595	4	El Diablo, Chihuahua, Mexico	MX	MX06	19734	30.3167	-106.233	-3851595	20250613230000	https://www.yahoo.com/news/did-mexican-cop-kill-25-214808130.html
1249589075	20250613	202506	2025	2025.4466	MEX	MEXICO	MEX								MEXCOP	MEXICO	MEX					COP			1	193	193	19	4	-10.0	4	1	4	-7.86516853932585	4	El Diablo, Chihuahua, Mexico	MX	MX06	19734	30.3167	-106.233	-3851595	4	El Diablo, Chihuahua, Mexico	MX	MX06	19734	30.3167	-106.233	-3851595	4	El Diablo, Chihuahua, Mexico	MX	MX06	19734	30.3167	-106.233	-3851595	20250613230000	https://www.yahoo.com/news/did-mexican-cop-kill-25-214808130.html
1249589076	20250613	202506	2025	2025.4466	MEX	MEXICAN	MEX								MEXGOV	MEXICAN	MEX					GOV			0	020	020	02	1	3.0	3	1	3	-5.67612687813022	4	Zapotitlan Palmas, Oaxaca, Mexico	MX	MX20	20555	17.9	-97.8167	-1709215	4	Zapotitlan Palmas, Oaxaca, Mexico	MX	MX20	20555	17.9	-97.8167	-1709215	4	Zapotitlan Palmas, Oaxaca, Mexico	MX	MX20	20555	17.9	-97.8167	-1709215	20250613230000	https://www.fox19.com/2025/06/13/butler-county-murder-trial-mexican-police-officer-ends-guilty-verdict/
1249589077	20250613	202506	2025	2025.4466	MEX	MEXICAN	MEX								MEXGOV	MEXICO	MEX					GOV			0	020	020	02	1	3.0	2	1	2	-5.67612687813022	4	Zapotitlan Palmas, Oaxaca, Mexico	MX	MX20	20555	17.9	-97.8167	-1709215	4	Zapotitlan Palmas, Oaxaca, Mexico	MX	MX20	20555	17.9	-97.8167	-1709215	3	Butler County, Ohio, United States	US	USOH		39.4501	-84.5666	1074021	20250613230000	https://www.fox19.com/2025/06/13/butler-county-murder-trial-mexican-police-officer-ends-guilty-verdict/
1249589078	20250613	202506	2025	2025.4466	MEX	MEXICO	MEX								USA	UNITED STATES	USA								1	042	042	04	1	1.9	4	1	4	-5.67612687813022	4	El Diablo, Chihuahua, Mexico	MX	MX06	19734	30.3167	-106.233	-3851595	3	Butler County, Ohio, United States	US	USOH		39.4501	-84.5666	1074021	4	El Diablo, Chihuahua, Mexico	MX	MX06	19734	30.3167	-106.233	-3851595	20250613230000	https://www.fox19.com/2025/06/13/butler-county-murder-trial-mexican-police-officer-ends-guilty-verdict/
1249589079	20250613	202506	2025	2025.4466	MEXCOP	MEXICO	MEX					COP													1	173	173	17	4	-5.0	1	1	1	-5.67612687813022	4	Zapotitlan Palmas, Oaxaca, Mexico	MX	MX20	20555	17.9	-97.8167	-1709215	0								4	Zapotitlan Palmas, Oaxaca, Mexico	MX	MX20	20555	17.9	-97.8167	-1709215	20250613230000	https://www.fox19.com/2025/06/13/butler-county-murder-trial-mexican-police-officer-ends-guilty-verdict/
1249589080	20250613	202506	2025	2025.4466	MEXCOP	MEXICO	MEX					COP													1	173	173	17	4	-5.0	2	1	2	-5.67612687813022	4	El Diablo, Chihuahua, Mexico	MX	MX06	19734	30.3167	-106.233	-3851595	0								4	El Diablo, Chihuahua, Mexico	MX	MX06	19734	30.3167	-106.233	-3851595	20250613230000	https://www.fox19.com/2025/06/13/butler-county-murder-trial-mexican-police-officer-ends-guilty-verdict/
1249589081	20250613	202506	2025	2025.4466	MEXGOV	MEXICO	MEX					GOV													0	020	020	02	1	3.0	2	1	2	-5.67612687813022	4	Zapotitlan Palmas, Oaxaca, Mexico	MX	MX20	20555	17.9	-97.8167	-1709215	0								3	Butler County, Ohio, United States	US	USOH		39.4501	-84.5666	1074021	20250613230000	https://www.fox19.com/2025/06/13/butler-county-murder-trial-mexican-police-officer-ends-guilty-verdict/
1249589082	20250613	202506	2025	2025.4466	MEXJUD	MEXICO	MEX					JUD													0	090	090	09	2	-2.0	2	1	2	-7.86516853932585	4	El Diablo, Chihuahua, Mexico	MX	MX06	19734	30.3167	-106.233	-3851595	0								4	El Diablo, Chihuahua, Mexico	MX	MX06	19734	30.3167	-106.233	-3851595	20250613230000	https://www.yahoo.com/news/did-mexican-cop-kill-25-214808130.html
1249589083	20250613	202506	2025	2025.4466	MIL	MILITARY						MIL													1	010	010	01	1	0.0	8	1	8	-3.73134328358209	4	Kukawa, Yobe, Nigeria	NI	NI44	191085	11.1057	11.9019	-2015694	0								4	Kukawa, Yobe, Nigeria	NI	NI44	191085	11.1057	11.9019	-2015694	20250613230000	https://www.nationalaccordnewspaper.com/how-troops-arrested-chinese-national-during-counter-terrorism-operations-in-borno-dhq/
1249589084	20250613	202506	2025	2025.4466	MIL	MILITARY						MIL													1	010	010	01	1	0.0	5	1	5	0.48780487804878	4	Anadolu, Turkey (general), Turkey	TU	TU00	28356	39	35	-735281	0								4	Anadolu, Turkey (general), Turkey	TU	TU00	28356	39	35	-735281	20250613230000	https://www.aa.com.tr/en/europe/russia-tests-advanced-laser-systems-to-counter-drones/3597153
1249589085	20250613	202506	2025	2025.4466	MIL	AIR FORCE						MIL													1	010	010	01	1	0.0	6	1	6	0.81632653061224	3	Vance Air Force Base, Oklahoma, United States	US	USOK	OK047	36.3411	-97.907	1102463	0								3	Vance Air Force Base, Oklahoma, United States	US	USOK		36.3411	-97.907	1102463	20250613230000	https://www.yahoo.com/news/air-force-relieves-commander-pilot-211100659.html
1249589086	20250613	202506	2025	2025.4466	MIL	MILITARY						MIL													1	010	010	01	1	0.0	2	1	2	-3.73134328358209	4	Yobe, Xizang, China	CH	CH14	13298	28.405	92.105	11325115	0								4	Yobe, Xizang, China	CH	CH14	13298	28.405	92.105	11325115	20250613230000	https://www.nationalaccordnewspaper.com/how-troops-arrested-chinese-national-during-counter-terrorism-operations-in-borno-dhq/
1249589087	20250613	202506	2025	2025.4466	MIL	MILITARY						MIL													0	012	012	01	1	-0.4	5	1	5	-1.36986301369863	2	Nevada, United States	US	USNV		38.4199	-117.122	NV	0								2	Nevada, United States	US	USNV		38.4199	-117.122	NV	20250613230000	https://www.scmp.com/opinion/article/3314416/sorry-there-are-no-ufos-just-vast-us-deep-state-conspiracy
1249589088	20250613	202506	2025	2025.4466	MIL	NAVY						MIL													0	046	046	04	1	7.0	3	1	3	-0.60753341433779	3	Chicago, Illinois, United States	US	USIL	IL031	41.85	-87.6501	423587	0								3	Chicago, Illinois, United States	US	USIL	IL031	41.85	-87.6501	423587	20250613230000	https://www.cnn.com/2025/06/13/us/angelina-resendiz-navy-sailor-death
1249589089	20250613	202506	2025	2025.4466	MIL	MILITARY						MIL													0	051	051	05	1	3.4	5	1	5	-3.73134328358209	4	Kukawa, Yobe, Nigeria	NI	NI44	191085	11.1057	11.9019	-2015694	0								4	Kukawa, Yobe, Nigeria	NI	NI44	191085	11.1057	11.9019	-2015694	20250613230000	https://www.nationalaccordnewspaper.com/how-troops-arrested-chinese-national-during-counter-terrorism-operations-in-borno-dhq/
1249589090	20250613	202506	2025	2025.4466	MIL	MILITARY						MIL													0	051	051	05	1	3.4	4	1	4	-5.10855683269477	4	Kirkwall, Orkney Islands, United Kingdom	UK	UKV9	40174	58.9667	-2.95	-2600430	0								4	Kirkwall, Orkney Islands, United Kingdom	UK	UKV9	40174	58.9667	-2.95	-2600430	20250613230000	https://www.dailymail.co.uk/news/article-14811003/How-coldblooded-restaurant-murder-popular-waiter-left-peaceful-island-community-living-fear.html
1249589091	20250613	202506	2025	2025.4466	MIL	ARMY						MIL													1	051	051	05	1	3.4	6	1	6	1.5576323987539	3	Capitol Hill, District of Columbia, United States	US	USDC	DC001	38.889	-77.0003	529313	0								3	Capitol Hill, District of Columbia, United States	US	USDC		38.889	-77.0003	529313	20250613230000	https://www.yahoo.com/news/military-parade-set-saturday-202948830.html
1249589092	20250613	202506	2025	2025.4466	MIL	MILITARY						MIL													0	051	051	05	1	3.4	6	1	6	-5.10855683269477	1	Iraq	IZ	IZ		33	44	IZ	0								1	Iraq	IZ	IZ		33	44	IZ	20250613230000	https://www.dailymail.co.uk/news/article-14811003/How-coldblooded-restaurant-murder-popular-waiter-left-peaceful-island-community-living-fear.html
1249589093	20250613	202506	2025	2025.4466	MIL	AIR FORCE						MIL													1	060	060	06	2	6.0	6	1	6	0.81632653061224	3	Vance Air Force Base, Oklahoma, United States	US	USOK	OK047	36.3411	-97.907	1102463	0								3	Vance Air Force Base, Oklahoma, United States	US	USOK		36.3411	-97.907	1102463	20250613230000	https://www.yahoo.com/news/air-force-relieves-commander-pilot-211100659.html
1249589094	20250613	202506	2025	2025.4466	MIL	ARMY						MIL													1	072	072	07	2	8.3	10	1	10	-5.62130177514793	2	Mississippi, United States	US	USMS		32.7673	-89.6812	MS	0								2	Mississippi, United States	US	USMS		32.7673	-89.6812	MS	20250613230000	https://nypost.com/2025/06/13/opinion/anti-ice-rioters-are-just-as-out-of-line-as-anti-black-racists-in-62/
1249589095	20250613	202506	2025	2025.4466	MIL	MILITARY						MIL													0	150	150	15	4	-7.2	10	1	10	-5.10855683269477	4	Kirkwall, Orkney Islands, United Kingdom	UK	UKV9	40174	58.9667	-2.95	-2600430	0								4	Kirkwall, Orkney Islands, United Kingdom	UK	UKV9	40174	58.9667	-2.95	-2600430	20250613230000	https://www.dailymail.co.uk/news/article-14811003/How-coldblooded-restaurant-murder-popular-waiter-left-peaceful-island-community-living-fear.html
1249589096	20250613	202506	2025	2025.4466	MIL	COMMANDING OFFICER						MIL			BGD	BANGLADESH	BGD								1	192	192	19	4	-9.5	5	1	5	-3.57142857142857	4	Moulvibazar, Sylhet, Bangladesh	BG	BG86	5822	24.4833	91.7833	-2737854	4	Moulvibazar, Sylhet, Bangladesh	BG	BG86	5822	24.4833	91.7833	-2737854	4	Moulvibazar, Sylhet, Bangladesh	BG	BG86	5822	24.4833	91.7833	-2737854	20250613230000	https://banglamirrornews.com/2025/06/13/13-push-ins-detained-by-bgb-in-moulvibazar/
1249589097	20250613	202506	2025	2025.4466	MIL	BORDER SECURITY						MIL			BGDMIL	BANGLADESH	BGD					MIL			1	173	173	17	4	-5.0	10	1	10	-3.57142857142857	4	Moulvibazar, Sylhet, Bangladesh	BG	BG86	5822	24.4833	91.7833	-2737854	4	Moulvibazar, Sylhet, Bangladesh	BG	BG86	5822	24.4833	91.7833	-2737854	4	Moulvibazar, Sylhet, Bangladesh	BG	BG86	5822	24.4833	91.7833	-2737854	20250613230000	https://banglamirrornews.com/2025/06/13/13-push-ins-detained-by-bgb-in-moulvibazar/
1249589098	20250613	202506	2025	2025.4466	MIL	MILITARY						MIL			GOVMIL	DEPARTMENT OF DEFENSE						GOV	MIL		1	057	057	05	1	8.0	10	1	10	1.66051660516605	1	Qatar	QA	QA		25.5	51.25	QA	1	Qatar	QA	QA		25.5	51.25	QA	1	Qatar	QA	QA		25.5	51.25	QA	20250613230000	https://geeknewscentral.com/2025/06/13/meta-announces-a-14-39-investment-in-scale-ai-and-hires-ceo-alexandr-wang-to-oversee-its-efforts/
1249589099	20250613	202506	2025	2025.4466	MIL	ARMED FORCES						MIL			IRN	IRANIAN	IRN								1	112	112	11	3	-2.0	6	1	6	-3.14685314685314	4	Tehran, Tehran, Iran	IR	IR26	41130	35.75	51.5148	10074674	4	Tehran, Tehran, Iran	IR	IR26	41130	35.75	51.5148	10074674	4	Tehran, Tehran, Iran	IR	IR26	41130	35.75	51.5148	10074674	20250613230000	https://dunyanews.tv/en/World/889243-in-televised-message-to-nation-khamenei-says-life-will-turn-bleak-for
1249589100	20250613	202506	2025	2025.4466	MIL	MILITARY						MIL			IRNMIL	IRAN	IRN					MIL			0	154	154	15	4	-7.2	8	1	8	-5.81395348837209	4	Tehran, Tehran, Iran	IR	IR26	41130	35.75	51.5148	10074674	4	Tehran, Tehran, Iran	IR	IR26	41130	35.75	51.5148	10074674	4	Tehran, Tehran, Iran	IR	IR26	41130	35.75	51.5148	10074674	20250613230000	https://www.nationalaccordnewspaper.com/israeli-strikes-claim-78-lives-in-tehran-as-iran-appoints-new-military-chiefs/
1249589101	20250613	202506	2025	2025.4466	MIL	MILITARY						MIL			IRNMIL	IRAN	IRN					MIL			0	154	154	15	4	-7.2	2	1	2	-5.81395348837209	1	Israel	IS	IS		31.5	34.75	IS	1	Israel	IS	IS		31.5	34.75	IS	1	Israel	IS	IS		31.5	34.75	IS	20250613230000	https://www.nationalaccordnewspaper.com/israeli-strikes-claim-78-lives-in-tehran-as-iran-appoints-new-military-chiefs/
1249589102	20250613	202506	2025	2025.4466	MIL	MILITARY						MIL			JEW	JEWISH				JEW					1	0871	087	08	2	9.0	8	1	8	-8.61244019138756	1	Israel	IS	IS		31.5	34.75	IS	1	Lebanon	LE	LE		33.833333	35.833333	LE	1	Lebanon	LE	LE		33.833333	35.833333	LE	20250613230000	https://www.algemeiner.com/2025/06/13/hezbollah-holds-fire-israeli-strike-iran-signaling-weakened-posture-amid-pressure-lebanese-government/
1249589103	20250613	202506	2025	2025.4466	MIL	MILITARY						MIL			JEW	JEWISH				JEW					1	0871	087	08	2	9.0	2	1	2	-8.61244019138756	1	Lebanon	LE	LE		33.833333	35.833333	LE	1	Lebanon	LE	LE		33.833333	35.833333	LE	1	Israel	IS	IS		31.5	34.75	IS	20250613230000	https://www.algemeiner.com/2025/06/13/hezbollah-holds-fire-israeli-strike-iran-signaling-weakened-posture-amid-pressure-lebanese-government/
1249589104	20250613	202506	2025	2025.4466	MIL	ARMED FORCES						MIL			MOS	ISLAMIC				MOS					0	010	010	01	1	0.0	3	1	3	-5.15463917525773	4	Tel Aviv, Tel Aviv, Israel	IS	IS05	18316	32.0667	34.7667	-781545	4	Tel Aviv, Tel Aviv, Israel	IS	IS05	18316	32.0667	34.7667	-781545	4	Tel Aviv, Tel Aviv, Israel	IS	IS05	18316	32.0667	34.7667	-781545	20250613230000	https://www.messenger-inquirer.com/news/national/iran-fires-back-at-israel-after-onslaught-targets-nuclear-facilities/article_894849f8-33eb-5e79-9daf-f6997d6b10d6.html
1249589105	20250613	202506	2025	2025.4466	MIL	MILITARY						MIL			REL	RELIGION									0	046	046	04	1	7.0	4	1	4	-8.57664233576642	4	Gaza, Israel (general), Israel	IS	IS00	18315	31.4167	34.3333	-797156	4	Gaza, Israel (general), Israel	IS	IS00	18315	31.4167	34.3333	-797156	4	Gaza, Israel (general), Israel	IS	IS00	18315	31.4167	34.3333	-797156	20250613230000	https://www.foxnews.com/politics/democratic-lawmakers-criticize-israels-defensive-strikes-irans-nuclear-sites
1249589106	20250613	202506	2025	2025.4466	MIL	MILITARY						MIL			REL	RELIGION									0	046	046	04	1	7.0	1	1	1	-8.57664233576642	4	Gaza, Israel (general), Israel	IS	IS00	18315	31.4167	34.3333	-797156	4	Gaza, Israel (general), Israel	IS	IS00	18315	31.4167	34.3333	-797156	4	Tehran, Tehran, Iran	IR	IR26	41130	35.75	51.5148	10074674	20250613230000	https://www.foxnews.com/politics/democratic-lawmakers-criticize-israels-defensive-strikes-irans-nuclear-sites
1249589107	20250613	202506	2025	2025.4466	MIL	MILITARY						MIL			UAF	FIGHTER						UAF			0	012	012	01	1	-0.4	5	1	5	-1.36986301369863	2	Nevada, United States	US	USNV		38.4199	-117.122	NV	2	Nevada, United States	US	USNV		38.4199	-117.122	NV	2	Nevada, United States	US	USNV		38.4199	-117.122	NV	20250613230000	https://www.scmp.com/opinion/article/3314416/sorry-there-are-no-ufos-just-vast-us-deep-state-conspiracy
1249589108	20250613	202506	2025	2025.4466	MIL	AIR FORCE						MIL			USA	UNITED STATES	USA								1	060	060	06	2	6.0	4	1	4	0.81632653061224	3	Vance Air Force Base, Oklahoma, United States	US	USOK	OK047	36.3411	-97.907	1102463	3	Vance Air Force Base, Oklahoma, United States	US	USOK		36.3411	-97.907	1102463	3	Vance Air Force Base, Oklahoma, United States	US	USOK		36.3411	-97.907	1102463	20250613230000	https://www.yahoo.com/news/air-force-relieves-commander-pilot-211100659.html
1249589109	20250613	202506	2025	2025.4466	MIL	MARINES						MIL			USA	UNITED STATES	USA								0	115	115	11	3	-2.0	2	1	2	-1.81582360570688	3	White House, District of Columbia, United States	US	USDC		38.8951	-77.0364	531871	3	White House, District of Columbia, United States	US	USDC		38.8951	-77.0364	531871	3	White House, District of Columbia, United States	US	USDC		38.8951	-77.0364	531871	20250613230000	https://chicago.suntimes.com/columnists/2025/06/13/chicago-state-brace-for-intense-ice-activity
1249589110	20250613	202506	2025	2025.4466	MIL	MARINES						MIL			USA	UNITED STATES	USA								0	115	115	11	3	-2.0	2	1	2	-1.81582360570688	3	White House, District of Columbia, United States	US	USDC		38.8951	-77.0364	531871	2	California, United States	US	USCA		36.17	-119.746	CA	2	California, United States	US	USCA		36.17	-119.746	CA	20250613230000	https://chicago.suntimes.com/columnists/2025/06/13/chicago-state-brace-for-intense-ice-activity
1249589111	20250613	202506	2025	2025.4466	MIL	MARINES						MIL			USA	ILLINOIS	USA								0	115	115	11	3	-2.0	6	1	6	-1.81582360570688	2	California, United States	US	USCA		36.17	-119.746	CA	2	California, United States	US	USCA		36.17	-119.746	CA	2	California, United States	US	USCA		36.17	-119.746	CA	20250613230000	https://chicago.suntimes.com/columnists/2025/06/13/chicago-state-brace-for-intense-ice-activity
1249589112	20250613	202506	2025	2025.4466	MIL	AIR FORCE						MIL			USA	UNITED STATES	USA								1	128	128	12	3	-5.0	4	1	4	0.81632653061224	3	Vance Air Force Base, Oklahoma, United States	US	USOK	OK047	36.3411	-97.907	1102463	3	Vance Air Force Base, Oklahoma, United States	US	USOK		36.3411	-97.907	1102463	3	Vance Air Force Base, Oklahoma, United States	US	USOK		36.3411	-97.907	1102463	20250613230000	https://www.yahoo.com/news/air-force-relieves-commander-pilot-211100659.html
1249589113	20250613	202506	2025	2025.4466	MILJUD	MILITARY JUSTICE						MIL	JUD												1	010	010	01	1	0.0	5	1	5	-0.60753341433779	2	Virginia, United States	US	USVA		37.768	-78.2057	VA	0								2	Virginia, United States	US	USVA		37.768	-78.2057	VA	20250613230000	https://www.cnn.com/2025/06/13/us/angelina-resendiz-navy-sailor-death
1249589114	20250613	202506	2025	2025.4466	MNCUSA	BOEING	USA					MNC			GBR	UNITED KINGDOM	GBR								1	043	043	04	1	2.8	4	1	4	-2.89156626506024	4	Ahmedabad, Gujarat, India	IN	IN09	17644	23.0333	72.6167	-2088270	4	London, London, City of, United Kingdom	UK	UKH9	40110	51.5	-0.116667	-2601889	1	United States	US	US		39.828175	-98.5795	US	20250613230000	https://www.deccanchronicle.com/nation/current-affairs/dvr-black-box-recovered-dgca-orders-enhanced-inspection-of-air-india-boeings-1885072
1249589115	20250613	202506	2025	2025.4466	MNCUSA	BOEING	USA					MNC			USA	UNITED STATES	USA								1	043	043	04	1	2.8	2	1	2	-2.89156626506024	4	Ahmedabad, Gujarat, India	IN	IN09	17644	23.0333	72.6167	-2088270	4	London, London, City of, United Kingdom	UK	UKH9	40110	51.5	-0.116667	-2601889	1	United States	US	US		39.828175	-98.5795	US	20250613230000	https://www.deccanchronicle.com/nation/current-affairs/dvr-black-box-recovered-dgca-orders-enhanced-inspection-of-air-india-boeings-1885072
1249589116	20250613	202506	2025	2025.4466	MNCUSA	BOEING	USA					MNC			USA	UNITED STATES	USA								1	043	043	04	1	2.8	2	1	2	-2.89156626506024	4	Ahmedabad, Gujarat, India	IN	IN09	17644	23.0333	72.6167	-2088270	1	United States	US	US		39.828175	-98.5795	US	1	United States	US	US		39.828175	-98.5795	US	20250613230000	https://www.deccanchronicle.com/nation/current-affairs/dvr-black-box-recovered-dgca-orders-enhanced-inspection-of-air-india-boeings-1885072
1249589117	20250613	202506	2025	2025.4466	MOS	IMAM				MOS					IRN	IRANIAN	IRN								1	010	010	01	1	0.0	1	1	1	-6.12244897959184	1	Iran	IR	IR		32	53	IR	1	Iran	IR	IR		32	53	IR	1	Iran	IR	IR		32	53	IR	20250613230000	https://www.islamicinvitationturkey.com/leader-imam-khamenei-iranian-military-will-defang-despicable-israeli-regime/
1249589118	20250613	202506	2025	2025.4466	MOS	IMAM				MOS					IRNMIL	IRANIAN	IRN					MIL			1	010	010	01	1	0.0	3	1	3	-6.12244897959184	1	Israel	IS	IS		31.5	34.75	IS	1	Iran	IR	IR		32	53	IR	1	Iran	IR	IR		32	53	IR	20250613230000	https://www.islamicinvitationturkey.com/leader-imam-khamenei-iranian-military-will-defang-despicable-israeli-regime/
1249589119	20250613	202506	2025	2025.4466	MYS	MALAYSIA	MYS								IGOSEAASN	ASEAN	SEA	ASN				IGO			1	014	014	01	1	0.0	2	1	2	3.38164251207729	1	China	CH	CH		35	105	CH	1	China	CH	CH		35	105	CH	1	China	CH	CH		35	105	CH	20250613230000	https://en.vietnamplus.vn/asean-poised-for-greater-role-in-global-economy-post320961.vnp
1249589120	20250613	202506	2025	2025.4466	NGA	NIGERIA	NGA								AGR	FARMER						AGR			1	020	020	02	1	3.0	1	1	1	7.04845814977974	4	Owerri, Imo, Nigeria	NI	NI28	191356	5.48333	7.03041	-2024488	4	Owerri, Imo, Nigeria	NI	NI28	191356	5.48333	7.03041	-2024488	4	Owerri, Imo, Nigeria	NI	NI28	191356	5.48333	7.03041	-2024488	20250613230000	https://www.nationalaccordnewspaper.com/cashew-boom-imo-records-8-6m-export-earnings-in-2024-nepc/
1249589121	20250613	202506	2025	2025.4466	NGA	NIGERIA	NGA								AGR	FARMER						AGR			1	020	020	02	1	3.0	8	1	8	7.04845814977974	4	Umuahia, Abia, Nigeria	NI	NI45	191355	5.52627	7.48959	-2029249	4	Umuahia, Abia, Nigeria	NI	NI45	191355	5.52627	7.48959	-2029249	4	Umuahia, Abia, Nigeria	NI	NI45	191355	5.52627	7.48959	-2029249	20250613230000	https://www.nationalaccordnewspaper.com/cashew-boom-imo-records-8-6m-export-earnings-in-2024-nepc/
1249589122	20250613	202506	2025	2025.4466	NGA	NIGERIA	NGA								BUS	TRADER						BUS			1	020	020	02	1	3.0	2	1	2	-3.63036303630363	4	Lagos, Lagos, Nigeria	NI	NI05	191416	6.45306	3.39583	-2017355	4	Lagos, Lagos, Nigeria	NI	NI05	191416	6.45306	3.39583	-2017355	4	Lagos, Lagos, Nigeria	NI	NI05	191416	6.45306	3.39583	-2017355	20250613230000	https://quicknews-africa.net/disasters-lawyer-advises-traders-to-embrace-insurance-policies/
1249589123	20250613	202506	2025	2025.4466	NGA	NIGERIA	NGA								BUS	TRADER						BUS			1	020	020	02	1	3.0	1	1	1	-3.63036303630363	5	Oyo State, Oyo, Nigeria	NI	NI32	191166	8	4	-2024630	5	Oyo State, Oyo, Nigeria	NI	NI32	191166	8	4	-2024630	5	Oyo State, Oyo, Nigeria	NI	NI32	191166	8	4	-2024630	20250613230000	https://quicknews-africa.net/disasters-lawyer-advises-traders-to-embrace-insurance-policies/
1249589124	20250613	202506	2025	2025.4466	NGA	ABUJA	NGA								CHN	CHINESE	CHN								1	173	173	17	4	-5.0	10	1	10	-3.73134328358209	4	Yobe, Xizang, China	CH	CH14	13298	28.405	92.105	11325115	4	Yobe, Xizang, China	CH	CH14	13298	28.405	92.105	11325115	4	Yobe, Xizang, China	CH	CH14	13298	28.405	92.105	11325115	20250613230000	https://www.nationalaccordnewspaper.com/how-troops-arrested-chinese-national-during-counter-terrorism-operations-in-borno-dhq/
1249589125	20250613	202506	2025	2025.4466	NGA	NIGERIA	NGA								GOV	GOVERNMENT						GOV			1	0234	023	02	1	3.4	4	1	4	-3.63036303630363	5	Oyo State, Oyo, Nigeria	NI	NI32	191166	8	4	-2024630	5	Oyo State, Oyo, Nigeria	NI	NI32	191166	8	4	-2024630	5	Oyo State, Oyo, Nigeria	NI	NI32	191166	8	4	-2024630	20250613230000	https://quicknews-africa.net/disasters-lawyer-advises-traders-to-embrace-insurance-policies/
1249589126	20250613	202506	2025	2025.4466	NGA	NIGERIA	NGA								GOV	GOVERNMENT						GOV			1	051	051	05	1	3.4	4	1	4	7.04845814977974	4	Owerri, Imo, Nigeria	NI	NI28	191356	5.48333	7.03041	-2024488	4	Owerri, Imo, Nigeria	NI	NI28	191356	5.48333	7.03041	-2024488	4	Owerri, Imo, Nigeria	NI	NI28	191356	5.48333	7.03041	-2024488	20250613230000	https://www.nationalaccordnewspaper.com/cashew-boom-imo-records-8-6m-export-earnings-in-2024-nepc/
1249589127	20250613	202506	2025	2025.4466	NGAGOV	NIGERIA	NGA					GOV			GOV	PRESIDENT						GOV			1	020	020	02	1	3.0	1	1	1	1.34529147982062	5	Lagos State, Lagos, Nigeria	NI	NI05	22927	6.58333	3.75	-2017361	5	Lagos State, Lagos, Nigeria	NI	NI05	22927	6.58333	3.75	-2017361	5	Lagos State, Lagos, Nigeria	NI	NI05	22927	6.58333	3.75	-2017361	20250613230000	https://www.nationalaccordnewspaper.com/tinubu-urged-to-declare-mko-abiola-ex-president/
1249589128	20250613	202506	2025	2025.4466	NGAOPP	LAGOS	NGA					OPP			GOV	GOVERNMENT						GOV			0	111	111	11	3	-2.0	8	1	8	-6.49558941459503	4	Lagos, Lagos, Nigeria	NI	NI05	191416	6.45306	3.39583	-2017355	4	Lagos, Lagos, Nigeria	NI	NI05	191416	6.45306	3.39583	-2017355	4	Lagos, Lagos, Nigeria	NI	NI05	191416	6.45306	3.39583	-2017355	20250613230000	https://www.okayafrica.com/today-in-africa-news-brief-2025/
1249589129	20250613	202506	2025	2025.4466	NGAOPP	LAGOS	NGA					OPP			NGA	NIGERIA	NGA								0	130	130	13	3	-4.4	10	1	10	-6.49558941459503	4	Lagos, Lagos, Nigeria	NI	NI05	191416	6.45306	3.39583	-2017355	4	Lagos, Lagos, Nigeria	NI	NI05	191416	6.45306	3.39583	-2017355	4	Lagos, Lagos, Nigeria	NI	NI05	191416	6.45306	3.39583	-2017355	20250613230000	https://www.okayafrica.com/today-in-africa-news-brief-2025/
1249589130	20250613	202506	2025	2025.4466	NGOCHR	HABITAT FOR HUMANITY				CHR		NGO													1	051	051	05	1	3.4	2	1	2	4.39560439560439	3	Vandalia, Ohio, United States	US	USOH	OH113	39.8906	-84.1988	1049271	0								3	Vandalia, Ohio, United States	US	USOH	OH113	39.8906	-84.1988	1049271	20250613230000	https://www.whio.com/news/local/vietnam-veteran-gets-new-home-vandalia-thanks-habitat-humanity/TRIKVQRI7ZCO7GEBNC573222A4/
1249589131	20250613	202506	2025	2025.4466	NGOCHR	HABITAT FOR HUMANITY				CHR		NGO													1	051	051	05	1	3.4	2	1	2	4.39560439560439	3	Vandalia, Ohio, United States	US	USOH	OH113	39.8906	-84.1988	1049271	0								1	Vietnam, Republic Of	VM	VM		16.166667	107.833333	VM	20250613230000	https://www.whio.com/news/local/vietnam-veteran-gets-new-home-vandalia-thanks-habitat-humanity/TRIKVQRI7ZCO7GEBNC573222A4/
1249589132	20250613	202506	2025	2025.4466	NGOHRI	POLARIS PROJECT						NGO	HRI		CRM	SEX WORKER						CRM			0	090	090	09	2	-2.0	5	1	5	-3.11418685121108	1	South Korea	KS	KS		37	127.5	KS	1	South Korea	KS	KS		37	127.5	KS	1	South Korea	KS	KS		37	127.5	KS	20250613230000	https://www.kwqc.com:443/2025/06/13/raid-bettendorf-spa-spotlights-human-trafficking/
1249589133	20250613	202506	2025	2025.4466	NMR	NORTH AMERICA	NMR								USA	VIRGINIA	USA								1	042	042	04	1	1.9	6	1	6	1.03359173126615	2	Virginia, United States	US	USVA		37.768	-78.2057	VA	2	Virginia, United States	US	USVA		37.768	-78.2057	VA	2	Virginia, United States	US	USVA		37.768	-78.2057	VA	20250613230000	https://ew.com/def-leppard-guitarist-vivian-campbell-remission-cancer-11754697
1249589134	20250613	202506	2025	2025.4466	NMR	NORTH AMERICA	NMR								USA	VIRGINIA	USA								1	080	080	08	2	5.0	6	1	6	1.03359173126615	2	Virginia, United States	US	USVA		37.768	-78.2057	VA	2	Virginia, United States	US	USVA		37.768	-78.2057	VA	2	Virginia, United States	US	USVA		37.768	-78.2057	VA	20250613230000	https://ew.com/def-leppard-guitarist-vivian-campbell-remission-cancer-11754697
1249589135	20250613	202506	2025	2025.4466	NOR	NORWEGIAN	NOR																		1	084	084	08	2	7.0	10	1	10	-0.56497175141243	1	Norway	NO	NO		62	10	NO	0								1	Norway	NO	NO		62	10	NO	20250613230000	https://www.swapacd.com/Eivind-Aarset-Light-Extracts/cd/597273/
1249589136	20250613	202506	2025	2025.4466	NOR	NORWAY	NOR								CVL	SCIENTIST						CVL			0	172	172	17	4	-5.0	2	1	2	1.12554112554113	4	Oslo, Oslo, Norway	NO	NO12	23413	59.9167	10.75	-273837	4	Oslo, Oslo, Norway	NO	NO12	23413	59.9167	10.75	-273837	4	Oslo, Oslo, Norway	NO	NO12	23413	59.9167	10.75	-273837	20250613230000	https://www.zmescience.com/other/art-other/ai-based-method-restores-priceless-renaissance-art-in-under-4-hours-rather-than-months/
1249589137	20250613	202506	2025	2025.4466	NZL	NEW ZEALAND	NZL								CAN	CANADA	CAN								1	043	043	04	1	2.8	1	1	1	3.13253012048193	4	Prince William, New Brunswick, Canada	CA	CA04	12607	45.9167	-67.0333	-572460	4	Prince William, New Brunswick, Canada	CA	CA04	12607	45.9167	-67.0333	-572460	4	Prince William, New Brunswick, Canada	CA	CA04	12607	45.9167	-67.0333	-572460	20250613230000	https://www.marieclaire.com/celebrity/royals/kate-middleton-apologizing-to-prince-william-2014-clip-viral-tiktok/
1249589138	20250613	202506	2025	2025.4466	NZL	NEW ZEALAND	NZL								CAN	CANADA	CAN								1	043	043	04	1	2.8	2	1	2	3.13253012048193	1	New Zealand	NZ	NZ		-42	174	NZ	4	Prince William, New Brunswick, Canada	CA	CA04	12607	45.9167	-67.0333	-572460	4	Prince William, New Brunswick, Canada	CA	CA04	12607	45.9167	-67.0333	-572460	20250613230000	https://www.marieclaire.com/celebrity/royals/kate-middleton-apologizing-to-prince-william-2014-clip-viral-tiktok/
1249589139	20250613	202506	2025	2025.4466	NZL	NEW ZEALAND	NZL								CAN	CANADA	CAN								1	043	043	04	1	2.8	1	1	1	3.13253012048193	1	New Zealand	NZ	NZ		-42	174	NZ	4	Prince William, New Brunswick, Canada	CA	CA04	12607	45.9167	-67.0333	-572460	1	New Zealand	NZ	NZ		-42	174	NZ	20250613230000	https://www.marieclaire.com/celebrity/royals/kate-middleton-apologizing-to-prince-william-2014-clip-viral-tiktok/
1249589140	20250613	202506	2025	2025.4466	NZL	NEW ZEALAND	NZL								CRM	GANG						CRM			1	020	020	02	1	3.0	2	1	2	-3.84615384615384	1	Grenada	GJ	GJ		12.116667	-61.666667	GJ	4	Wellington, New Zealand (general), New Zealand	NZ	NZ00	22391	-41.3	174.783	-1521348	1	Grenada	GJ	GJ		12.116667	-61.666667	GJ	20250613230000	https://nowgrenada.com/2025/06/well-o-goodness-did-we-learn/
1249589141	20250613	202506	2025	2025.4466	NZL	NEW ZEALAND	NZL								CRM	GANG						CRM			1	020	020	02	1	3.0	2	1	2	-3.84615384615384	1	Grenada	GJ	GJ		12.116667	-61.666667	GJ	1	Grenada	GJ	GJ		12.116667	-61.666667	GJ	1	Grenada	GJ	GJ		12.116667	-61.666667	GJ	20250613230000	https://nowgrenada.com/2025/06/well-o-goodness-did-we-learn/
1249589142	20250613	202506	2025	2025.4466	NZL	NEW ZEALAND	NZL								GOV	PRINCE						GOV			1	043	043	04	1	2.8	1	1	1	3.13253012048193	4	Prince William, New Brunswick, Canada	CA	CA04	12607	45.9167	-67.0333	-572460	4	Prince William, New Brunswick, Canada	CA	CA04	12607	45.9167	-67.0333	-572460	4	Prince William, New Brunswick, Canada	CA	CA04	12607	45.9167	-67.0333	-572460	20250613230000	https://www.marieclaire.com/celebrity/royals/kate-middleton-apologizing-to-prince-william-2014-clip-viral-tiktok/
1249589143	20250613	202506	2025	2025.4466	NZL	NEW ZEALAND	NZL								GOV	PRINCE						GOV			1	043	043	04	1	2.8	2	1	2	3.13253012048193	1	New Zealand	NZ	NZ		-42	174	NZ	4	Prince William, New Brunswick, Canada	CA	CA04	12607	45.9167	-67.0333	-572460	1	New Zealand	NZ	NZ		-42	174	NZ	20250613230000	https://www.marieclaire.com/celebrity/royals/kate-middleton-apologizing-to-prince-william-2014-clip-viral-tiktok/
1249589144	20250613	202506	2025	2025.4466	OMN	OMAN	OMN																		1	020	020	02	1	3.0	1	1	1	-2.18340611353712	1	Saudi Arabia	SA	SA		25	45	SA	0								1	Saudi Arabia	SA	SA		25	45	SA	20250613230000	https://www.newscientist.com/article/2484146-earths-mantle-may-have-hidden-plumes-venting-heat-from-its-core/
1249589145	20250613	202506	2025	2025.4466	OMN	OMAN	OMN								SAU	SAUDI ARABIA	SAU								1	020	020	02	1	3.0	1	1	1	-2.18340611353712	1	Oman	MU	MU		21	57	MU	1	Saudi Arabia	SA	SA		25	45	SA	1	Oman	MU	MU		21	57	MU	20250613230000	https://www.newscientist.com/article/2484146-earths-mantle-may-have-hidden-plumes-venting-heat-from-its-core/
1249589146	20250613	202506	2025	2025.4466	OMN	OMAN	OMN								SAU	SAUDI ARABIA	SAU								1	020	020	02	1	3.0	1	1	1	-2.18340611353712	1	Saudi Arabia	SA	SA		25	45	SA	1	Saudi Arabia	SA	SA		25	45	SA	1	Saudi Arabia	SA	SA		25	45	SA	20250613230000	https://www.newscientist.com/article/2484146-earths-mantle-may-have-hidden-plumes-venting-heat-from-its-core/
1249589147	20250613	202506	2025	2025.4466	OPP	ACTIVIST						OPP													0	010	010	01	1	0.0	2	1	2	-6.49558941459503	4	Niger Delta, Nigeria (general), Nigeria	NI	NI00	23074	4.83333	6	-2020890	0								4	Niger Delta, Nigeria (general), Nigeria	NI	NI00	23074	4.83333	6	-2020890	20250613230000	https://www.okayafrica.com/today-in-africa-news-brief-2025/
1249589148	20250613	202506	2025	2025.4466	OPP	OPPOSITION PARTIES						OPP													1	027	027	02	1	4.0	10	1	10	-4.30107526881721	4	Brussels, Bruxelles-Capitale, Belgium	BE	BE11	5850	50.8333	4.33333	-1955538	0								4	Brussels, Bruxelles-Capitale, Belgium	BE	BE11	5850	50.8333	4.33333	-1955538	20250613230000	https://www.aa.com.tr/en/europe/belgian-politicians-call-for-removal-of-israeli-flag-from-antwerp-city-hall/3597327
1249589149	20250613	202506	2025	2025.4466	OPP	PROTESTER						OPP													1	052	052	05	1	3.5	2	1	2	-4.62633451957296	3	Macalester College, Minnesota, United States	US	USMN	MN123	44.9374	-93.1692	647350	0								3	Macalester College, Minnesota, United States	US	USMN		44.9374	-93.1692	647350	20250613230000	https://www.baltimoresun.com/2025/06/13/why-baltimore-ice-protests-remained-non-violent/
1249589150	20250613	202506	2025	2025.4466	OPP	PROTESTER						OPP													1	052	052	05	1	3.5	3	1	3	-4.62633451957296	2	Minnesota, United States	US	USMN		45.7326	-93.9196	MN	0								2	Minnesota, United States	US	USMN		45.7326	-93.9196	MN	20250613230000	https://www.baltimoresun.com/2025/06/13/why-baltimore-ice-protests-remained-non-violent/
1249589151	20250613	202506	2025	2025.4466	OPP	PROTESTER						OPP													1	111	111	11	3	-2.0	3	1	3	-4.62633451957296	3	Baltimore, Maryland, United States	US	USMD	MD510	39.2904	-76.6122	597040	0								3	Baltimore, Maryland, United States	US	USMD	MD510	39.2904	-76.6122	597040	20250613230000	https://www.baltimoresun.com/2025/06/13/why-baltimore-ice-protests-remained-non-violent/
1249589152	20250613	202506	2025	2025.4466	OPP	THE OPPOSITION						OPP													0	112	112	11	3	-2.0	3	1	3	-6.49558941459503	4	Lagos, Lagos, Nigeria	NI	NI05	191416	6.45306	3.39583	-2017355	0								4	Lagos, Lagos, Nigeria	NI	NI05	191416	6.45306	3.39583	-2017355	20250613230000	https://www.okayafrica.com/today-in-africa-news-brief-2025/
1249589153	20250613	202506	2025	2025.4466	OPP	THE OPPOSITION						OPP													0	112	112	11	3	-2.0	1	1	1	-6.49558941459503	1	Chad	CD	CD		15	19	CD	0								4	Lagos, Lagos, Nigeria	NI	NI05	191416	6.45306	3.39583	-2017355	20250613230000	https://www.okayafrica.com/today-in-africa-news-brief-2025/
1249589154	20250613	202506	2025	2025.4466	OPP	THE OPPOSITION						OPP													0	112	112	11	3	-2.0	1	1	1	-6.49558941459503	1	Chad	CD	CD		15	19	CD	0								1	Chad	CD	CD		15	19	CD	20250613230000	https://www.okayafrica.com/today-in-africa-news-brief-2025/
1249589155	20250613	202506	2025	2025.4466	OPP	PROTESTER						OPP													0	133	133	13	3	-5.8	8	1	8	-2.22222222222223	3	Washington, District of Columbia, United States	US	USDC	DC001	38.8951	-77.0364	531871	0								3	Washington, District of Columbia, United States	US	USDC	DC001	38.8951	-77.0364	531871	20250613230000	https://www.inquirer.com/news/pennsylvania/governor-shapiro-donald-trump-pennsylvania-national-guard-20250613.html
1249589156	20250613	202506	2025	2025.4466	OPP	PROTESTER						OPP													0	141	141	14	3	-6.5	1	1	1	-4.69135802469136	3	Camarillo, California, United States	US	USCA	CA111	34.2164	-119.038	1652682	0								3	Camarillo, California, United States	US	USCA	CA111	34.2164	-119.038	1652682	20250613230000	https://www.mpacorn.com/articles/local-officials-slam-ice-enforcement/
1249589157	20250613	202506	2025	2025.4466	OPP	PROTESTER						OPP													0	141	141	14	3	-6.5	5	1	5	-4.69135802469136	3	Ventura County, California, United States	US	USCA	CA111	34.4667	-119.018	277320	0								3	Ventura County, California, United States	US	USCA		34.4667	-119.018	277320	20250613230000	https://www.mpacorn.com/articles/local-officials-slam-ice-enforcement/
1249589158	20250613	202506	2025	2025.4466	OPP	PROTESTER						OPP													1	175	175	17	4	-9.0	10	1	10	-12.6520681265207	2	Nebraska, United States	US	USNE		41.1289	-98.2883	NE	0								2	Nebraska, United States	US	USNE		41.1289	-98.2883	NE	20250613230000	https://www.yahoo.com/news/federal-officials-arrest-four-protesters-212859302.html
1249589159	20250613	202506	2025	2025.4466	OPP	PROTESTER						OPP													1	190	190	19	4	-10.0	3	1	3	-4.62633451957296	3	Baltimore, Maryland, United States	US	USMD	MD510	39.2904	-76.6122	597040	0								3	Baltimore, Maryland, United States	US	USMD	MD510	39.2904	-76.6122	597040	20250613230000	https://www.baltimoresun.com/2025/06/13/why-baltimore-ice-protests-remained-non-violent/
1249589160	20250613	202506	2025	2025.4466	OPP	PROTESTER						OPP													1	190	190	19	4	-10.0	10	1	10	-12.6520681265207	2	Nebraska, United States	US	USNE		41.1289	-98.2883	NE	0								2	Nebraska, United States	US	USNE		41.1289	-98.2883	NE	20250613230000	https://www.yahoo.com/news/federal-officials-arrest-four-protesters-212859302.html
1249589161	20250613	202506	2025	2025.4466	OPP	PROTESTER						OPP													1	193	193	19	4	-10.0	2	1	2	-4.62633451957296	3	Macalester College, Minnesota, United States	US	USMN	MN123	44.9374	-93.1692	647350	0								3	Macalester College, Minnesota, United States	US	USMN		44.9374	-93.1692	647350	20250613230000	https://www.baltimoresun.com/2025/06/13/why-baltimore-ice-protests-remained-non-violent/
1249589162	20250613	202506	2025	2025.4466	OPP	PROTESTER						OPP													1	193	193	19	4	-10.0	3	1	3	-4.62633451957296	2	Minnesota, United States	US	USMN		45.7326	-93.9196	MN	0								2	Minnesota, United States	US	USMN		45.7326	-93.9196	MN	20250613230000	https://www.baltimoresun.com/2025/06/13/why-baltimore-ice-protests-remained-non-violent/
1249589163	20250613	202506	2025	2025.4466	OPP	PROTESTER						OPP			COP	POLICE						COP			0	012	012	01	1	-0.4	5	1	5	-4.84848484848485	3	Washington, District of Columbia, United States	US	USDC	DC001	38.8951	-77.0364	531871	3	Washington, District of Columbia, United States	US	USDC	DC001	38.8951	-77.0364	531871	3	Washington, District of Columbia, United States	US	USDC	DC001	38.8951	-77.0364	531871	20250613230000	https://www.wired.com/story/no-kings-protests-citizen-run-ice-trackers-trigger-intelligence-warnings/
1249589164	20250613	202506	2025	2025.4466	OPP	PROTESTER						OPP			COP	POLICE						COP			0	110	110	11	3	-2.0	10	1	10	-4.84848484848485	3	Washington, District of Columbia, United States	US	USDC	DC001	38.8951	-77.0364	531871	3	Washington, District of Columbia, United States	US	USDC	DC001	38.8951	-77.0364	531871	3	Washington, District of Columbia, United States	US	USDC	DC001	38.8951	-77.0364	531871	20250613230000	https://www.wired.com/story/no-kings-protests-citizen-run-ice-trackers-trigger-intelligence-warnings/
1249589165	20250613	202506	2025	2025.4466	OPP	DEMONSTRATOR						OPP			GOV	PRESIDENT						GOV			1	012	012	01	1	-0.4	8	1	8	-5.11363636363637	3	Washington, District of Columbia, United States	US	USDC	DC001	38.8951	-77.0364	531871	3	Washington, District of Columbia, United States	US	USDC	DC001	38.8951	-77.0364	531871	3	Washington, District of Columbia, United States	US	USDC	DC001	38.8951	-77.0364	531871	20250613230000	https://www.yahoo.com/news/no-kings-protests-scheduled-across-203023158.html
1249589166	20250613	202506	2025	2025.4466	OPP	PROTESTER						OPP			GOV	PRESIDENT						GOV			1	141	141	14	3	-6.5	10	1	10	-4.21686746987952	2	New York, United States	US	USNY		42.1497	-74.9384	NY	2	New York, United States	US	USNY		42.1497	-74.9384	NY	2	New York, United States	US	USNY		42.1497	-74.9384	NY	20250613230000	https://www.yahoo.com/news/nypd-ready-no-kings-protests-212149794.html
1249589167	20250613	202506	2025	2025.4466	OPP	ACTIVIST						OPP			USA	UNITED STATES	USA								1	020	020	02	1	3.0	4	1	4	0.74906367041199	3	Washington, District of Columbia, United States	US	USDC	DC001	38.8951	-77.0364	531871	3	Philadelphia, Pennsylvania, United States	US	USPA	PA101	39.9523	-75.1638	1209052	3	Washington, District of Columbia, United States	US	USDC	DC001	38.8951	-77.0364	531871	20250613230000	https://newsregister.com/article?articleTitle=two-no-kings-rallies-scheduled-in-county--1749833500--52163--1home-news
1249589168	20250613	202506	2025	2025.4466	OPP	PROTESTER						OPP			USA	LOS ANGELES	USA								1	141	141	14	3	-6.5	4	1	4	-4.69135802469136	3	Fort Bragg, California, United States	US	USCA	CA045	39.4457	-123.805	1656027	3	Fort Bragg, California, United States	US	USCA		39.4457	-123.805	1656027	3	Fort Bragg, California, United States	US	USCA		39.4457	-123.805	1656027	20250613230000	https://www.mpacorn.com/articles/local-officials-slam-ice-enforcement/
1249589169	20250613	202506	2025	2025.4466	OPP	PROTESTER						OPP			USA	UNITED STATES	USA								1	141	141	14	3	-6.5	1	1	1	-4.69135802469136	2	California, United States	US	USCA		36.17	-119.746	CA	3	Fort Bragg, California, United States	US	USCA		39.4457	-123.805	1656027	3	Fort Bragg, California, United States	US	USCA		39.4457	-123.805	1656027	20250613230000	https://www.mpacorn.com/articles/local-officials-slam-ice-enforcement/
1249589170	20250613	202506	2025	2025.4466	OPP	DEMONSTRATOR						OPP			USAGOV	UNITED STATES	USA					GOV			1	012	012	01	1	-0.4	2	1	2	-5.11363636363637	3	Washington, District of Columbia, United States	US	USDC	DC001	38.8951	-77.0364	531871	3	Washington, District of Columbia, United States	US	USDC	DC001	38.8951	-77.0364	531871	3	Washington, District of Columbia, United States	US	USDC	DC001	38.8951	-77.0364	531871	20250613230000	https://www.yahoo.com/news/no-kings-protests-scheduled-across-203023158.html
1249589171	20250613	202506	2025	2025.4466	PAK	PAKISTAN	PAK																		0	111	111	11	3	-2.0	2	1	2	-7.86516853932584	1	Israel	IS	IS		31.5	34.75	IS	0								1	Israel	IS	IS		31.5	34.75	IS	20250613230000	https://dunyanews.tv/en/World/889241-how-the-world-is-reacting-to-israel-attacks-on-iran-nuclear-military-
1249589172	20250613	202506	2025	2025.4466	PAK	PAKISTANI	PAK								IGOUNO	THE SECURITY COUNCIL		UNO				IGO			0	020	020	02	1	3.0	1	1	1	-2.56410256410256	4	Islamabad, Islamabad, Pakistan	PK	PK08	23674	33.7	73.1667	-2762812	4	Islamabad, Islamabad, Pakistan	PK	PK08	23674	33.7	73.1667	-2762812	4	Islamabad, Islamabad, Pakistan	PK	PK08	23674	33.7	73.1667	-2762812	20250613230000	https://dunyanews.tv/en/Pakistan/889247-pakistan-warns-unsc-of-grave-threat-to-world-peace-posed-by-israeli-at
1249589173	20250613	202506	2025	2025.4466	PAK	PAKISTANI	PAK								IGOUNO	THE SECURITY COUNCIL		UNO				IGO			0	020	020	02	1	3.0	1	1	1	-2.56410256410256	1	China	CH	CH		35	105	CH	4	Islamabad, Islamabad, Pakistan	PK	PK08	23674	33.7	73.1667	-2762812	1	Russia	RS	RS		60	100	RS	20250613230000	https://dunyanews.tv/en/Pakistan/889247-pakistan-warns-unsc-of-grave-threat-to-world-peace-posed-by-israeli-at
1249589174	20250613	202506	2025	2025.4466	PAK	PAKISTAN	PAK								IGOUNO	THE UN		UNO				IGO			1	111	111	11	3	-2.0	2	1	2	-2.56410256410256	4	Islamabad, Islamabad, Pakistan	PK	PK08	23674	33.7	73.1667	-2762812	4	Islamabad, Islamabad, Pakistan	PK	PK08	23674	33.7	73.1667	-2762812	4	Islamabad, Islamabad, Pakistan	PK	PK08	23674	33.7	73.1667	-2762812	20250613230000	https://dunyanews.tv/en/Pakistan/889247-pakistan-warns-unsc-of-grave-threat-to-world-peace-posed-by-israeli-at
1249589175	20250613	202506	2025	2025.4466	PAK	PAKISTAN	PAK								IGOUNO	UNSC		UNO				IGO			1	138	138	13	3	-7.0	16	1	8	-2.56410256410256	4	Islamabad, Islamabad, Pakistan	PK	PK08	23674	33.7	73.1667	-2762812	4	Islamabad, Islamabad, Pakistan	PK	PK08	23674	33.7	73.1667	-2762812	4	Islamabad, Islamabad, Pakistan	PK	PK08	23674	33.7	73.1667	-2762812	20250613230000	https://dunyanews.tv/en/Pakistan/889247-pakistan-warns-unsc-of-grave-threat-to-world-peace-posed-by-israeli-at
1249589176	20250613	202506	2025	2025.4466	PAK	PAKISTAN	PAK								IGOUNO	UNSC		UNO				IGO			1	138	138	13	3	-7.0	4	1	2	-2.56410256410256	1	Iran	IR	IR		32	53	IR	4	Islamabad, Islamabad, Pakistan	PK	PK08	23674	33.7	73.1667	-2762812	4	Islamabad, Islamabad, Pakistan	PK	PK08	23674	33.7	73.1667	-2762812	20250613230000	https://dunyanews.tv/en/Pakistan/889247-pakistan-warns-unsc-of-grave-threat-to-world-peace-posed-by-israeli-at
1249589177	20250613	202506	2025	2025.4466	PAK	PAKISTAN	PAK								IGOUNO	UNSC		UNO				IGO			1	138	138	13	3	-7.0	10	1	10	-2.56410256410256	1	Iran	IR	IR		32	53	IR	1	Iran	IR	IR		32	53	IR	1	Iran	IR	IR		32	53	IR	20250613230000	https://dunyanews.tv/en/Pakistan/889247-pakistan-warns-unsc-of-grave-threat-to-world-peace-posed-by-israeli-at
1249589178	20250613	202506	2025	2025.4466	PAKGOV	PAKISTAN	PAK					GOV			IGOUNO	THE SECURITY COUNCIL		UNO				IGO			0	020	020	02	1	3.0	1	1	1	-2.56410256410256	1	Russia	RS	RS		60	100	RS	4	Islamabad, Islamabad, Pakistan	PK	PK08	23674	33.7	73.1667	-2762812	1	Russia	RS	RS		60	100	RS	20250613230000	https://dunyanews.tv/en/Pakistan/889247-pakistan-warns-unsc-of-grave-threat-to-world-peace-posed-by-israeli-at
1249589179	20250613	202506	2025	2025.4466	PRT	PORTUGUESE	PRT								MAR	MOROCCO	MAR								1	042	042	04	1	1.9	1	1	1	0.86741016109046	4	Assisi, Umbria, Italy	IT	IT18	18411	43.0667	12.6167	-110824	1	Morocco	MO	MO		32	-5	MO	4	Lisbon, Lisboa, Portugal	PO	PO14	24830	38.7167	-9.13333	-2167973	20250613230000	https://www.catholicworldreport.com/2025/06/13/st-anthony-of-padua-considered-all-the-world-as-his-home-2/
1249589180	20250613	202506	2025	2025.4466	PRTELI	ANTONIO GUTERRES	PRT					ELI													1	025	025	02	1	-0.3	8	1	8	-7.86516853932584	1	Israel	IS	IS		31.5	34.75	IS	0								1	Israel	IS	IS		31.5	34.75	IS	20250613230000	https://dunyanews.tv/en/World/889241-how-the-world-is-reacting-to-israel-attacks-on-iran-nuclear-military-
1249589181	20250613	202506	2025	2025.4466	PSE	GAZA	PSE																		0	060	060	06	2	6.0	2	1	2	-5.96491228070176	4	Gaza, Israel (general), Israel	IS	IS00	18315	31.4167	34.3333	-797156	0								4	Gaza, Israel (general), Israel	IS	IS00	18315	31.4167	34.3333	-797156	20250613230000	https://www.deccanchronicle.com/nation/india-abstains-from-un-vote-on-gaza-peace-1885049
1249589182	20250613	202506	2025	2025.4466	PSE	GAZA	PSE								CRM	CALL GIRL						CRM			1	010	010	01	1	0.0	1	1	1	0	4	El Prado, Nuevo LeóX, Mexico	MX	MX19	20887	25.1333	-100.717	-1665762	4	El Prado, Nuevo LeóX, Mexico	MX	MX19	20887	25.1333	-100.717	-1665762	4	El Prado, Nuevo LeóX, Mexico	MX	MX19	20887	25.1333	-100.717	-1665762	20250613230000	https://www.hollywoodreporter.com/lifestyle/arts/la-literati-toast-on-the-rag-1236264124/
1249589183	20250613	202506	2025	2025.4466	PSE	GAZA	PSE								ISR	ISRAEL	ISR								1	120	120	12	3	-4.0	2	1	2	-1.81818181818182	4	Gaza, Israel (general), Israel	IS	IS00	18315	31.4167	34.3333	-797156	4	Gaza, Israel (general), Israel	IS	IS00	18315	31.4167	34.3333	-797156	4	Istanbul, Istanbul, Turkey	TU	TU34	27897	41.0186	28.9647	-755070	20250613230000	https://www.aa.com.tr/en/americas/turkish-fm-says-advancing-iran-nuclear-talks-initiated-by-trump-only-way-to-resolve-conflict/3597351
1249589184	20250613	202506	2025	2025.4466	PSEREB	HAMAS	PSE					REB			ISR	ISRAEL	ISR								0	020	020	02	1	3.0	4	1	4	-7.86516853932584	1	Israel	IS	IS		31.5	34.75	IS	1	Israel	IS	IS		31.5	34.75	IS	1	Israel	IS	IS		31.5	34.75	IS	20250613230000	https://dunyanews.tv/en/World/889241-how-the-world-is-reacting-to-israel-attacks-on-iran-nuclear-military-
1249589185	20250613	202506	2025	2025.4466	PTY	DEMOCRATIC PARTY									GOV	GOVERNOR						GOV			0	111	111	11	3	-2.0	10	1	10	0.73982737361282	2	Arizona, United States	US	USAZ		33.7712	-111.388	AZ	2	Arizona, United States	US	USAZ		33.7712	-111.388	AZ	2	Arizona, United States	US	USAZ		33.7712	-111.388	AZ	20250613230000	https://www.kjzz.org/the-show/2025-06-13/kjzzs-friday-newscap-hobbs-says-house-budget-is-doa-but-it-added-pressure-to-negotiations
1249589186	20250613	202506	2025	2025.4466	PTY	DEMOCRATIC PARTY									USA	UNITED STATES	USA								0	080	080	08	2	5.0	4	1	4	-1.88679245283019	3	Washington, District of Columbia, United States	US	USDC	DC001	38.8951	-77.0364	531871	3	Washington, District of Columbia, United States	US	USDC	DC001	38.8951	-77.0364	531871	3	Washington, District of Columbia, United States	US	USDC	DC001	38.8951	-77.0364	531871	20250613230000	https://thefederalist.com/2025/06/13/not-ironing-your-protest-flag-should-be-grounds-for-deportation/
1249589187	20250613	202506	2025	2025.4466	PTY	POLITICIAN									USA	CHICAGO	USA								1	173	173	17	4	-5.0	6	1	6	-4.04097894137735	3	Chicago, Illinois, United States	US	USIL	IL031	41.85	-87.6501	423587	3	Chicago, Illinois, United States	US	USIL	IL031	41.85	-87.6501	423587	3	Chicago, Illinois, United States	US	USIL	IL031	41.85	-87.6501	423587	20250613230000	https://www.yahoo.com/news/ex-illinois-house-speaker-michael-220600809.html
1249589188	20250613	202506	2025	2025.4466	PTY	POLITICIAN									USA	UNITED STATES	USA								1	173	173	17	4	-5.0	2	1	2	-4.04097894137735	3	Chicago, Illinois, United States	US	USIL	IL031	41.85	-87.6501	423587	2	Illinois, United States	US	USIL		40.3363	-89.0022	IL	2	Illinois, United States	US	USIL		40.3363	-89.0022	IL	20250613230000	https://www.yahoo.com/news/ex-illinois-house-speaker-michael-220600809.html
1249589189	20250613	202506	2025	2025.4466	QAT	QATAR	QAT																		1	043	043	04	1	2.8	2	1	2	1.66051660516605	1	Qatar	QA	QA		25.5	51.25	QA	0								1	Qatar	QA	QA		25.5	51.25	QA	20250613230000	https://geeknewscentral.com/2025/06/13/meta-announces-a-14-39-investment-in-scale-ai-and-hires-ceo-alexandr-wang-to-oversee-its-efforts/
1249589190	20250613	202506	2025	2025.4466	QAT	QATAR	QAT																		0	128	128	12	3	-5.0	1	1	1	-7.86516853932584	1	Qatar	QA	QA		25.5	51.25	QA	0								4	Tehran, Tehran, Iran	IR	IR26	41130	35.75	51.5148	10074674	20250613230000	https://dunyanews.tv/en/World/889241-how-the-world-is-reacting-to-israel-attacks-on-iran-nuclear-military-
1249589191	20250613	202506	2025	2025.4466	QAT	QATAR	QAT																		0	128	128	12	3	-5.0	1	1	1	-7.86516853932584	1	Qatar	QA	QA		25.5	51.25	QA	0								1	Israel	IS	IS		31.5	34.75	IS	20250613230000	https://dunyanews.tv/en/World/889241-how-the-world-is-reacting-to-israel-attacks-on-iran-nuclear-military-
1249589192	20250613	202506	2025	2025.4466	QAT	QATAR	QAT								ISR	ISRAEL	ISR								1	040	040	04	1	1.0	1	1	1	0	4	Riyadh, Ar Riya?, Saudi Arabia	SA	SA10	25316	24.6408	46.7728	-3093009	4	Riyadh, Ar Riya?, Saudi Arabia	SA	SA10	25316	24.6408	46.7728	-3093009	4	Riyadh, Ar Riya?, Saudi Arabia	SA	SA10	25316	24.6408	46.7728	-3093009	20250613230000	https://www.kuna.net.kw/ArticleDetails.aspx?id=3235948&language=en
1249589193	20250613	202506	2025	2025.4466	QAT	QATAR	QAT								ISR	ISRAEL	ISR								1	040	040	04	1	1.0	1	1	1	0	1	Iran	IR	IR		32	53	IR	4	Riyadh, Ar Riya?, Saudi Arabia	SA	SA10	25316	24.6408	46.7728	-3093009	4	Riyadh, Ar Riya?, Saudi Arabia	SA	SA10	25316	24.6408	46.7728	-3093009	20250613230000	https://www.kuna.net.kw/ArticleDetails.aspx?id=3235948&language=en
1249589194	20250613	202506	2025	2025.4466	QAT	QATARI	QAT								ISR	ISRAELI	ISR								1	040	040	04	1	1.0	1	1	1	0	1	Qatar	QA	QA		25.5	51.25	QA	1	Israel	IS	IS		31.5	34.75	IS	1	Israel	IS	IS		31.5	34.75	IS	20250613230000	https://www.kuna.net.kw/ArticleDetails.aspx?id=3235948&language=en
1249589195	20250613	202506	2025	2025.4466	QAT	QATAR	QAT								ISR	ISRAEL	ISR								0	1124	112	11	3	-2.0	2	1	2	-7.86516853932584	1	Qatar	QA	QA		25.5	51.25	QA	1	Israel	IS	IS		31.5	34.75	IS	1	Israel	IS	IS		31.5	34.75	IS	20250613230000	https://dunyanews.tv/en/World/889241-how-the-world-is-reacting-to-israel-attacks-on-iran-nuclear-military-
1249589196	20250613	202506	2025	2025.4466	REB	REBELLION						REB													0	080	080	08	2	5.0	1	1	1	-4.17124039517014	1	Afghanistan	AF	AF		33	66	AF	0								1	Iraq	IZ	IZ		33	44	IZ	20250613230000	https://www.yahoo.com/news/israel-strikes-may-iran-more-212141210.html
1249589197	20250613	202506	2025	2025.4466	REB	REBELLION						REB													0	080	080	08	2	5.0	4	1	4	-4.17124039517014	1	Libya	LY	LY		25	17	LY	0								1	Libya	LY	LY		25	17	LY	20250613230000	https://www.yahoo.com/news/israel-strikes-may-iran-more-212141210.html
1249589198	20250613	202506	2025	2025.4466	REF	REFUGEE						REF													0	100	100	10	3	-5.0	5	1	5	-2.28013029315961	2	Ohio, United States	US	USOH		40.3736	-82.7755	OH	0								2	Ohio, United States	US	USOH		40.3736	-82.7755	OH	20250613230000	https://lilith.org/articles/how-to-show-up-for-immigrants/
1249589199	20250613	202506	2025	2025.4466	REF	REFUGEE						REF													0	100	100	10	3	-5.0	5	1	5	-2.28013029315961	2	Tennessee, United States	US	USTN		35.7449	-86.7489	TN	0								2	Tennessee, United States	US	USTN		35.7449	-86.7489	TN	20250613230000	https://lilith.org/articles/how-to-show-up-for-immigrants/
1249589200	20250613	202506	2025	2025.4466	REL	BISHOP																			0	010	010	01	1	0.0	1	1	1	3.14852840520192	3	Grand Park, California, United States	US	USCA	CA059	33.8075	-117.911	1765119	0								3	Grand Park, California, United States	US	USCA		33.8075	-117.911	1765119	20250613230000	https://www.foxla.com/news/a-united-church-la-faith-leaders-different-denominations-bring-flowers-instead-fear
1249589201	20250613	202506	2025	2025.4466	REL	MONK																			1	042	042	04	1	1.9	10	1	10	1.53846153846154	1	Egypt	EG	EG		27	30	EG	0								1	Egypt	EG	EG		27	30	EG	20250613230000	https://www.publishersweekly.com:443/978-0-0626-7128-8
1249589202	20250613	202506	2025	2025.4466	REL	RELIGION									EDU	UNIVERSITY						EDU			1	046	046	04	1	7.0	6	1	6	0.92879256965944	2	Georgia, United States	US	USGA		32.9866	-83.6487	GA	2	Georgia, United States	US	USGA		32.9866	-83.6487	GA	2	Georgia, United States	US	USGA		32.9866	-83.6487	GA	20250613230000	https://jbhe.com/2025/06/new-faculty-appointments-for-three-black-professors/
1249589203	20250613	202506	2025	2025.4466	REL	RELIGION									MIL	MILITARY						MIL			0	046	046	04	1	7.0	4	1	4	-8.57664233576642	4	Gaza, Israel (general), Israel	IS	IS00	18315	31.4167	34.3333	-797156	4	Gaza, Israel (general), Israel	IS	IS00	18315	31.4167	34.3333	-797156	4	Gaza, Israel (general), Israel	IS	IS00	18315	31.4167	34.3333	-797156	20250613230000	https://www.foxnews.com/politics/democratic-lawmakers-criticize-israels-defensive-strikes-irans-nuclear-sites
1249589204	20250613	202506	2025	2025.4466	REL	RELIGION									MIL	MILITARY						MIL			0	046	046	04	1	7.0	1	1	1	-8.57664233576642	4	Gaza, Israel (general), Israel	IS	IS00	18315	31.4167	34.3333	-797156	4	Gaza, Israel (general), Israel	IS	IS00	18315	31.4167	34.3333	-797156	4	Tehran, Tehran, Iran	IR	IR26	41130	35.75	51.5148	10074674	20250613230000	https://www.foxnews.com/politics/democratic-lawmakers-criticize-israels-defensive-strikes-irans-nuclear-sites
1249589205	20250613	202506	2025	2025.4466	REL	BISHOP									USA	UNITED STATES	USA								0	010	010	01	1	0.0	2	1	2	3.14852840520192	3	Los Angeles, California, United States	US	USCA	CA037	34.0522	-118.244	1662328	3	Los Angeles, California, United States	US	USCA		34.0522	-118.244	1662328	3	Los Angeles, California, United States	US	USCA		34.0522	-118.244	1662328	20250613230000	https://www.foxla.com/news/a-united-church-la-faith-leaders-different-denominations-bring-flowers-instead-fear
1249589206	20250613	202506	2025	2025.4466	REL	BISHOP									USA	UNITED STATES	USA								0	010	010	01	1	0.0	3	1	3	3.14852840520192	3	Grand Park, California, United States	US	USCA	CA059	33.8075	-117.911	1765119	3	Grand Park, California, United States	US	USCA		33.8075	-117.911	1765119	3	Grand Park, California, United States	US	USCA		33.8075	-117.911	1765119	20250613230000	https://www.foxla.com/news/a-united-church-la-faith-leaders-different-denominations-bring-flowers-instead-fear
1249589207	20250613	202506	2025	2025.4466	REL	BISHOP									USA	UNITED STATES	USA								0	042	042	04	1	1.9	1	1	1	3.14852840520192	3	Los Angeles, California, United States	US	USCA	CA037	34.0522	-118.244	1662328	3	Los Angeles, California, United States	US	USCA		34.0522	-118.244	1662328	3	Los Angeles, California, United States	US	USCA		34.0522	-118.244	1662328	20250613230000	https://www.foxla.com/news/a-united-church-la-faith-leaders-different-denominations-bring-flowers-instead-fear
1249589208	20250613	202506	2025	2025.4466	REL	BISHOP									USA	UNITED STATES	USA								0	042	042	04	1	1.9	4	1	4	3.14852840520192	3	Grand Park, California, United States	US	USCA	CA059	33.8075	-117.911	1765119	3	Grand Park, California, United States	US	USCA		33.8075	-117.911	1765119	3	Grand Park, California, United States	US	USCA		33.8075	-117.911	1765119	20250613230000	https://www.foxla.com/news/a-united-church-la-faith-leaders-different-denominations-bring-flowers-instead-fear
1249589209	20250613	202506	2025	2025.4466	RUS	RUSSIA	RUS																		0	025	025	02	1	-0.3	4	1	4	-7.86516853932584	4	Kremlin, Moskva, Russia	RS	RS48	25106	55.7522	37.6156	-2960561	0								4	Kremlin, Moskva, Russia	RS	RS48	25106	55.7522	37.6156	-2960561	20250613230000	https://dunyanews.tv/en/World/889241-how-the-world-is-reacting-to-israel-attacks-on-iran-nuclear-military-
1249589210	20250613	202506	2025	2025.4466	RUS	RUSSIAN	RUS																		1	061	061	06	2	6.4	10	1	10	-4.32276657060519	4	Ras Al Khafji, Ash Sharqiyah, Saudi Arabia	SA	SA06	25307	28.439	48.4913	-3092029	0								4	Ras Al Khafji, Ash Sharqiyah, Saudi Arabia	SA	SA06	25307	28.439	48.4913	-3092029	20250613230000	https://www.hellenicshippingnews.com/tankers-saudi-arabia-crude-oil-exports-keep-declining/
1249589211	20250613	202506	2025	2025.4466	RUS	RUSSIA	RUS																		0	111	111	11	3	-2.0	2	1	2	-7.86516853932584	4	Lin Jian, Shanghai, China	CH	CH23	13243	30.9348	121.026	10861193	0								4	Kremlin, Moskva, Russia	RS	RS48	25106	55.7522	37.6156	-2960561	20250613230000	https://dunyanews.tv/en/World/889241-how-the-world-is-reacting-to-israel-attacks-on-iran-nuclear-military-
1249589212	20250613	202506	2025	2025.4466	RUS	RUSSIAN	RUS								GOV	PRESIDENT						GOV			1	100	100	10	3	-5.0	3	1	3	-8.59375	1	Russia	RS	RS		60	100	RS	1	Russia	RS	RS		60	100	RS	1	Israel	IS	IS		31.5	34.75	IS	20250613230000	https://dunyanews.tv/en/World/889242-iranian-president-vows-zionist-regimes-aggression-will-be-met-with-
1249589213	20250613	202506	2025	2025.4466	RUS	RUSSIAN	RUS								GOV	REGIME						GOV			0	110	110	11	3	-2.0	2	1	2	-8.59375	4	Tehran, Tehran, Iran	IR	IR26	41130	35.75	51.5148	10074674	1	Israel	IS	IS		31.5	34.75	IS	1	Russia	RS	RS		60	100	RS	20250613230000	https://dunyanews.tv/en/World/889242-iranian-president-vows-zionist-regimes-aggression-will-be-met-with-
1249589214	20250613	202506	2025	2025.4466	RUS	RUSSIAN	RUS								GOV	REGIME						GOV			0	110	110	11	3	-2.0	2	1	2	-8.59375	1	Russia	RS	RS		60	100	RS	1	Israel	IS	IS		31.5	34.75	IS	1	Russia	RS	RS		60	100	RS	20250613230000	https://dunyanews.tv/en/World/889242-iranian-president-vows-zionist-regimes-aggression-will-be-met-with-
1249589215	20250613	202506	2025	2025.4466	RUS	MOSCOW	RUS								IGOUNO	THE UN		UNO				IGO			1	112	112	11	3	-2.0	2	1	2	-2.7027027027027	4	Kremlin, Moskva, Russia	RS	RS48	25106	55.7522	37.6156	-2960561	4	Kremlin, Moskva, Russia	RS	RS48	25106	55.7522	37.6156	-2960561	4	Kremlin, Moskva, Russia	RS	RS48	25106	55.7522	37.6156	-2960561	20250613230000	https://www.kuna.net.kw/ArticleDetails.aspx?id=3235947&language=en
1249589216	20250613	202506	2025	2025.4466	RUS	MOSCOW	RUS								IGOUNO	THE UN		UNO				IGO			1	112	112	11	3	-2.0	6	1	6	-2.7027027027027	4	Moscow, Moskva, Russia	RS	RS48	25106	55.7522	37.6156	-2960561	4	Tehran, Tehran, Iran	IR	IR26	41130	35.75	51.5148	10074674	4	Tehran, Tehran, Iran	IR	IR26	41130	35.75	51.5148	10074674	20250613230000	https://www.kuna.net.kw/ArticleDetails.aspx?id=3235947&language=en
1249589217	20250613	202506	2025	2025.4466	RUS	RUSSIA	RUS								IGOUNO	THE UN		UNO				IGO			1	112	112	11	3	-2.0	2	1	2	-2.7027027027027	4	Tehran, Tehran, Iran	IR	IR26	41130	35.75	51.5148	10074674	4	Tehran, Tehran, Iran	IR	IR26	41130	35.75	51.5148	10074674	4	Tehran, Tehran, Iran	IR	IR26	41130	35.75	51.5148	10074674	20250613230000	https://www.kuna.net.kw/ArticleDetails.aspx?id=3235947&language=en
1249589218	20250613	202506	2025	2025.4466	RUS	RUSSIAN	RUS								IRNGOV	IRAN	IRN					GOV			1	100	100	10	3	-5.0	1	1	1	-8.59375	1	Israel	IS	IS		31.5	34.75	IS	1	Israel	IS	IS		31.5	34.75	IS	1	Israel	IS	IS		31.5	34.75	IS	20250613230000	https://dunyanews.tv/en/World/889242-iranian-president-vows-zionist-regimes-aggression-will-be-met-with-
1249589219	20250613	202506	2025	2025.4466	RUS	RUSSIAN	RUS								ISR	ISRAELI	ISR								0	012	012	01	1	-0.4	2	1	2	-8.59375	4	Tehran, Tehran, Iran	IR	IR26	41130	35.75	51.5148	10074674	1	Russia	RS	RS		60	100	RS	1	Russia	RS	RS		60	100	RS	20250613230000	https://dunyanews.tv/en/World/889242-iranian-president-vows-zionist-regimes-aggression-will-be-met-with-
1249589220	20250613	202506	2025	2025.4466	RUSGOV	VLADIMIR PUTIN	RUS					GOV													1	020	020	02	1	3.0	5	1	5	0.48780487804878	4	Anadolu, Turkey (general), Turkey	TU	TU00	28356	39	35	-735281	0								4	Anadolu, Turkey (general), Turkey	TU	TU00	28356	39	35	-735281	20250613230000	https://www.aa.com.tr/en/europe/russia-tests-advanced-laser-systems-to-counter-drones/3597153
1249589221	20250613	202506	2025	2025.4466	RUSGOV	RUSSIA	RUS					GOV			GOV	REGIME						GOV			0	110	110	11	3	-2.0	1	1	1	-8.59375	1	Israel	IS	IS		31.5	34.75	IS	1	Russia	RS	RS		60	100	RS	1	Israel	IS	IS		31.5	34.75	IS	20250613230000	https://dunyanews.tv/en/World/889242-iranian-president-vows-zionist-regimes-aggression-will-be-met-with-
1249589222	20250613	202506	2025	2025.4466	RUSGOV	RUSSIAN	RUS					GOV			GOV	REGIME						GOV			0	110	110	11	3	-2.0	2	1	2	-8.59375	1	Israel	IS	IS		31.5	34.75	IS	1	Russia	RS	RS		60	100	RS	1	Russia	RS	RS		60	100	RS	20250613230000	https://dunyanews.tv/en/World/889242-iranian-president-vows-zionist-regimes-aggression-will-be-met-with-
1249589223	20250613	202506	2025	2025.4466	RUSGOV	RUSSIAN	RUS					GOV			GOV	REGIME						GOV			0	110	110	11	3	-2.0	3	1	3	-8.59375	1	Russia	RS	RS		60	100	RS	1	Israel	IS	IS		31.5	34.75	IS	1	Russia	RS	RS		60	100	RS	20250613230000	https://dunyanews.tv/en/World/889242-iranian-president-vows-zionist-regimes-aggression-will-be-met-with-
1249589224	20250613	202506	2025	2025.4466	RUSGOV	VLADIMIR PUTIN	RUS					GOV			IRN	IRAN	IRN								1	045	045	04	1	5.0	2	1	2	-2.8	4	Istanbul, Istanbul, Turkey	TU	TU34	27897	41.0186	28.9647	-755070	4	Tehran, Tehran, Iran	IR	IR26	41130	35.75	51.5148	10074674	1	Israel	IS	IS		31.5	34.75	IS	20250613230000	https://www.aa.com.tr/en/europe/putin-offers-russia-s-mediation-in-iran-israel-conflict/3597597
1249589225	20250613	202506	2025	2025.4466	RUSGOV	VLADIMIR PUTIN	RUS					GOV			IRN	IRAN	IRN								1	045	045	04	1	5.0	1	1	1	-2.8	4	Istanbul, Istanbul, Turkey	TU	TU34	27897	41.0186	28.9647	-755070	1	Israel	IS	IS		31.5	34.75	IS	4	Kremlin, Moskva, Russia	RS	RS48	25106	55.7522	37.6156	-2960561	20250613230000	https://www.aa.com.tr/en/europe/putin-offers-russia-s-mediation-in-iran-israel-conflict/3597597
1249589226	20250613	202506	2025	2025.4466	RUSGOV	VLADIMIR PUTIN	RUS					GOV			ISR	ISRAEL	ISR								1	045	045	04	1	5.0	1	1	1	-2.8	4	Istanbul, Istanbul, Turkey	TU	TU34	27897	41.0186	28.9647	-755070	1	Israel	IS	IS		31.5	34.75	IS	4	Kremlin, Moskva, Russia	RS	RS48	25106	55.7522	37.6156	-2960561	20250613230000	https://www.aa.com.tr/en/europe/putin-offers-russia-s-mediation-in-iran-israel-conflict/3597597
1249589227	20250613	202506	2025	2025.4466	RUSGOV	VLADIMIR PUTIN	RUS					GOV			ISR	ISRAEL	ISR								1	045	045	04	1	5.0	2	1	2	-2.8	4	Istanbul, Istanbul, Turkey	TU	TU34	27897	41.0186	28.9647	-755070	1	Israel	IS	IS		31.5	34.75	IS	1	Israel	IS	IS		31.5	34.75	IS	20250613230000	https://www.aa.com.tr/en/europe/putin-offers-russia-s-mediation-in-iran-israel-conflict/3597597
1249589228	20250613	202506	2025	2025.4466	RUSGOV	RUSSIA	RUS					GOV			ISRGOV	ISRAEL	ISR					GOV			0	012	012	01	1	-0.4	2	1	2	-8.59375	1	Russia	RS	RS		60	100	RS	1	Israel	IS	IS		31.5	34.75	IS	1	Russia	RS	RS		60	100	RS	20250613230000	https://dunyanews.tv/en/World/889242-iranian-president-vows-zionist-regimes-aggression-will-be-met-with-
1249589229	20250613	202506	2025	2025.4466	RUSGOV	VLADIMIR PUTIN	RUS					GOV			RUS	RUSSIA	RUS								1	030	030	03	1	4.0	2	1	2	-2.8	1	Israel	IS	IS		31.5	34.75	IS	4	Tehran, Tehran, Iran	IR	IR26	41130	35.75	51.5148	10074674	4	Tehran, Tehran, Iran	IR	IR26	41130	35.75	51.5148	10074674	20250613230000	https://www.aa.com.tr/en/europe/putin-offers-russia-s-mediation-in-iran-israel-conflict/3597597
1249589230	20250613	202506	2025	2025.4466	RUSGOV	VLADIMIR PUTIN	RUS					GOV			RUS	RUSSIA	RUS								1	030	030	03	1	4.0	1	1	1	-2.8	1	Israel	IS	IS		31.5	34.75	IS	4	Tehran, Tehran, Iran	IR	IR26	41130	35.75	51.5148	10074674	1	Israel	IS	IS		31.5	34.75	IS	20250613230000	https://www.aa.com.tr/en/europe/putin-offers-russia-s-mediation-in-iran-israel-conflict/3597597
1249589231	20250613	202506	2025	2025.4466	RUSGOVMED	RUSSIA	RUS					GOV	MED		RUS	RUSSIA	RUS								0	012	012	01	1	-0.4	1	1	1	-7.86516853932584	4	Lin Jian, Shanghai, China	CH	CH23	13243	30.9348	121.026	10861193	4	Lin Jian, Shanghai, China	CH	CH23	13243	30.9348	121.026	10861193	4	Lin Jian, Shanghai, China	CH	CH23	13243	30.9348	121.026	10861193	20250613230000	https://dunyanews.tv/en/World/889241-how-the-world-is-reacting-to-israel-attacks-on-iran-nuclear-military-
1249589232	20250613	202506	2025	2025.4466	RUSMIL	RUSSIAN	RUS					MIL			UKR	UKRAINIAN	UKR								1	042	042	04	1	1.9	3	1	3	-2.01005025125628	1	Russia	RS	RS		60	100	RS	4	Kyiv, Kyyiv, Misto, Ukraine	UP	UP12	28554	50.4333	30.5167	-1044367	4	Kyiv, Kyyiv, Misto, Ukraine	UP	UP12	28554	50.4333	30.5167	-1044367	20250613230000	https://www.yahoo.com/news/ukraines-sapsan-ballistic-missile-enter-222433855.html
1249589233	20250613	202506	2025	2025.4466	RUSMIL	RUSSIAN	RUS					MIL			UKR	UKRAINIAN	UKR								1	190	190	19	4	-10.0	3	1	3	-2.01005025125628	1	Russia	RS	RS		60	100	RS	4	Kyiv, Kyyiv, Misto, Ukraine	UP	UP12	28554	50.4333	30.5167	-1044367	1	Russia	RS	RS		60	100	RS	20250613230000	https://www.yahoo.com/news/ukraines-sapsan-ballistic-missile-enter-222433855.html
1249589234	20250613	202506	2025	2025.4466	SAU	SAUDI	SAU																		1	061	061	06	2	6.4	19	1	10	-4.32276657060519	4	Ras Tanura, Ash Sharqiyah, Saudi Arabia	SA	SA06	25307	26.6439	50.1592	-3098582	0								4	Ras Tanura, Ash Sharqiyah, Saudi Arabia	SA	SA06	25307	26.6439	50.1592	-3098582	20250613230000	https://www.hellenicshippingnews.com/tankers-saudi-arabia-crude-oil-exports-keep-declining/
1249589235	20250613	202506	2025	2025.4466	SAU	SAUDI	SAU																		1	120	120	12	3	-4.0	19	1	10	-4.32276657060519	4	Ras Tanura, Ash Sharqiyah, Saudi Arabia	SA	SA06	25307	26.6439	50.1592	-3098582	0								4	Ras Tanura, Ash Sharqiyah, Saudi Arabia	SA	SA06	25307	26.6439	50.1592	-3098582	20250613230000	https://www.hellenicshippingnews.com/tankers-saudi-arabia-crude-oil-exports-keep-declining/
1249589236	20250613	202506	2025	2025.4466	SAU	SAUDI ARABIA	SAU								CHN	CHINA	CHN								0	120	120	12	3	-4.0	4	1	4	-4.32276657060519	4	Ras Al Khafji, Ash Sharqiyah, Saudi Arabia	SA	SA06	25307	28.439	48.4913	-3092029	1	China	CH	CH		35	105	CH	4	Ras Al Khafji, Ash Sharqiyah, Saudi Arabia	SA	SA06	25307	28.439	48.4913	-3092029	20250613230000	https://www.hellenicshippingnews.com/tankers-saudi-arabia-crude-oil-exports-keep-declining/
1249589237	20250613	202506	2025	2025.4466	SAU	SAUDI ARABIA	SAU								CHN	CHINA	CHN								0	120	120	12	3	-4.0	1	1	1	-4.32276657060519	4	Ras Al Khafji, Ash Sharqiyah, Saudi Arabia	SA	SA06	25307	28.439	48.4913	-3092029	1	China	CH	CH		35	105	CH	1	China	CH	CH		35	105	CH	20250613230000	https://www.hellenicshippingnews.com/tankers-saudi-arabia-crude-oil-exports-keep-declining/
1249589238	20250613	202506	2025	2025.4466	SAU	SAUDI	SAU								EGY	EGYPT	EGY								0	061	061	06	2	6.4	8	1	8	-4.32276657060519	4	Ras Al Khafji, Ash Sharqiyah, Saudi Arabia	SA	SA06	25307	28.439	48.4913	-3092029	4	Ain Sukhna, As Suways, Egypt	EG	EG15	66047	29.589	32.336	-291786	4	Ras Al Khafji, Ash Sharqiyah, Saudi Arabia	SA	SA06	25307	28.439	48.4913	-3092029	20250613230000	https://www.hellenicshippingnews.com/tankers-saudi-arabia-crude-oil-exports-keep-declining/
1249589239	20250613	202506	2025	2025.4466	SAU	SAUDI	SAU								ISR	ISRAELI	ISR								1	040	040	04	1	1.0	8	1	8	0	1	Iran	IR	IR		32	53	IR	4	Riyadh, Ar Riya?, Saudi Arabia	SA	SA10	25316	24.6408	46.7728	-3093009	4	Riyadh, Ar Riya?, Saudi Arabia	SA	SA10	25316	24.6408	46.7728	-3093009	20250613230000	https://www.kuna.net.kw/ArticleDetails.aspx?id=3235948&language=en
1249589240	20250613	202506	2025	2025.4466	SEA	SOUTH EAST ASIA	SEA																		1	061	061	06	2	6.4	8	1	8	-4.32276657060519	1	United States	US	US		39.828175	-98.5795	US	0								1	Russia	RS	RS		60	100	RS	20250613230000	https://www.hellenicshippingnews.com/tankers-saudi-arabia-crude-oil-exports-keep-declining/
1249589241	20250613	202506	2025	2025.4466	SEA	SOUTH EAST ASIA	SEA																		1	061	061	06	2	6.4	2	1	2	-4.32276657060519	1	United States	US	US		39.828175	-98.5795	US	0								1	United States	US	US		39.828175	-98.5795	US	20250613230000	https://www.hellenicshippingnews.com/tankers-saudi-arabia-crude-oil-exports-keep-declining/
1249589242	20250613	202506	2025	2025.4466	SEA	SOUTHEAST ASIA	SEA																		1	071	071	07	2	7.4	8	1	8	2.13333333333334	4	Rome, Lazio, Italy	IT	IT07	18350	41.9	12.4833	-126693	0								4	Rome, Lazio, Italy	IT	IT07	18350	41.9	12.4833	-126693	20250613230000	https://www.hawaii.edu/news/2025/06/13/rare-1478-southeast-asia-map-at-hamilton-library/
1249589243	20250613	202506	2025	2025.4466	SEA	SOUTHEAST ASIA	SEA																		1	071	071	07	2	7.4	2	1	2	2.13333333333334	1	Germany	GM	GM		51.5	10.5	GM	0								1	Germany	GM	GM		51.5	10.5	GM	20250613230000	https://www.hawaii.edu/news/2025/06/13/rare-1478-southeast-asia-map-at-hamilton-library/
1249589244	20250613	202506	2025	2025.4466	SEA	SOUTH EAST ASIA	SEA																		1	120	120	12	3	-4.0	8	1	8	-4.32276657060519	1	United States	US	US		39.828175	-98.5795	US	0								1	Russia	RS	RS		60	100	RS	20250613230000	https://www.hellenicshippingnews.com/tankers-saudi-arabia-crude-oil-exports-keep-declining/
1249589245	20250613	202506	2025	2025.4466	SEA	SOUTH EAST ASIA	SEA																		1	120	120	12	3	-4.0	2	1	2	-4.32276657060519	1	United States	US	US		39.828175	-98.5795	US	0								1	United States	US	US		39.828175	-98.5795	US	20250613230000	https://www.hellenicshippingnews.com/tankers-saudi-arabia-crude-oil-exports-keep-declining/
1249589246	20250613	202506	2025	2025.4466	SOM	SOMALI	SOM																		0	190	190	19	4	-10.0	2	1	2	-2.3489932885906	1	Somalia	SO	SO		6	48	SO	0								1	Somalia	SO	SO		6	48	SO	20250613230000	https://wardheernews.com/federalism-fractured-part-vii-somalias-rejection-of-the-c6-framework-rings-hollow/
1249589247	20250613	202506	2025	2025.4466	SOM	SOMALIA	SOM																		0	192	192	19	4	-9.5	5	1	5	-2.3489932885906	1	Somalia	SO	SO		6	48	SO	0								1	Somalia	SO	SO		6	48	SO	20250613230000	https://wardheernews.com/federalism-fractured-part-vii-somalias-rejection-of-the-c6-framework-rings-hollow/
1249589248	20250613	202506	2025	2025.4466	SOM	SOMALIA	SOM								GOV	GOVERNANCE						GOV			0	010	010	01	1	0.0	4	1	4	-2.3489932885906	1	Somalia	SO	SO		6	48	SO	1	Somalia	SO	SO		6	48	SO	1	Somalia	SO	SO		6	48	SO	20250613230000	https://wardheernews.com/federalism-fractured-part-vii-somalias-rejection-of-the-c6-framework-rings-hollow/
1249589249	20250613	202506	2025	2025.4466	SOM	SOMALIA	SOM								IGOUNO	THE UN		UNO				IGO			0	160	160	16	4	-4.0	10	1	10	-6.49558941459503	1	Somalia	SO	SO		6	48	SO	1	Somalia	SO	SO		6	48	SO	1	Somalia	SO	SO		6	48	SO	20250613230000	https://www.okayafrica.com/today-in-africa-news-brief-2025/
1249589250	20250613	202506	2025	2025.4466	SOM	SOMALI	SOM								SOMGOV	SOMALIA	SOM					GOV			0	190	190	19	4	-10.0	2	1	2	-2.3489932885906	1	Somalia	SO	SO		6	48	SO	1	Somalia	SO	SO		6	48	SO	1	Somalia	SO	SO		6	48	SO	20250613230000	https://wardheernews.com/federalism-fractured-part-vii-somalias-rejection-of-the-c6-framework-rings-hollow/
1249589251	20250613	202506	2025	2025.4466	SOMGOV	SOMALI	SOM					GOV			GOV	SOVEREIGN						GOV			0	190	190	19	4	-10.0	6	1	6	-2.3489932885906	1	Somalia	SO	SO		6	48	SO	1	Somalia	SO	SO		6	48	SO	1	Somalia	SO	SO		6	48	SO	20250613230000	https://wardheernews.com/federalism-fractured-part-vii-somalias-rejection-of-the-c6-framework-rings-hollow/
1249589252	20250613	202506	2025	2025.4466	SOMGOV	SOMALIA	SOM					GOV			SOM	SOMALI	SOM								0	190	190	19	4	-10.0	2	1	2	-2.3489932885906	1	Somalia	SO	SO		6	48	SO	1	Somalia	SO	SO		6	48	SO	1	Somalia	SO	SO		6	48	SO	20250613230000	https://wardheernews.com/federalism-fractured-part-vii-somalias-rejection-of-the-c6-framework-rings-hollow/
1249589253	20250613	202506	2025	2025.4466	SPY	SECRET POLICE						SPY													0	013	013	01	1	0.4	8	1	8	-4.84848484848485	3	Washington, District of Columbia, United States	US	USDC	DC001	38.8951	-77.0364	531871	0								3	Washington, District of Columbia, United States	US	USDC	DC001	38.8951	-77.0364	531871	20250613230000	https://www.wired.com/story/no-kings-protests-citizen-run-ice-trackers-trigger-intelligence-warnings/
1249589254	20250613	202506	2025	2025.4466	SPY	SECRET POLICE						SPY													0	013	013	01	1	0.4	2	1	2	-4.84848484848485	2	California, United States	US	USCA		36.17	-119.746	CA	0								2	California, United States	US	USCA		36.17	-119.746	CA	20250613230000	https://www.wired.com/story/no-kings-protests-citizen-run-ice-trackers-trigger-intelligence-warnings/
1249589255	20250613	202506	2025	2025.4466	SPY	SECRET POLICE						SPY													0	181	181	18	4	-9.0	4	1	4	-4.84848484848485	2	California, United States	US	USCA		36.17	-119.746	CA	0								2	California, United States	US	USCA		36.17	-119.746	CA	20250613230000	https://www.wired.com/story/no-kings-protests-citizen-run-ice-trackers-trigger-intelligence-warnings/
1249589256	20250613	202506	2025	2025.4466	SPY	SECRET POLICE						SPY													0	181	181	18	4	-9.0	6	1	6	-4.84848484848485	2	Wisconsin, United States	US	USWI		44.2563	-89.6385	WI	0								2	Wisconsin, United States	US	USWI		44.2563	-89.6385	WI	20250613230000	https://www.wired.com/story/no-kings-protests-citizen-run-ice-trackers-trigger-intelligence-warnings/
1249589257	20250613	202506	2025	2025.4466	SPY	INTELLIGENCE						SPY			IGOSEAASN	ASEAN	SEA	ASN				IGO			1	014	014	01	1	0.0	8	1	8	3.38164251207729	1	China	CH	CH		35	105	CH	1	China	CH	CH		35	105	CH	1	China	CH	CH		35	105	CH	20250613230000	https://en.vietnamplus.vn/asean-poised-for-greater-role-in-global-economy-post320961.vnp
1249589258	20250613	202506	2025	2025.4466	SPY	INTELLIGENCE						SPY			ISR	JERUSALEM	ISR								0	010	010	01	1	0.0	3	1	3	-2.80373831775701	4	Tehran, Tehran, Iran	IR	IR26	41130	35.75	51.5148	10074674	4	Jerusalem, Israel (general), Israel	IS	IS00	18315	31.7667	35.2333	-797092	4	Jerusalem, Israel (general), Israel	IS	IS00	18315	31.7667	35.2333	-797092	20250613230000	https://www.yahoo.com/news/israel-unprecedented-attack-shows-iran-213713554.html
1249589259	20250613	202506	2025	2025.4466	TCDGOV	CHAD	TCD					GOV			NGA	NIGERIA	NGA								0	016	016	01	1	-2.0	2	1	2	-6.49558941459503	1	Chad	CD	CD		15	19	CD	1	Chad	CD	CD		15	19	CD	1	Chad	CD	CD		15	19	CD	20250613230000	https://www.okayafrica.com/today-in-africa-news-brief-2025/
1249589260	20250613	202506	2025	2025.4466	TCDGOV	CHAD	TCD					GOV			OPP	OPPOSITION PARTIES						OPP			0	120	120	12	3	-4.0	2	1	2	-6.49558941459503	1	Chad	CD	CD		15	19	CD	4	Lagos, Lagos, Nigeria	NI	NI05	191416	6.45306	3.39583	-2017355	4	Lagos, Lagos, Nigeria	NI	NI05	191416	6.45306	3.39583	-2017355	20250613230000	https://www.okayafrica.com/today-in-africa-news-brief-2025/
1249589261	20250613	202506	2025	2025.4466	TCDGOV	CHAD	TCD					GOV			ogo	OGONI			ogo						0	080	080	08	2	5.0	2	1	2	-6.49558941459503	1	Chad	CD	CD		15	19	CD	1	Chad	CD	CD		15	19	CD	1	Chad	CD	CD		15	19	CD	20250613230000	https://www.okayafrica.com/today-in-africa-news-brief-2025/
1249589262	20250613	202506	2025	2025.4466	TUR	TURKISH	TUR								GOVMIL	DEFENSE MINIST						GOV	MIL		1	010	010	01	1	0.0	7	1	7	-1.81818181818182	4	Anadolu, Turkey (general), Turkey	TU	TU00	28356	39	35	-735281	4	Anadolu, Turkey (general), Turkey	TU	TU00	28356	39	35	-735281	4	Anadolu, Turkey (general), Turkey	TU	TU00	28356	39	35	-735281	20250613230000	https://www.aa.com.tr/en/americas/turkish-fm-says-advancing-iran-nuclear-talks-initiated-by-trump-only-way-to-resolve-conflict/3597351
1249589263	20250613	202506	2025	2025.4466	TUR	TURKIYE	TUR								ISR	ISRAELI	ISR								0	040	040	04	1	1.0	5	1	5	-7.86516853932584	1	Israel	IS	IS		31.5	34.75	IS	1	Israel	IS	IS		31.5	34.75	IS	1	Israel	IS	IS		31.5	34.75	IS	20250613230000	https://dunyanews.tv/en/World/889241-how-the-world-is-reacting-to-israel-attacks-on-iran-nuclear-military-
1249589264	20250613	202506	2025	2025.4466	TUR	TURKIYE	TUR								ISR	ISRAELI	ISR								0	046	046	04	1	7.0	5	1	5	-7.86516853932584	1	Israel	IS	IS		31.5	34.75	IS	1	Israel	IS	IS		31.5	34.75	IS	1	Israel	IS	IS		31.5	34.75	IS	20250613230000	https://dunyanews.tv/en/World/889241-how-the-world-is-reacting-to-israel-attacks-on-iran-nuclear-military-
1249589265	20250613	202506	2025	2025.4466	TUR	ANKARA	TUR								ISR	ISRAEL	ISR								0	100	100	10	3	-5.0	7	1	7	-7.86516853932584	4	Ankara, Ankara, Turkey	TU	TU68	27516	39.9272	32.8644	-735338	1	Israel	IS	IS		31.5	34.75	IS	4	Ankara, Ankara, Turkey	TU	TU68	27516	39.9272	32.8644	-735338	20250613230000	https://dunyanews.tv/en/World/889241-how-the-world-is-reacting-to-israel-attacks-on-iran-nuclear-military-
1249589266	20250613	202506	2025	2025.4466	TUR	ANKARA	TUR								ISR	ISRAEL	ISR								0	100	100	10	3	-5.0	1	1	1	-7.86516853932584	1	Israel	IS	IS		31.5	34.75	IS	1	Israel	IS	IS		31.5	34.75	IS	1	Israel	IS	IS		31.5	34.75	IS	20250613230000	https://dunyanews.tv/en/World/889241-how-the-world-is-reacting-to-israel-attacks-on-iran-nuclear-military-
1249589267	20250613	202506	2025	2025.4466	TUR	ANKARA	TUR								ISR	ISRAEL	ISR								0	1124	112	11	3	-2.0	7	1	7	-7.86516853932584	4	Ankara, Ankara, Turkey	TU	TU68	27516	39.9272	32.8644	-735338	1	Israel	IS	IS		31.5	34.75	IS	1	Israel	IS	IS		31.5	34.75	IS	20250613230000	https://dunyanews.tv/en/World/889241-how-the-world-is-reacting-to-israel-attacks-on-iran-nuclear-military-
1249589268	20250613	202506	2025	2025.4466	TUR	ANKARA	TUR								ISR	ISRAEL	ISR								0	1124	112	11	3	-2.0	1	1	1	-7.86516853932584	1	Israel	IS	IS		31.5	34.75	IS	1	Israel	IS	IS		31.5	34.75	IS	1	Israel	IS	IS		31.5	34.75	IS	20250613230000	https://dunyanews.tv/en/World/889241-how-the-world-is-reacting-to-israel-attacks-on-iran-nuclear-military-
1249589269	20250613	202506	2025	2025.4466	TUR	TURKISH	TUR								SPY	INTELLIGENCE						SPY			1	010	010	01	1	0.0	3	1	3	-1.81818181818182	4	Anadolu, Turkey (general), Turkey	TU	TU00	28356	39	35	-735281	4	Anadolu, Turkey (general), Turkey	TU	TU00	28356	39	35	-735281	4	Anadolu, Turkey (general), Turkey	TU	TU00	28356	39	35	-735281	20250613230000	https://www.aa.com.tr/en/americas/turkish-fm-says-advancing-iran-nuclear-talks-initiated-by-trump-only-way-to-resolve-conflict/3597351
1249589270	20250613	202506	2025	2025.4466	UAF	TERRORIST GROUP						UAF													0	010	010	01	1	0.0	1	1	1	-8.61244019138756	1	Israel	IS	IS		31.5	34.75	IS	0								1	Israel	IS	IS		31.5	34.75	IS	20250613230000	https://www.algemeiner.com/2025/06/13/hezbollah-holds-fire-israeli-strike-iran-signaling-weakened-posture-amid-pressure-lebanese-government/
1249589271	20250613	202506	2025	2025.4466	UAF	TERRORIST GROUP						UAF													0	010	010	01	1	0.0	4	1	4	-8.61244019138756	1	Lebanon	LE	LE		33.833333	35.833333	LE	0								1	Lebanon	LE	LE		33.833333	35.833333	LE	20250613230000	https://www.algemeiner.com/2025/06/13/hezbollah-holds-fire-israeli-strike-iran-signaling-weakened-posture-amid-pressure-lebanese-government/
1249589272	20250613	202506	2025	2025.4466	UKR	UKRAINE	UKR																		1	190	190	19	4	-10.0	4	1	4	-2.01005025125628	4	Kyiv, Kyyiv, Misto, Ukraine	UP	UP12	28554	50.4333	30.5167	-1044367	0								1	United Kingdom	UK	UK		54	-4	UK	20250613230000	https://www.yahoo.com/news/ukraines-sapsan-ballistic-missile-enter-222433855.html
1249589273	20250613	202506	2025	2025.4466	UKR	UKRAINIAN	UKR								CANGOVBUS	MARK CARNEY	CAN					GOV	BUS		0	040	040	04	1	1.0	2	1	2	0.61199510403917	4	Donbas, Ukraine (general), Ukraine	UP	UP00	25090	48.5	38.5	-1038077	4	Donbas, Ukraine (general), Ukraine	UP	UP00	25090	48.5	38.5	-1038077	4	Donbas, Ukraine (general), Ukraine	UP	UP00	25090	48.5	38.5	-1038077	20250613230000	https://www.cbc.ca/news/politics/canada-signing-onto-european-rearment-deal-eu-canada-summit-1.7560891
1249589274	20250613	202506	2025	2025.4466	UKR	UKRAINIAN	UKR								CANGOVBUS	MARK CARNEY	CAN					GOV	BUS		0	040	040	04	1	1.0	2	1	2	0.61199510403917	4	Rome, Lazio, Italy	IT	IT07	18350	41.9	12.4833	-126693	1	Canada	CA	CA		60	-96	CA	1	Canada	CA	CA		60	-96	CA	20250613230000	https://www.cbc.ca/news/politics/canada-signing-onto-european-rearment-deal-eu-canada-summit-1.7560891
1249589275	20250613	202506	2025	2025.4466	UKR	KYIV	UKR								DEU	BERLIN	DEU								0	010	010	01	1	0.0	3	1	3	-2.01005025125628	4	Kyiv, Kyyiv, Misto, Ukraine	UP	UP12	28554	50.4333	30.5167	-1044367	4	Berlin, Berlin, Germany	GM	GM16	16538	52.5167	13.4	-1746443	4	Berlin, Berlin, Germany	GM	GM16	16538	52.5167	13.4	-1746443	20250613230000	https://www.yahoo.com/news/ukraines-sapsan-ballistic-missile-enter-222433855.html
1249589276	20250613	202506	2025	2025.4466	UKR	KYIV	UKR								DEU	BERLIN	DEU								0	124	124	12	3	-4.0	3	1	3	-2.01005025125628	4	Kyiv, Kyyiv, Misto, Ukraine	UP	UP12	28554	50.4333	30.5167	-1044367	4	Berlin, Berlin, Germany	GM	GM16	16538	52.5167	13.4	-1746443	4	Berlin, Berlin, Germany	GM	GM16	16538	52.5167	13.4	-1746443	20250613230000	https://www.yahoo.com/news/ukraines-sapsan-ballistic-missile-enter-222433855.html
1249589277	20250613	202506	2025	2025.4466	UKR	KYIV	UKR								GBR	BRITISH	GBR								0	072	072	07	2	8.3	3	1	3	-2.01005025125628	4	Kyiv, Kyyiv, Misto, Ukraine	UP	UP12	28554	50.4333	30.5167	-1044367	1	United Kingdom	UK	UK		54	-4	UK	4	Kyiv, Kyyiv, Misto, Ukraine	UP	UP12	28554	50.4333	30.5167	-1044367	20250613230000	https://www.yahoo.com/news/ukraines-sapsan-ballistic-missile-enter-222433855.html
1249589278	20250613	202506	2025	2025.4466	UKR	UKRAINIAN	UKR								RUSMIL	RUSSIAN	RUS					MIL			1	043	043	04	1	2.8	3	1	3	-2.01005025125628	4	Kyiv, Kyyiv, Misto, Ukraine	UP	UP12	28554	50.4333	30.5167	-1044367	1	Russia	RS	RS		60	100	RS	4	Kyiv, Kyyiv, Misto, Ukraine	UP	UP12	28554	50.4333	30.5167	-1044367	20250613230000	https://www.yahoo.com/news/ukraines-sapsan-ballistic-missile-enter-222433855.html
1249589279	20250613	202506	2025	2025.4466	UKRGOV	UKRAINIAN	UKR					GOV			CANGOVBUS	MARK CARNEY	CAN					GOV	BUS		0	040	040	04	1	1.0	6	1	6	0.61199510403917	4	Donbas, Ukraine (general), Ukraine	UP	UP00	25090	48.5	38.5	-1038077	4	Donbas, Ukraine (general), Ukraine	UP	UP00	25090	48.5	38.5	-1038077	4	Donbas, Ukraine (general), Ukraine	UP	UP00	25090	48.5	38.5	-1038077	20250613230000	https://www.cbc.ca/news/politics/canada-signing-onto-european-rearment-deal-eu-canada-summit-1.7560891
1249589280	20250613	202506	2025	2025.4466	USA	UNITED STATES	USA																		1	010	010	01	1	0.0	2	1	2	4.4776119402985	4	Il Ponte, Emilia-Romagna, Italy	IT	IT05	18334	44.4667	11.5167	-119207	0								4	Il Ponte, Emilia-Romagna, Italy	IT	IT05	18334	44.4667	11.5167	-119207	20250613230000	https://urbanmilwaukee.com/2025/06/13/more-details-revealed-about-planned-italian-restaurant/
1249589281	20250613	202506	2025	2025.4466	USA	THE US	USA																		1	010	010	01	1	0.0	2	1	2	-0.39113428943937	4	Sydney, New South Wales, Australia	AS	AS02	154637	-33.8833	151.217	-1603135	0								4	Sydney, New South Wales, Australia	AS	AS02	154637	-33.8833	151.217	-1603135	20250613230000	https://www.yahoo.com/news/aukus-could-trump-sink-australias-220525446.html
1249589282	20250613	202506	2025	2025.4466	USA	UNITED STATES	USA																		1	010	010	01	1	0.0	2	1	2	4.19161676646707	3	Meadville, Virginia, United States	US	USVA	VA083	36.8346	-79.032	1477532	0								3	Meadville, Virginia, United States	US	USVA	VA083	36.8346	-79.032	1477532	20250613230000	https://www.yahoo.com/news/onward-upward-35th-annual-thurston-192327754.html
1249589283	20250613	202506	2025	2025.4466	USA	UNITED STATES	USA																		0	010	010	01	1	0.0	1	1	1	3.14852840520192	3	Grand Park, California, United States	US	USCA	CA059	33.8075	-117.911	1765119	0								3	Grand Park, California, United States	US	USCA		33.8075	-117.911	1765119	20250613230000	https://www.foxla.com/news/a-united-church-la-faith-leaders-different-denominations-bring-flowers-instead-fear
1249589284	20250613	202506	2025	2025.4466	USA	UNITED STATES	USA																		0	010	010	01	1	0.0	2	1	2	-0.60753341433779	3	Chicago, Illinois, United States	US	USIL	IL031	41.85	-87.6501	423587	0								2	Virginia, United States	US	USVA		37.768	-78.2057	VA	20250613230000	https://www.cnn.com/2025/06/13/us/angelina-resendiz-navy-sailor-death
1249589285	20250613	202506	2025	2025.4466	USA	UNITED STATES	USA																		1	010	010	01	1	0.0	2	1	2	0	3	East Lansing, Michigan, United States	US	USMI	MI065	42.737	-84.4839	625219	0								3	Detroit, Michigan, United States	US	USMI	MI163	42.3314	-83.0458	1617959	20250613230000	https://www.wxyz.com/news/political/spotlight-on-the-news/spotlight-on-the-news-inside-the-detroit-mayoral-race-jenkins-and-durhal-iii
1249589286	20250613	202506	2025	2025.4466	USA	UNITED STATES	USA																		1	010	010	01	1	0.0	2	1	2	0	3	East Lansing, Michigan, United States	US	USMI	MI065	42.737	-84.4839	625219	0								3	East Lansing, Michigan, United States	US	USMI		42.737	-84.4839	625219	20250613230000	https://www.wxyz.com/news/political/spotlight-on-the-news/spotlight-on-the-news-inside-the-detroit-mayoral-race-jenkins-and-durhal-iii
1249589287	20250613	202506	2025	2025.4466	USA	UNITED STATES	USA																		1	010	010	01	1	0.0	2	1	2	1.41843971631206	2	Alaska, United States	US	USAK		61.385	-152.268	AK	0								2	North Carolina, United States	US	USNC		35.6411	-79.8431	NC	20250613230000	https://www.aol.com/finance/revolutionary-aircraft-maker-selects-north-192226280.html
1249589288	20250613	202506	2025	2025.4466	USA	UNITED STATES	USA																		1	012	012	01	1	-0.4	2	1	2	-0.59665871121718	2	New Hampshire, United States	US	USNH		43.4108	-71.5653	NH	0								2	New Hampshire, United States	US	USNH		43.4108	-71.5653	NH	20250613230000	https://concordmonitor.com/Concord-City-Councilors-push-for-committee-reform-after-mistaken-appointment-Deak-61738460
1249589289	20250613	202506	2025	2025.4466	USA	UNITED STATES	USA																		0	013	013	01	1	0.4	2	1	2	1.81451612903226	3	Washington, District of Columbia, United States	US	USDC	DC001	38.8951	-77.0364	531871	0								4	New Delhi, Delhi, India	IN	IN07	17911	28.6	77.2	-2106102	20250613230000	https://www.dailyexcelsior.com/india-keen-to-conclude-interim-trade-deal-with-usa-by-july-9-this-year/
1249589290	20250613	202506	2025	2025.4466	USA	MIAMI	USA																		1	014	014	01	1	0.0	10	1	10	-4.2	3	Miami, Florida, United States	US	USFL	FL086	25.7743	-80.1937	295004	0								1	Haiti	HA	HA		19	-72.416667	HA	20250613230000	https://thefederalist.com/2025/06/13/judge-blocks-trump-election-integrity-eo-after-yet-another-alleged-case-of-noncitizen-voting/
1249589291	20250613	202506	2025	2025.4466	USA	UNITED STATES	USA																		0	016	016	01	1	-2.0	2	1	2	-5.53935860058309	2	Massachusetts, United States	US	USMA		42.2373	-71.5314	MA	0								3	Boston, Massachusetts, United States	US	USMA	MA025	42.3584	-71.0598	617565	20250613230000	https://www.wokv.com/news/jury-begins/U35MMTGL3ZCKDE35JHCF42J6TY/
1249589292	20250613	202506	2025	2025.4466	USA	UNITED STATES	USA																		0	020	020	02	1	3.0	2	1	2	-5.85774058577406	3	Bell County, Texas, United States	US	USTX	TX027	31.0502	-97.4669	1383799	0								3	Bell County, Texas, United States	US	USTX		31.0502	-97.4669	1383799	20250613230000	https://www.yahoo.com/news/search-underway-bell-county-jail-201500309.html
1249589293	20250613	202506	2025	2025.4466	USA	TEXAS	USA																		1	020	020	02	1	3.0	4	1	4	1.93133047210301	3	State Of Texas, Texas, United States	US	USTX	TX083	31.2504	-99.2506	1779801	0								2	Texas, United States	US	USTX		31.106	-97.6475	TX	20250613230000	https://us105fm.com/ixp/195/p/texas-license-renewal-changes/
1249589294	20250613	202506	2025	2025.4466	USA	UNITED STATES	USA																		0	020	020	02	1	3.0	2	1	2	-2.32843137254902	3	Springfield, Illinois, United States	US	USIL	IL167	39.8017	-89.6437	426595	0								2	Illinois, United States	US	USIL		40.3363	-89.0022	IL	20250613230000	https://www.wokv.com/news/national/longest-serving/6D56FNKQLFA7FNL5UEZECZBV3M/
1249589295	20250613	202506	2025	2025.4466	USA	UNITED STATES	USA																		0	020	020	02	1	3.0	4	1	4	1.81451612903226	3	Washington, District of Columbia, United States	US	USDC	DC001	38.8951	-77.0364	531871	0								4	New Delhi, Delhi, India	IN	IN07	17911	28.6	77.2	-2106102	20250613230000	https://www.dailyexcelsior.com/india-keen-to-conclude-interim-trade-deal-with-usa-by-july-9-this-year/
1249589296	20250613	202506	2025	2025.4466	USA	UNITED STATES	USA																		1	020	020	02	1	3.0	3	1	3	0.65252854812398	3	Castle Island, Massachusetts, United States	US	USMA	MA025	42.3376	-71.0106	612890	0								3	Castle Island, Massachusetts, United States	US	USMA		42.3376	-71.0106	612890	20250613230000	https://www.boston.com/food/restaurants/2025/06/13/best-french-fries-boston/
1249589297	20250613	202506	2025	2025.4466	USA	UNITED STATES	USA																		0	020	020	02	1	3.0	4	1	4	-0.59665871121718	3	East Concord, New Hampshire, United States	US	USNH	NH013	43.242	-71.5381	866701	0								3	East Concord, New Hampshire, United States	US	USNH		43.242	-71.5381	866701	20250613230000	https://concordmonitor.com/Concord-City-Councilors-push-for-committee-reform-after-mistaken-appointment-Deak-61738460
1249589298	20250613	202506	2025	2025.4466	USA	WASHINGTON	USA																		1	022	022	02	1	3.2	7	1	7	-2.35294117647059	3	Washington, District of Columbia, United States	US	USDC	DC001	38.8951	-77.0364	531871	0								3	Washington, District of Columbia, United States	US	USDC	DC001	38.8951	-77.0364	531871	20250613230000	https://960weli.iheart.com/featured/coast-to-coast-am/content/2025-06-13-this-weeks-weird-news-61325/
1249589299	20250613	202506	2025	2025.4466	USA	LAWRENCE	USA																		0	026	026	02	1	4.0	6	1	6	-3.45710627400769	3	Wauchula, Florida, United States	US	USFL	FL049	27.5473	-81.8115	292949	0								3	Wauchula, Florida, United States	US	USFL	FL049	27.5473	-81.8115	292949	20250613230000	https://www.yahoo.com/news/lawmakers-seal-lean-budget-deal-221435453.html
1249589300	20250613	202506	2025	2025.4466	USA	COLORADO	USA																		1	028	028	02	1	4.0	10	1	10	-4.94037478705282	2	Colorado, United States	US	USCO		39.0646	-105.327	CO	0								2	Colorado, United States	US	USCO		39.0646	-105.327	CO	20250613230000	https://gazette.com/colorado_politics/federal-judge-rejects-epstein-linked-businessmans-request-to-shield-case/article_4dd2f4bd-2bfd-578c-8c77-6183e09f5121.html
1249589301	20250613	202506	2025	2025.4466	USA	UNITED STATES	USA																		1	0353	035	03	1	7.0	4	1	4	-5.85774058577406	3	Bell County, Texas, United States	US	USTX	TX027	31.0502	-97.4669	1383799	0								3	Bell County, Texas, United States	US	USTX		31.0502	-97.4669	1383799	20250613230000	https://www.yahoo.com/news/search-underway-bell-county-jail-201500309.html
1249589302	20250613	202506	2025	2025.4466	USA	UNITED STATES	USA																		1	036	036	03	1	4.0	2	1	2	2.26843100189036	3	Isle Royale, Michigan, United States	US	USMI	MI083	48.0004	-88.8334	1618306	0								3	Isle Royale, Michigan, United States	US	USMI		48.0004	-88.8334	1618306	20250613230000	https://wbckfm.com/ixp/43/p/isle-royale-national-park-michigan/
1249589303	20250613	202506	2025	2025.4466	USA	MICHIGAN	USA																		1	036	036	03	1	4.0	8	1	8	2.26843100189036	3	Isle Royale, Michigan, United States	US	USMI	MI083	48.0004	-88.8334	1618306	0								2	Michigan, United States	US	USMI		43.3504	-84.5603	MI	20250613230000	https://wbckfm.com/ixp/43/p/isle-royale-national-park-michigan/
1249589304	20250613	202506	2025	2025.4466	USA	UNITED STATES	USA																		1	036	036	03	1	4.0	2	1	2	5.03432494279176	3	Mesa Verde, California, United States	US	USCA	CA065	33.6059	-114.731	1661106	0								3	Moorpark, California, United States	US	USCA	CA111	34.2856	-118.882	1652754	20250613230000	https://www.mpacorn.com/articles/dedication-reflected-in-new-title/
1249589305	20250613	202506	2025	2025.4466	USA	UNITED STATES	USA																		1	036	036	03	1	4.0	2	1	2	5.03432494279176	3	Mesa Verde, California, United States	US	USCA	CA065	33.6059	-114.731	1661106	0								3	Mesa Verde, California, United States	US	USCA		33.6059	-114.731	1661106	20250613230000	https://www.mpacorn.com/articles/dedication-reflected-in-new-title/
1249589306	20250613	202506	2025	2025.4466	USA	UNITED STATES	USA																		1	036	036	03	1	4.0	2	1	2	5.03432494279176	3	Chaparral Middle School, California, United States	US	USCA	CA037	33.9954	-117.819	1724386	0								3	Chaparral Middle School, California, United States	US	USCA		33.9954	-117.819	1724386	20250613230000	https://www.mpacorn.com/articles/dedication-reflected-in-new-title/
1249589307	20250613	202506	2025	2025.4466	USA	THE US	USA																		0	040	040	04	1	1.0	2	1	2	1.81451612903226	4	New Delhi, Delhi, India	IN	IN07	17911	28.6	77.2	-2106102	0								4	New Delhi, Delhi, India	IN	IN07	17911	28.6	77.2	-2106102	20250613230000	https://www.dailyexcelsior.com/india-keen-to-conclude-interim-trade-deal-with-usa-by-july-9-this-year/
1249589308	20250613	202506	2025	2025.4466	USA	JACKSONVILLE	USA																		1	040	040	04	1	1.0	2	1	2	5.15463917525773	4	Bern, Bern, Switzerland	SZ	SZ05	26290	46.9167	7.46667	-2551235	0								3	Washington, District of Columbia, United States	US	USDC	DC001	38.8951	-77.0364	531871	20250613230000	https://wcti12.com/news/local/juneteenth-parade-in-new-bern-to-celebrate-cultural-pride
1249589309	20250613	202506	2025	2025.4466	USA	UNITED STATES	USA																		1	040	040	04	1	1.0	4	1	4	-5.55555555555556	3	Brooklyn, Florida, United States	US	USFL	FL031	30.3236	-81.6745	279437	0								3	Brooklyn, Florida, United States	US	USFL	FL031	30.3236	-81.6745	279437	20250613230000	https://www.vladtv.com/article/311464/bobby-shmurda-on-getting-arrested-with-15-gs9-members-accused-of-being-g
1249589310	20250613	202506	2025	2025.4466	USA	UNITED STATES	USA																		1	040	040	04	1	1.0	4	1	4	1.12676056338029	3	Soda Springs, Idaho, United States	US	USID	ID029	42.6544	-111.605	400099	0								3	Soda Springs, Idaho, United States	US	USID		42.6544	-111.605	400099	20250613230000	https://www.postregister.com/news/local/environmental-groups-plan-wildlife-corridors-in-southeast-idaho/article_daefd614-eb13-4ff4-ae25-32a3c4231b89.html
1249589311	20250613	202506	2025	2025.4466	USA	UNITED STATES	USA																		1	042	042	04	1	1.9	1	1	1	-4.09356725146199	3	Seattle, Washington, United States	US	USWA	WA033	47.6062	-122.332	1512650	0								4	Beijing, Beijing, China	CH	CH22	13001	39.9289	116.388	-1898541	20250613230000	https://www.scmp.com/news/world/united-states-canada/article/3314417/boeing-delivers-1st-plane-china-trump-tariff-war-reprieve
1249589312	20250613	202506	2025	2025.4466	USA	SEATTLE	USA																		1	042	042	04	1	1.9	2	1	2	-4.09356725146199	3	Seattle, Washington, United States	US	USWA	WA033	47.6062	-122.332	1512650	0								3	Seattle, Washington, United States	US	USWA	WA033	47.6062	-122.332	1512650	20250613230000	https://www.scmp.com/news/world/united-states-canada/article/3314417/boeing-delivers-1st-plane-china-trump-tariff-war-reprieve
1249589313	20250613	202506	2025	2025.4466	USA	ORLANDO	USA																		1	042	042	04	1	1.9	1	1	1	4.19580419580419	3	Lakeland, Florida, United States	US	USFL	FL105	28.0395	-81.9498	294459	0								3	Lakeland, Florida, United States	US	USFL	FL105	28.0395	-81.9498	294459	20250613230000	https://www.yahoo.com/news/miss-florida-usa-2025-uf-211518819.html
1249589314	20250613	202506	2025	2025.4466	USA	UNITED STATES	USA																		0	042	042	04	1	1.9	2	1	2	0	3	White House, District of Columbia, United States	US	USDC		38.8951	-77.0364	531871	0								1	Israel	IS	IS		31.5	34.75	IS	20250613230000	https://960weli.iheart.com/featured/the-clay-travis-and-buck-sexton-show/content/2025-06-13-1119-the-clay-travis-and-buck-hour-3-an-israeli-pov/
1249589315	20250613	202506	2025	2025.4466	USA	UNITED STATES	USA																		0	043	043	04	1	2.8	6	1	6	-5.67612687813022	3	Butler County, Ohio, United States	US	USOH	OH017	39.4501	-84.5666	1074021	0								3	Butler County, Ohio, United States	US	USOH		39.4501	-84.5666	1074021	20250613230000	https://www.fox19.com/2025/06/13/butler-county-murder-trial-mexican-police-officer-ends-guilty-verdict/
1249589316	20250613	202506	2025	2025.4466	USA	UNITED STATES	USA																		0	043	043	04	1	2.8	1	1	1	0.89418777943369	3	Los Angeles, California, United States	US	USCA	CA037	34.0522	-118.244	1662328	0								2	California, United States	US	USCA		36.17	-119.746	CA	20250613230000	https://www.yahoo.com/news/cnn-data-guru-ice-raids-183040942.html
1249589317	20250613	202506	2025	2025.4466	USA	UNITED STATES	USA																		0	043	043	04	1	2.8	1	1	1	3.14852840520192	3	Grand Park, California, United States	US	USCA	CA059	33.8075	-117.911	1765119	0								3	Grand Park, California, United States	US	USCA		33.8075	-117.911	1765119	20250613230000	https://www.foxla.com/news/a-united-church-la-faith-leaders-different-denominations-bring-flowers-instead-fear
1249589318	20250613	202506	2025	2025.4466	USA	UNITED STATES	USA																		1	043	043	04	1	2.8	6	1	6	1.44927536231884	3	City Of Mobile, Alabama, United States	US	USAL	AL097	30.674	-88.0891	2404278	0								3	City Of Mobile, Alabama, United States	US	USAL		30.674	-88.0891	2404278	20250613230000	https://www.fox10tv.com/2025/06/13/city-mobile-hosts-traffic-warrant-clinic-with-twist/
1249589319	20250613	202506	2025	2025.4466	USA	UNITED STATES	USA																		1	043	043	04	1	2.8	6	1	6	3.06122448979592	3	Portneuf River, Idaho, United States	US	USID	ID005	42.9516	-112.751	388793	0								3	Portneuf River, Idaho, United States	US	USID		42.9516	-112.751	388793	20250613230000	https://localnews8.com/news/2025/06/13/poky-paddle-event-returns-to-portneuf-river-friday/
1249589320	20250613	202506	2025	2025.4466	USA	UNITED STATES	USA																		0	043	043	04	1	2.8	6	1	6	5.54666666666667	2	Kansas, United States	US	USKS		38.5111	-96.8005	KS	0								2	Kansas, United States	US	USKS		38.5111	-96.8005	KS	20250613230000	https://screenrant.com/fantasy-movies-great-start-to-finish/
1249589321	20250613	202506	2025	2025.4466	USA	OHIO	USA																		1	043	043	04	1	2.8	2	1	2	3.125	2	Ohio, United States	US	USOH		40.3736	-82.7755	OH	0								3	Dayton, Ohio, United States	US	USOH	OH113	39.7589	-84.1916	1064514	20250613230000	https://www.yahoo.com/news/wright-flyer-iii-now-ohio-201359971.html
1249589322	20250613	202506	2025	2025.4466	USA	UNITED STATES	USA																		0	050	050	05	1	3.5	4	1	4	1.81451612903226	3	Washington, District of Columbia, United States	US	USDC	DC001	38.8951	-77.0364	531871	0								4	New Delhi, Delhi, India	IN	IN07	17911	28.6	77.2	-2106102	20250613230000	https://www.dailyexcelsior.com/india-keen-to-conclude-interim-trade-deal-with-usa-by-july-9-this-year/
1249589323	20250613	202506	2025	2025.4466	USA	UNITED STATES	USA																		1	051	051	05	1	3.4	2	1	2	8.87445887445887	3	Glenwood, Washington, United States	US	USWA	WA075	46.9277	-117.28	1510994	0								3	Glenwood, Washington, United States	US	USWA	WA075	46.9277	-117.28	1510994	20250613230000	https://www.yahoo.com/news/jorita-bowers-youngstown-ohio-201857246.html
1249589324	20250613	202506	2025	2025.4466	USA	UNITED STATES	USA																		1	051	051	05	1	3.4	2	1	2	-1.46699266503667	3	Moorpark, California, United States	US	USCA	CA111	34.2856	-118.882	1652754	0								3	Moorpark, California, United States	US	USCA	CA111	34.2856	-118.882	1652754	20250613230000	https://www.mpacorn.com/articles/deputy-deployments-wont-affect-contract-cities/
1249589325	20250613	202506	2025	2025.4466	USA	UNITED STATES	USA																		0	051	051	05	1	3.4	1	1	1	0	3	Hollywood, California, United States	US	USCA	CA037	34.0983	-118.327	1660757	0								4	El Prado, Nuevo LeóX, Mexico	MX	MX19	20887	25.1333	-100.717	-1665762	20250613230000	https://www.hollywoodreporter.com/lifestyle/arts/la-literati-toast-on-the-rag-1236264124/
1249589326	20250613	202506	2025	2025.4466	USA	UNITED STATES	USA																		0	051	051	05	1	3.4	2	1	2	0	3	Echo Park, California, United States	US	USCA	CA037	34.09	-118.259	2453030	0								4	El Prado, Nuevo LeóX, Mexico	MX	MX19	20887	25.1333	-100.717	-1665762	20250613230000	https://www.hollywoodreporter.com/lifestyle/arts/la-literati-toast-on-the-rag-1236264124/
1249589327	20250613	202506	2025	2025.4466	USA	UNITED STATES	USA																		0	051	051	05	1	3.4	1	1	1	0	3	Echo Park, California, United States	US	USCA	CA037	34.09	-118.259	2453030	0								3	Echo Park, California, United States	US	USCA		34.09	-118.259	2453030	20250613230000	https://www.hollywoodreporter.com/lifestyle/arts/la-literati-toast-on-the-rag-1236264124/
1249589328	20250613	202506	2025	2025.4466	USA	UNITED STATES	USA																		1	051	051	05	1	3.4	2	1	2	-2.47678018575851	3	Maricopa County, Arizona, United States	US	USAZ	AZ013	33.5	-112.501	37026	0								3	Maricopa County, Arizona, United States	US	USAZ		33.5	-112.501	37026	20250613230000	https://www.kjzz.org/politics/2025-06-13/judge-dismisses-suit-against-arizona-corporation-commissions-new-yearly-rate-adjustments
1249589329	20250613	202506	2025	2025.4466	USA	UNITED STATES	USA																		0	051	051	05	1	3.4	2	1	2	-4.62633451957296	3	Baltimore, Maryland, United States	US	USMD	MD510	39.2904	-76.6122	597040	0								2	New York, United States	US	USNY		42.1497	-74.9384	NY	20250613230000	https://www.baltimoresun.com/2025/06/13/why-baltimore-ice-protests-remained-non-violent/
1249589330	20250613	202506	2025	2025.4466	USA	UNITED STATES	USA																		0	051	051	05	1	3.4	4	1	4	-4.04097894137735	2	Illinois, United States	US	USIL		40.3363	-89.0022	IL	0								3	Chicago, Illinois, United States	US	USIL	IL031	41.85	-87.6501	423587	20250613230000	https://www.yahoo.com/news/ex-illinois-house-speaker-michael-220600809.html
1249589331	20250613	202506	2025	2025.4466	USA	LOS ANGELES	USA																		1	060	060	06	2	6.0	1	1	1	-11.7021276595745	3	Palmdale, California, United States	US	USCA	CA037	34.5794	-118.116	1652769	0								3	Los Angeles, California, United States	US	USCA		34.0522	-118.244	1662328	20250613230000	https://www.yahoo.com/news/two-arrested-fatal-stabbing-84-203253798.html
1249589332	20250613	202506	2025	2025.4466	USA	THE US	USA																		0	061	061	06	2	6.4	10	1	10	1.81451612903226	4	New Delhi, Delhi, India	IN	IN07	17911	28.6	77.2	-2106102	0								4	New Delhi, Delhi, India	IN	IN07	17911	28.6	77.2	-2106102	20250613230000	https://www.dailyexcelsior.com/india-keen-to-conclude-interim-trade-deal-with-usa-by-july-9-this-year/
1249589333	20250613	202506	2025	2025.4466	USA	ARIZONA	USA																		1	070	070	07	2	7.0	10	1	10	-0.8130081300813	3	Maricopa County, Arizona, United States	US	USAZ	AZ013	33.5	-112.501	37026	0								3	Maricopa County, Arizona, United States	US	USAZ		33.5	-112.501	37026	20250613230000	https://www.kjzz.org/kjzz-news/2025-06-13/cass-says-it-gives-away-5-000-water-bottles-a-day-in-phoenix-summer-it-desperately-needs-more
1249589334	20250613	202506	2025	2025.4466	USA	MILWAUKEE	USA																		1	071	071	07	2	7.4	6	1	6	1.42671854734112	3	King Park, Wisconsin, United States	US	USWI	WI117	43.7369	-87.7106	1567501	0								3	King Park, Wisconsin, United States	US	USWI		43.7369	-87.7106	1567501	20250613230000	https://urbanmilwaukee.com/2025/06/13/mke-county-grand-opening-held-for-new-coggs-building/
1249589335	20250613	202506	2025	2025.4466	USA	IDAHO	USA																		0	071	071	07	2	7.4	1	1	1	-8.66773675762438	3	Delta County, Colorado, United States	US	USCO	CO029	38.85	-107.851	198130	0								2	Idaho, United States	US	USID		44.2394	-114.51	ID	20250613230000	https://www.gjsentinel.com/news/western_colorado/guilty-verdict-in-paonia-double-murder/article_55e93ee0-bb37-4fec-a9d2-265ee34eb6c9.html
1249589336	20250613	202506	2025	2025.4466	USA	IDAHO	USA																		0	071	071	07	2	7.4	1	1	1	-8.66773675762438	2	Idaho, United States	US	USID		44.2394	-114.51	ID	0								3	Paonia, Colorado, United States	US	USCO	CO029	38.8683	-107.592	186589	20250613230000	https://www.gjsentinel.com/news/western_colorado/guilty-verdict-in-paonia-double-murder/article_55e93ee0-bb37-4fec-a9d2-265ee34eb6c9.html
1249589337	20250613	202506	2025	2025.4466	USA	OKLAHOMA	USA																		1	072	072	07	2	8.3	10	1	10	0	2	Oklahoma, United States	US	USOK		35.5376	-96.9247	OK	0								2	Oklahoma, United States	US	USOK		35.5376	-96.9247	OK	20250613230000	https://okcfox.com/news/local/game-changer-aircraft-set-to-launch-into-space-from-oklahoma-in-2027
1249589338	20250613	202506	2025	2025.4466	USA	UNITED STATES	USA																		1	073	073	07	2	7.4	2	1	2	-0.766283524904209	3	Davidson County, North Carolina, United States	US	USNC	NC057	35.8168	-80.2331	1008548	0								3	Davidson County, North Carolina, United States	US	USNC		35.8168	-80.2331	1008548	20250613230000	https://www.wfmynews2.com/article/news/crime/2-charged-over-100-dogs-rescued-from-suspected-davidson-county-puppy-mill/83-2f9657eb-544c-4813-bac8-f4ba52359661
1249589339	20250613	202506	2025	2025.4466	USA	UNITED STATES	USA																		1	080	080	08	2	5.0	2	1	2	-4.60526315789474	3	Binghamton, California, United States	US	USCA	CA095	38.3513	-121.823	252630	0								3	Binghamton, California, United States	US	USCA	CA095	38.3513	-121.823	252630	20250613230000	https://www.yahoo.com/news/people-protesting-more-usual-jaw-221606152.html
1249589340	20250613	202506	2025	2025.4466	USA	TEXAS	USA																		1	090	090	09	2	-2.0	9	1	9	-5.85774058577406	3	Bell County, Texas, United States	US	USTX	TX027	31.0502	-97.4669	1383799	0								3	Bell County, Texas, United States	US	USTX		31.0502	-97.4669	1383799	20250613230000	https://www.yahoo.com/news/search-underway-bell-county-jail-201500309.html
1249589341	20250613	202506	2025	2025.4466	USA	UNITED STATES	USA																		0	090	090	09	2	-2.0	8	1	8	-4.62633451957296	3	Baltimore, Maryland, United States	US	USMD	MD510	39.2904	-76.6122	597040	0								3	Baltimore, Maryland, United States	US	USMD	MD510	39.2904	-76.6122	597040	20250613230000	https://www.baltimoresun.com/2025/06/13/why-baltimore-ice-protests-remained-non-violent/
1249589342	20250613	202506	2025	2025.4466	USA	UNITED STATES	USA																		0	100	100	10	3	-5.0	8	1	8	-4.62633451957296	3	Baltimore, Maryland, United States	US	USMD	MD510	39.2904	-76.6122	597040	0								3	Baltimore, Maryland, United States	US	USMD	MD510	39.2904	-76.6122	597040	20250613230000	https://www.baltimoresun.com/2025/06/13/why-baltimore-ice-protests-remained-non-violent/
1249589343	20250613	202506	2025	2025.4466	USA	UNITED STATES	USA																		1	110	110	11	3	-2.0	2	1	2	-2.47678018575851	3	Maricopa County, Arizona, United States	US	USAZ	AZ013	33.5	-112.501	37026	0								3	Maricopa County, Arizona, United States	US	USAZ		33.5	-112.501	37026	20250613230000	https://www.kjzz.org/politics/2025-06-13/judge-dismisses-suit-against-arizona-corporation-commissions-new-yearly-rate-adjustments
1249589344	20250613	202506	2025	2025.4466	USA	UNITED STATES	USA																		1	111	111	11	3	-2.0	4	1	4	1.83792815371762	4	Paris, France (general), France	FR	FR00	16282	48.8667	2.33333	-1456928	0								4	Paris, France (general), France	FR	FR00	16282	48.8667	2.33333	-1456928	20250613230000	https://www.marieclaire.com/fashion/wray-store-closing-size-inclusive-fashion/
1249589345	20250613	202506	2025	2025.4466	USA	UNITED STATES	USA																		1	111	111	11	3	-2.0	2	1	2	-5.62130177514793	2	Mississippi, United States	US	USMS		32.7673	-89.6812	MS	0								2	Mississippi, United States	US	USMS		32.7673	-89.6812	MS	20250613230000	https://nypost.com/2025/06/13/opinion/anti-ice-rioters-are-just-as-out-of-line-as-anti-black-racists-in-62/
1249589346	20250613	202506	2025	2025.4466	USA	UNITED STATES	USA																		1	120	120	12	3	-4.0	6	1	6	-0.33745781777278	3	Compton, California, United States	US	USCA	CA037	33.8958	-118.22	1652689	0								3	Compton, California, United States	US	USCA	CA037	33.8958	-118.22	1652689	20250613230000	https://chicago.suntimes.com/immigration/2025/06/13/chicago-trump-immigration-deportations-california-los-angeles-compton-northwestern-family-separations
1249589347	20250613	202506	2025	2025.4466	USA	UNITED STATES	USA																		1	120	120	12	3	-4.0	1	1	1	-5.03978779840849	3	Los Angeles, California, United States	US	USCA	CA037	34.0522	-118.244	1662328	0								2	California, United States	US	USCA		36.17	-119.746	CA	20250613230000	https://thefederalist.com/2025/06/13/heres-how-the-media-are-lying-right-now-alex-padilla-just-asking-a-question-edition/
1249589348	20250613	202506	2025	2025.4466	USA	LOS ANGELES	USA																		1	120	120	12	3	-4.0	4	1	4	-0.33745781777278	3	Los Angeles County, California, United States	US	USCA	CA037	34.3667	-118.201	277283	0								3	Compton, California, United States	US	USCA	CA037	33.8958	-118.22	1652689	20250613230000	https://chicago.suntimes.com/immigration/2025/06/13/chicago-trump-immigration-deportations-california-los-angeles-compton-northwestern-family-separations
1249589349	20250613	202506	2025	2025.4466	USA	BOSTON	USA																		1	120	120	12	3	-4.0	2	1	2	0.65252854812398	3	Castle Island, Massachusetts, United States	US	USMA	MA025	42.3376	-71.0106	612890	0								3	Castle Island, Massachusetts, United States	US	USMA		42.3376	-71.0106	612890	20250613230000	https://www.boston.com/food/restaurants/2025/06/13/best-french-fries-boston/
1249589350	20250613	202506	2025	2025.4466	USA	UNITED STATES	USA																		0	129	129	12	3	-5.0	2	1	2	-3.45710627400769	2	Florida, United States	US	USFL		27.8333	-81.717	FL	0								2	Florida, United States	US	USFL		27.8333	-81.717	FL	20250613230000	https://www.yahoo.com/news/lawmakers-seal-lean-budget-deal-221435453.html
1249589351	20250613	202506	2025	2025.4466	USA	UNITED STATES	USA																		1	130	130	13	3	-4.4	4	1	4	-4.76190476190476	3	Orlando Police Department, Florida, United States	US	USFL	FL095	28.5413	-81.3834	2331456	0								3	Orlando Police Department, Florida, United States	US	USFL		28.5413	-81.3834	2331456	20250613230000	https://www.yahoo.com/news/central-florida-law-enforcement-gears-222614582.html
1249589352	20250613	202506	2025	2025.4466	USA	UNITED STATES	USA																		1	172	172	17	4	-5.0	2	1	2	-2.65604249667995	3	Honolulu, Hawaii, United States	US	USHI	HI003	21.3069	-157.858	366212	0								3	Honolulu, Hawaii, United States	US	USHI	HI003	21.3069	-157.858	366212	20250613230000	https://www.yahoo.com/news/9-tips-avoid-gold-scams-200346101.html
1249589353	20250613	202506	2025	2025.4466	USA	UNITED STATES	USA																		0	172	172	17	4	-5.0	2	1	2	1.81451612903226	3	Washington, District of Columbia, United States	US	USDC	DC001	38.8951	-77.0364	531871	0								1	Canada	CA	CA		60	-96	CA	20250613230000	https://www.dailyexcelsior.com/india-keen-to-conclude-interim-trade-deal-with-usa-by-july-9-this-year/
1249589354	20250613	202506	2025	2025.4466	USA	ILLINOIS	USA																		0	172	172	17	4	-5.0	7	1	7	-4.97553017944535	2	Illinois, United States	US	USIL		40.3363	-89.0022	IL	0								2	Indiana, United States	US	USIN		39.8647	-86.2604	IN	20250613230000	https://dailyillini.com/news-stories/2025/06/13/illinois-officials-texas-police-illegally-accessed-state-license-plate-data/
1249589355	20250613	202506	2025	2025.4466	USA	UNITED STATES	USA																		1	1723	172	17	4	-5.0	6	1	6	0	3	Fountain Hills, Arizona, United States	US	USAZ	AZ013	33.6117	-111.717	36980	0								3	Fountain Hills, Arizona, United States	US	USAZ		33.6117	-111.717	36980	20250613230000	https://www.yahoo.com/news/brush-fire-closes-parts-state-221252426.html
1249589356	20250613	202506	2025	2025.4466	USA	UNITED STATES	USA																		1	1723	172	17	4	-5.0	8	1	8	2.63157894736842	3	Paducah, Kentucky, United States	US	USKY	KY145	37.0834	-88.6	500106	0								3	Paducah, Kentucky, United States	US	USKY	KY145	37.0834	-88.6	500106	20250613230000	http://www.westkentuckystar.com/News/Local-Regional/Temporary-closure-along-North-Friendship-Road-next
1249589357	20250613	202506	2025	2025.4466	USA	UNITED STATES	USA																		1	173	173	17	4	-5.0	6	1	6	0.56899004267426	4	Pitt Meadows, British Columbia, Canada	CA	CA02	12552	49.2333	-122.683	-571386	0								4	Pitt Meadows, British Columbia, Canada	CA	CA02	12552	49.2333	-122.683	-571386	20250613230000	https://vancouversun.com:443/news/bear-destroyed-after-attacking-maple-ridge-woman-in-her-backyard
1249589358	20250613	202506	2025	2025.4466	USA	MONTANA	USA																		0	190	190	19	4	-10.0	1	1	1	-4.24481737413622	3	Parker County, Texas, United States	US	USTX	TX367	32.7668	-97.8003	1383969	0								2	Montana, United States	US	USMT		46.9048	-110.326	MT	20250613230000	https://www.catholicworldreport.com/2025/06/13/pro-life-sentiments-are-on-the-rise-according-to-gallup-poll/
1249589359	20250613	202506	2025	2025.4466	USA	UNITED STATES	USA																		0	190	190	19	4	-10.0	2	1	2	0.38872691933916	3	Richmond, Virginia, United States	US	USVA	VA760	37.5538	-77.4603	1499957	0								3	Alleghany, Virginia, United States	US	USVA	VA005	37.7473	-80.2403	1492459	20250613230000	https://www.whsv.com/2025/06/12/virginias-2025-primary-election-is-tuesday-heres-preview/
1249589360	20250613	202506	2025	2025.4466	USA	UNITED STATES	USA																		1	190	190	19	4	-10.0	2	1	2	-11.7021276595745	3	Palmdale, California, United States	US	USCA	CA037	34.5794	-118.116	1652769	0								3	Palmdale, California, United States	US	USCA	CA037	34.5794	-118.116	1652769	20250613230000	https://www.yahoo.com/news/two-arrested-fatal-stabbing-84-203253798.html
1249589361	20250613	202506	2025	2025.4466	USA	UNITED STATES	USA																		0	190	190	19	4	-10.0	2	1	2	-8.66773675762438	3	Paonia, Colorado, United States	US	USCO	CO029	38.8683	-107.592	186589	0								3	Delta County, Colorado, United States	US	USCO		38.85	-107.851	198130	20250613230000	https://www.gjsentinel.com/news/western_colorado/guilty-verdict-in-paonia-double-murder/article_55e93ee0-bb37-4fec-a9d2-265ee34eb6c9.html
1249589362	20250613	202506	2025	2025.4466	USA	SOUTH DAKOTA	USA																		1	192	192	19	4	-9.5	10	1	10	-4.88505747126437	3	Rapid City, South Dakota, United States	US	USSD	SD103	44.0805	-103.231	1265333	0								3	Rapid City, South Dakota, United States	US	USSD		44.0805	-103.231	1265333	20250613230000	https://www.yahoo.com/news/storm-center-pm-thunderstorm-chances-200034988.html
1249589363	20250613	202506	2025	2025.4466	USA	ALABAMA	USA																		1	193	193	19	4	-10.0	3	1	3	-10.2189781021898	3	Lauderdale County, Alabama, United States	US	USAL	AL077	34.9001	-87.6334	161564	0								3	Lauderdale County, Alabama, United States	US	USAL		34.9001	-87.6334	161564	20250613230000	https://www.al.com/crime/2025/06/north-alabama-man-shot-to-death-in-car-following-confrontation-with-juvenile-police-say.html
1249589364	20250613	202506	2025	2025.4466	USA	OKLAHOMA CITY	USA								AFG	AFGHAN	AFG								1	015	015	01	1	0.0	8	1	8	-12.6582278481013	3	Oklahoma City, Oklahoma, United States	US	USOK	OK109	35.4676	-97.5164	1102140	1	Afghanistan	AF	AF		33	66	AF	3	Oklahoma City, Oklahoma, United States	US	USOK		35.4676	-97.5164	1102140	20250613230000	https://www.kswo.com/2025/06/13/afghan-national-pleads-guilty-plotting-election-day-terror-attack/
1249589365	20250613	202506	2025	2025.4466	USA	OKLAHOMA CITY	USA								AFG	AFGHANISTAN	AFG								1	015	015	01	1	0.0	2	1	2	-12.6582278481013	2	Oklahoma, United States	US	USOK		35.5376	-96.9247	OK	2	Oklahoma, United States	US	USOK		35.5376	-96.9247	OK	2	Oklahoma, United States	US	USOK		35.5376	-96.9247	OK	20250613230000	https://www.kswo.com/2025/06/13/afghan-national-pleads-guilty-plotting-election-day-terror-attack/
1249589366	20250613	202506	2025	2025.4466	USA	THE US	USA								AFR	AFRICA	AFR								0	051	051	05	1	3.4	8	1	8	-6.49558941459503	4	Lagos, Lagos, Nigeria	NI	NI05	191416	6.45306	3.39583	-2017355	4	Lagos, Lagos, Nigeria	NI	NI05	191416	6.45306	3.39583	-2017355	4	Lagos, Lagos, Nigeria	NI	NI05	191416	6.45306	3.39583	-2017355	20250613230000	https://www.okayafrica.com/today-in-africa-news-brief-2025/
1249589367	20250613	202506	2025	2025.4466	USA	THE US	USA								AFR	AFRICA	AFR								0	051	051	05	1	3.4	2	1	2	-6.49558941459503	4	Lagos, Lagos, Nigeria	NI	NI05	191416	6.45306	3.39583	-2017355	1	China	CH	CH		35	105	CH	1	China	CH	CH		35	105	CH	20250613230000	https://www.okayafrica.com/today-in-africa-news-brief-2025/
1249589368	20250613	202506	2025	2025.4466	USA	WASHINGTON	USA								AFR	AFRICA	AFR								1	051	051	05	1	3.4	9	1	9	5.15463917525773	3	Washington, District of Columbia, United States	US	USDC	DC001	38.8951	-77.0364	531871	3	Washington, District of Columbia, United States	US	USDC	DC001	38.8951	-77.0364	531871	3	Washington, District of Columbia, United States	US	USDC	DC001	38.8951	-77.0364	531871	20250613230000	https://wcti12.com/news/local/juneteenth-parade-in-new-bern-to-celebrate-cultural-pride
1249589369	20250613	202506	2025	2025.4466	USA	UNITED STATES	USA								AFR	AFRICA	AFR								1	111	111	11	3	-2.0	2	1	2	-5.62130177514793	2	Mississippi, United States	US	USMS		32.7673	-89.6812	MS	2	Mississippi, United States	US	USMS		32.7673	-89.6812	MS	2	Mississippi, United States	US	USMS		32.7673	-89.6812	MS	20250613230000	https://nypost.com/2025/06/13/opinion/anti-ice-rioters-are-just-as-out-of-line-as-anti-black-racists-in-62/
1249589370	20250613	202506	2025	2025.4466	USA	UNITED STATES	USA								BUS	BUSINESS						BUS			0	040	040	04	1	1.0	2	1	2	1.83792815371762	3	Manhattan, New York, United States	US	USNY	NY061	40.7834	-73.9662	971945	3	Manhattan, New York, United States	US	USNY	NY061	40.7834	-73.9662	971945	3	Manhattan, New York, United States	US	USNY	NY061	40.7834	-73.9662	971945	20250613230000	https://www.marieclaire.com/fashion/wray-store-closing-size-inclusive-fashion/
1249589371	20250613	202506	2025	2025.4466	USA	IDAHO	USA								BUS	CHAMBER OF COMMERCE						BUS			1	043	043	04	1	2.8	2	1	2	3.06122448979592	3	Pocatello, Idaho, United States	US	USID	ID005	42.8713	-112.446	397053	3	Portneuf River, Idaho, United States	US	USID		42.9516	-112.751	388793	3	Portneuf River, Idaho, United States	US	USID		42.9516	-112.751	388793	20250613230000	https://localnews8.com/news/2025/06/13/poky-paddle-event-returns-to-portneuf-river-friday/
1249589372	20250613	202506	2025	2025.4466	USA	UNITED STATES	USA								BUS	CHAMBER OF COMMERCE						BUS			1	043	043	04	1	2.8	6	1	6	3.06122448979592	3	Pocatello, Idaho, United States	US	USID	ID005	42.8713	-112.446	397053	3	Pocatello, Idaho, United States	US	USID	ID005	42.8713	-112.446	397053	3	Pocatello, Idaho, United States	US	USID	ID005	42.8713	-112.446	397053	20250613230000	https://localnews8.com/news/2025/06/13/poky-paddle-event-returns-to-portneuf-river-friday/
1249589373	20250613	202506	2025	2025.4466	USA	UNITED STATES	USA								BUS	COMPANIES						BUS			0	070	070	07	2	7.0	2	1	2	0.38872691933916	3	Richmond, Virginia, United States	US	USVA	VA760	37.5538	-77.4603	1499957	2	Virginia, United States	US	USVA		37.768	-78.2057	VA	2	Virginia, United States	US	USVA		37.768	-78.2057	VA	20250613230000	https://www.whsv.com/2025/06/12/virginias-2025-primary-election-is-tuesday-heres-preview/
1249589374	20250613	202506	2025	2025.4466	USA	THE US	USA								BUS	INDUSTRY						BUS			0	0862	086	08	2	9.0	4	1	4	1.81451612903226	4	New Delhi, Delhi, India	IN	IN07	17911	28.6	77.2	-2106102	4	New Delhi, Delhi, India	IN	IN07	17911	28.6	77.2	-2106102	4	New Delhi, Delhi, India	IN	IN07	17911	28.6	77.2	-2106102	20250613230000	https://www.dailyexcelsior.com/india-keen-to-conclude-interim-trade-deal-with-usa-by-july-9-this-year/
1249589375	20250613	202506	2025	2025.4466	USA	THE US	USA								BUS	INDUSTRY						BUS			0	0862	086	08	2	9.0	1	1	1	1.81451612903226	4	New Delhi, Delhi, India	IN	IN07	17911	28.6	77.2	-2106102	1	China	CH	CH		35	105	CH	4	New Delhi, Delhi, India	IN	IN07	17911	28.6	77.2	-2106102	20250613230000	https://www.dailyexcelsior.com/india-keen-to-conclude-interim-trade-deal-with-usa-by-july-9-this-year/
1249589376	20250613	202506	2025	2025.4466	USA	UNITED STATES	USA								BUS	COMPANIES						BUS			0	190	190	19	4	-10.0	2	1	2	0.38872691933916	3	Richmond, Virginia, United States	US	USVA	VA760	37.5538	-77.4603	1499957	3	Alleghany, Virginia, United States	US	USVA	VA005	37.7473	-80.2403	1492459	3	Alleghany, Virginia, United States	US	USVA	VA005	37.7473	-80.2403	1492459	20250613230000	https://www.whsv.com/2025/06/12/virginias-2025-primary-election-is-tuesday-heres-preview/
1249589377	20250613	202506	2025	2025.4466	USA	KENTUCKY	USA								BUSGOV	BUSINESS						BUS	GOV		1	030	030	03	1	4.0	10	1	10	4.64684014869889	0								0								0								20250613230000	https://www.messenger-inquirer.com/news/local/kwc-offering-mba-program-this-fall/article_9ebfcbeb-8bd6-5ab7-b71c-caa5830fd159.html
1249589378	20250613	202506	2025	2025.4466	USA	SEATTLE	USA								CHN	SHANGHAI	CHN								1	042	042	04	1	1.9	2	1	2	-4.09356725146199	3	Seattle, Washington, United States	US	USWA	WA033	47.6062	-122.332	1512650	3	Seattle, Washington, United States	US	USWA	WA033	47.6062	-122.332	1512650	4	Beijing, Beijing, China	CH	CH22	13001	39.9289	116.388	-1898541	20250613230000	https://www.scmp.com/news/world/united-states-canada/article/3314417/boeing-delivers-1st-plane-china-trump-tariff-war-reprieve
1249589379	20250613	202506	2025	2025.4466	USA	SEATTLE	USA								CHN	SHANGHAI	CHN								1	042	042	04	1	1.9	3	1	3	-4.09356725146199	3	Seattle, Washington, United States	US	USWA	WA033	47.6062	-122.332	1512650	3	Seattle, Washington, United States	US	USWA	WA033	47.6062	-122.332	1512650	3	Seattle, Washington, United States	US	USWA	WA033	47.6062	-122.332	1512650	20250613230000	https://www.scmp.com/news/world/united-states-canada/article/3314417/boeing-delivers-1st-plane-china-trump-tariff-war-reprieve
1249589380	20250613	202506	2025	2025.4466	USA	UNITED STATES	USA								CHN	CHINA	CHN								1	043	043	04	1	2.8	5	1	5	-7.15705765407555	2	Arizona, United States	US	USAZ		33.7712	-111.388	AZ	4	Beijing, Beijing, China	CH	CH22	13001	39.9289	116.388	-1898541	4	Beijing, Beijing, China	CH	CH22	13001	39.9289	116.388	-1898541	20250613230000	https://www.foxnews.com/politics/israels-drone-strikes-iran-show-why-us-must-halt-chinas-land-grab-here-experts
1249589381	20250613	202506	2025	2025.4466	USA	BOSTON	USA								CHN	CANTON	CHN								1	112	112	11	3	-2.0	6	1	6	-5.53935860058309	2	Maine, United States	US	USME		44.6074	-69.3977	ME	2	Maine, United States	US	USME		44.6074	-69.3977	ME	2	Maine, United States	US	USME		44.6074	-69.3977	ME	20250613230000	https://www.wokv.com/news/jury-begins/U35MMTGL3ZCKDE35JHCF42J6TY/
1249589382	20250613	202506	2025	2025.4466	USA	UNITED STATES	USA								CHNGOV	CHINA	CHN					GOV			0	043	043	04	1	2.8	1	1	1	-7.15705765407555	2	Arizona, United States	US	USAZ		33.7712	-111.388	AZ	4	Beijing, Beijing, China	CH	CH22	13001	39.9289	116.388	-1898541	4	Beijing, Beijing, China	CH	CH22	13001	39.9289	116.388	-1898541	20250613230000	https://www.foxnews.com/politics/israels-drone-strikes-iran-show-why-us-must-halt-chinas-land-grab-here-experts
1249589383	20250613	202506	2025	2025.4466	USA	UNITED STATES	USA								CHNGOV	CHINA	CHN					GOV			0	043	043	04	1	2.8	1	1	1	-7.15705765407555	2	Arizona, United States	US	USAZ		33.7712	-111.388	AZ	4	Beijing, Beijing, China	CH	CH22	13001	39.9289	116.388	-1898541	2	Arizona, United States	US	USAZ		33.7712	-111.388	AZ	20250613230000	https://www.foxnews.com/politics/israels-drone-strikes-iran-show-why-us-must-halt-chinas-land-grab-here-experts
1249589384	20250613	202506	2025	2025.4466	USA	ARIZONA	USA								CHNGOV	CHINA	CHN					GOV			0	129	129	12	3	-5.0	2	1	2	-7.15705765407555	2	Arizona, United States	US	USAZ		33.7712	-111.388	AZ	4	Beijing, Beijing, China	CH	CH22	13001	39.9289	116.388	-1898541	2	Arizona, United States	US	USAZ		33.7712	-111.388	AZ	20250613230000	https://www.foxnews.com/politics/israels-drone-strikes-iran-show-why-us-must-halt-chinas-land-grab-here-experts
1249589385	20250613	202506	2025	2025.4466	USA	UNITED STATES	USA								COL	COLOMBIAN	COL								1	042	042	04	1	1.9	2	1	2	2.7431421446384	2	New York, United States	US	USNY		42.1497	-74.9384	NY	1	Colombia	CO	CO		4	-72	CO	2	New York, United States	US	USNY		42.1497	-74.9384	NY	20250613230000	https://www.publishersweekly.com:443/pw/by-topic/industry-news/tip-sheet/article/98008-celebrating-the-later-work-of-edmund-white.html
1249589386	20250613	202506	2025	2025.4466	USA	UNITED STATES	USA								COL	COLOMBIAN	COL								1	042	042	04	1	1.9	2	1	2	2.7431421446384	2	New York, United States	US	USNY		42.1497	-74.9384	NY	1	Colombia	CO	CO		4	-72	CO	2	Texas, United States	US	USTX		31.106	-97.6475	TX	20250613230000	https://www.publishersweekly.com:443/pw/by-topic/industry-news/tip-sheet/article/98008-celebrating-the-later-work-of-edmund-white.html
1249589387	20250613	202506	2025	2025.4466	USA	UNITED STATES	USA								COL	COLOMBIA	COL								1	042	042	04	1	1.9	2	1	2	2.7431421446384	2	Texas, United States	US	USTX		31.106	-97.6475	TX	4	Paris, France (general), France	FR	FR00	16282	48.8667	2.33333	-1456928	2	Texas, United States	US	USTX		31.106	-97.6475	TX	20250613230000	https://www.publishersweekly.com:443/pw/by-topic/industry-news/tip-sheet/article/98008-celebrating-the-later-work-of-edmund-white.html
1249589388	20250613	202506	2025	2025.4466	USA	TEXAS	USA								COL	COLOMBIAN	COL								1	042	042	04	1	1.9	4	1	4	2.7431421446384	2	Texas, United States	US	USTX		31.106	-97.6475	TX	1	Colombia	CO	CO		4	-72	CO	2	Texas, United States	US	USTX		31.106	-97.6475	TX	20250613230000	https://www.publishersweekly.com:443/pw/by-topic/industry-news/tip-sheet/article/98008-celebrating-the-later-work-of-edmund-white.html
1249589389	20250613	202506	2025	2025.4466	USA	UNITED STATES	USA								COP	DEPUTIES						COP			1	040	040	04	1	1.0	4	1	4	-1.46699266503667	3	Ventura County, California, United States	US	USCA	CA111	34.4667	-119.018	277320	3	Ventura County, California, United States	US	USCA		34.4667	-119.018	277320	3	Ventura County, California, United States	US	USCA		34.4667	-119.018	277320	20250613230000	https://www.mpacorn.com/articles/deputy-deployments-wont-affect-contract-cities/
1249589390	20250613	202506	2025	2025.4466	USA	UNITED STATES	USA								COP	DEPUTY						COP			1	043	043	04	1	2.8	6	1	6	1.49253731343283	3	Liberty County, Florida, United States	US	USFL	FL077	30.2508	-84.8755	308549	3	Liberty County, Florida, United States	US	USFL		30.2508	-84.8755	308549	3	Liberty County, Florida, United States	US	USFL		30.2508	-84.8755	308549	20250613230000	https://www.yahoo.com/news/liberty-county-sheriff-office-host-200452366.html
1249589391	20250613	202506	2025	2025.4466	USA	UNITED STATES	USA								COP	POLICE						COP			0	051	051	05	1	3.4	4	1	4	-4.62633451957296	3	Baltimore, Maryland, United States	US	USMD	MD510	39.2904	-76.6122	597040	3	Baltimore, Maryland, United States	US	USMD	MD510	39.2904	-76.6122	597040	3	Baltimore, Maryland, United States	US	USMD	MD510	39.2904	-76.6122	597040	20250613230000	https://www.baltimoresun.com/2025/06/13/why-baltimore-ice-protests-remained-non-violent/
1249589392	20250613	202506	2025	2025.4466	USA	UNITED STATES	USA								COP	POLICE						COP			0	051	051	05	1	3.4	2	1	2	-4.62633451957296	2	New York, United States	US	USNY		42.1497	-74.9384	NY	3	Baltimore, Maryland, United States	US	USMD	MD510	39.2904	-76.6122	597040	3	Baltimore, Maryland, United States	US	USMD	MD510	39.2904	-76.6122	597040	20250613230000	https://www.baltimoresun.com/2025/06/13/why-baltimore-ice-protests-remained-non-violent/
1249589393	20250613	202506	2025	2025.4466	USA	UNITED STATES	USA								COP	POLICE						COP			0	051	051	05	1	3.4	2	1	2	-4.62633451957296	2	New York, United States	US	USNY		42.1497	-74.9384	NY	2	New York, United States	US	USNY		42.1497	-74.9384	NY	2	New York, United States	US	USNY		42.1497	-74.9384	NY	20250613230000	https://www.baltimoresun.com/2025/06/13/why-baltimore-ice-protests-remained-non-violent/
1249589394	20250613	202506	2025	2025.4466	USA	UNITED STATES	USA								COP	LAW ENFORCEMENT AGENCIES						COP			0	090	090	09	2	-2.0	2	1	2	-4.97553017944535	3	Champaign, Illinois, United States	US	USIL	IL019	40.1164	-88.2434	405936	3	Champaign, Illinois, United States	US	USIL	IL019	40.1164	-88.2434	405936	3	Champaign, Illinois, United States	US	USIL	IL019	40.1164	-88.2434	405936	20250613230000	https://dailyillini.com/news-stories/2025/06/13/illinois-officials-texas-police-illegally-accessed-state-license-plate-data/
1249589395	20250613	202506	2025	2025.4466	USA	CHICAGO	USA								COP	PRISON						COP			1	173	173	17	4	-5.0	2	1	2	-4.04097894137735	3	Chicago, Illinois, United States	US	USIL	IL031	41.85	-87.6501	423587	2	Illinois, United States	US	USIL		40.3363	-89.0022	IL	2	Illinois, United States	US	USIL		40.3363	-89.0022	IL	20250613230000	https://www.yahoo.com/news/ex-illinois-house-speaker-michael-220600809.html
1249589396	20250613	202506	2025	2025.4466	USA	ALABAMA	USA								COP	POLICE						COP			1	193	193	19	4	-10.0	7	1	7	-10.2189781021898	3	Lauderdale County, Alabama, United States	US	USAL	AL077	34.9001	-87.6334	161564	3	Lauderdale County, Alabama, United States	US	USAL		34.9001	-87.6334	161564	3	Lauderdale County, Alabama, United States	US	USAL		34.9001	-87.6334	161564	20250613230000	https://www.al.com/crime/2025/06/north-alabama-man-shot-to-death-in-car-following-confrontation-with-juvenile-police-say.html
1249589397	20250613	202506	2025	2025.4466	USA	UNITED STATES	USA								COP	POLICE						COP			1	193	193	19	4	-10.0	4	1	4	-5.55555555555556	3	Miami, Florida, United States	US	USFL	FL086	25.7743	-80.1937	295004	3	Miami, Florida, United States	US	USFL	FL086	25.7743	-80.1937	295004	3	Miami, Florida, United States	US	USFL	FL086	25.7743	-80.1937	295004	20250613230000	https://www.vladtv.com/article/311464/bobby-shmurda-on-getting-arrested-with-15-gs9-members-accused-of-being-g
1249589398	20250613	202506	2025	2025.4466	USA	BOSTON	USA								COP	POLICE						COP			1	193	193	19	4	-10.0	2	1	2	-12	3	Boston, Massachusetts, United States	US	USMA	MA025	42.3584	-71.0598	617565	3	Boston, Massachusetts, United States	US	USMA	MA025	42.3584	-71.0598	617565	3	Boston, Massachusetts, United States	US	USMA	MA025	42.3584	-71.0598	617565	20250613230000	https://www.yahoo.com/news/boston-shooting-leaves-male-victim-204448976.html
1249589399	20250613	202506	2025	2025.4466	USA	UNITED STATES	USA								CRM	GANG						CRM			0	160	160	16	4	-4.0	2	1	2	-5.55555555555556	3	Miami, Florida, United States	US	USFL	FL086	25.7743	-80.1937	295004	3	Miami, Florida, United States	US	USFL	FL086	25.7743	-80.1937	295004	3	Miami, Florida, United States	US	USFL	FL086	25.7743	-80.1937	295004	20250613230000	https://www.vladtv.com/article/311464/bobby-shmurda-on-getting-arrested-with-15-gs9-members-accused-of-being-g
1249589400	20250613	202506	2025	2025.4466	USA	DETROIT	USA								CVL	RESIDENTS						CVL			1	020	020	02	1	3.0	10	1	10	-1.0230179028133	1	France	FR	FR		46	2	FR	1	France	FR	FR		46	2	FR	1	France	FR	FR		46	2	FR	20250613230000	https://www.metrotimes.com/news/detroit-launches-same-day-paratransit-service-after-years-of-complaints-and-disruption-39672600
1249589401	20250613	202506	2025	2025.4466	USA	UNITED STATES	USA								CVL	COMMUNITY						CVL			0	051	051	05	1	3.4	4	1	4	-4.62633451957296	3	Baltimore, Maryland, United States	US	USMD	MD510	39.2904	-76.6122	597040	3	Baltimore, Maryland, United States	US	USMD	MD510	39.2904	-76.6122	597040	3	Baltimore, Maryland, United States	US	USMD	MD510	39.2904	-76.6122	597040	20250613230000	https://www.baltimoresun.com/2025/06/13/why-baltimore-ice-protests-remained-non-violent/
1249589402	20250613	202506	2025	2025.4466	USA	UNITED STATES	USA								CVL	COMMUNITY						CVL			0	051	051	05	1	3.4	2	1	2	-4.62633451957296	2	New York, United States	US	USNY		42.1497	-74.9384	NY	3	Baltimore, Maryland, United States	US	USMD	MD510	39.2904	-76.6122	597040	3	Baltimore, Maryland, United States	US	USMD	MD510	39.2904	-76.6122	597040	20250613230000	https://www.baltimoresun.com/2025/06/13/why-baltimore-ice-protests-remained-non-violent/
1249589403	20250613	202506	2025	2025.4466	USA	UNITED STATES	USA								CVL	CONSTITUENT						CVL			1	112	112	11	3	-2.0	2	1	2	-0.59665871121718	2	New Hampshire, United States	US	USNH		43.4108	-71.5653	NH	2	New Hampshire, United States	US	USNH		43.4108	-71.5653	NH	2	New Hampshire, United States	US	USNH		43.4108	-71.5653	NH	20250613230000	https://concordmonitor.com/Concord-City-Councilors-push-for-committee-reform-after-mistaken-appointment-Deak-61738460
1249589404	20250613	202506	2025	2025.4466	USA	MARYLAND	USA								CVL	COMMUNITY						CVL			1	182	182	18	4	-9.5	10	1	10	-0.22271714922049	3	Baltimore, Maryland, United States	US	USMD	MD510	39.2904	-76.6122	597040	3	Baltimore, Maryland, United States	US	USMD	MD510	39.2904	-76.6122	597040	3	Baltimore, Maryland, United States	US	USMD	MD510	39.2904	-76.6122	597040	20250613230000	https://localnews8.com/news/2025/06/13/prominent-former-idaho-falls-community-leader-found-dead-in-maryland-hotel/
1249589405	20250613	202506	2025	2025.4466	USA	BOSTON	USA								CVL	NEIGHBORHOOD						CVL			1	193	193	19	4	-10.0	8	1	8	-12	3	Boston, Massachusetts, United States	US	USMA	MA025	42.3584	-71.0598	617565	3	Boston, Massachusetts, United States	US	USMA	MA025	42.3584	-71.0598	617565	3	Boston, Massachusetts, United States	US	USMA	MA025	42.3584	-71.0598	617565	20250613230000	https://www.yahoo.com/news/boston-shooting-leaves-male-victim-204448976.html
1249589406	20250613	202506	2025	2025.4466	USA	IDAHO	USA								EDU	SCHOOL						EDU			0	020	020	02	1	3.0	5	1	5	-4.24481737413622	2	Idaho, United States	US	USID		44.2394	-114.51	ID	2	Illinois, United States	US	USIL		40.3363	-89.0022	IL	2	Idaho, United States	US	USID		44.2394	-114.51	ID	20250613230000	https://www.catholicworldreport.com/2025/06/13/pro-life-sentiments-are-on-the-rise-according-to-gallup-poll/
1249589407	20250613	202506	2025	2025.4466	USA	ORLANDO	USA								EDU	SCHOOL						EDU			1	042	042	04	1	1.9	1	1	1	4.19580419580419	3	Lakeland, Florida, United States	US	USFL	FL105	28.0395	-81.9498	294459	3	Lakeland, Florida, United States	US	USFL	FL105	28.0395	-81.9498	294459	3	Lakeland, Florida, United States	US	USFL	FL105	28.0395	-81.9498	294459	20250613230000	https://www.yahoo.com/news/miss-florida-usa-2025-uf-211518819.html
1249589408	20250613	202506	2025	2025.4466	USA	UNITED STATES	USA								EDU	UNIVERSITY						EDU			1	046	046	04	1	7.0	4	1	4	0.92879256965944	3	University Center, New York, United States	US	USNY	NY081	40.7233	-73.7936	2080572	3	University Center, New York, United States	US	USNY		40.7233	-73.7936	2080572	3	University Center, New York, United States	US	USNY		40.7233	-73.7936	2080572	20250613230000	https://jbhe.com/2025/06/new-faculty-appointments-for-three-black-professors/
1249589409	20250613	202506	2025	2025.4466	USA	UNITED STATES	USA								EDU	UNIVERSITY						EDU			1	046	046	04	1	7.0	4	1	4	0.92879256965944	2	Georgia, United States	US	USGA		32.9866	-83.6487	GA	2	Georgia, United States	US	USGA		32.9866	-83.6487	GA	2	Georgia, United States	US	USGA		32.9866	-83.6487	GA	20250613230000	https://jbhe.com/2025/06/new-faculty-appointments-for-three-black-professors/
1249589410	20250613	202506	2025	2025.4466	USA	UNITED STATES	USA								EDU	SCHOOL						EDU			1	160	160	16	4	-4.0	8	1	8	-3.79403794037941	3	South River, New Jersey, United States	US	USNJ	NJ023	40.4465	-74.386	880748	3	South River, New Jersey, United States	US	USNJ		40.4465	-74.386	880748	3	South River, New Jersey, United States	US	USNJ		40.4465	-74.386	880748	20250613230000	https://www.vice.com/en/article/school-forced-to-cancel-classes-after-senior-prank-goes-too-far/
1249589411	20250613	202506	2025	2025.4466	USA	NEW YORK	USA								ELI	ACTOR						ELI			0	020	020	02	1	3.0	8	1	8	1.50788211103496	3	Hollywood, California, United States	US	USCA	CA037	34.0983	-118.327	1660757	3	Hollywood, California, United States	US	USCA	CA037	34.0983	-118.327	1660757	3	Hollywood, California, United States	US	USCA	CA037	34.0983	-118.327	1660757	20250613230000	https://www.hollywoodreporter.com/movies/movie-features/colin-trevorrow-jurassic-world-star-wars-1236290644/
1249589412	20250613	202506	2025	2025.4466	USA	NEW YORK	USA								ELI	ACTOR						ELI			0	020	020	02	1	3.0	2	1	2	1.50788211103496	2	New York, United States	US	USNY		42.1497	-74.9384	NY	2	New York, United States	US	USNY		42.1497	-74.9384	NY	2	New York, United States	US	USNY		42.1497	-74.9384	NY	20250613230000	https://www.hollywoodreporter.com/movies/movie-features/colin-trevorrow-jurassic-world-star-wars-1236290644/
1249589413	20250613	202506	2025	2025.4466	USA	UNITED STATES	USA								ELI	FIRST LADY						ELI			0	071	071	07	2	7.4	1	1	1	-3.45710627400769	2	Florida, United States	US	USFL		27.8333	-81.717	FL	2	Florida, United States	US	USFL		27.8333	-81.717	FL	2	Florida, United States	US	USFL		27.8333	-81.717	FL	20250613230000	https://www.yahoo.com/news/lawmakers-seal-lean-budget-deal-221435453.html
1249589414	20250613	202506	2025	2025.4466	USA	UNITED STATES	USA								EUR	EUROPE	EUR								1	042	042	04	1	1.9	8	1	8	-5.32786885245902	3	Boulder, Colorado, United States	US	USCO	CO013	40.015	-105.271	178680	3	Boulder, Colorado, United States	US	USCO	CO013	40.015	-105.271	178680	3	Boulder, Colorado, United States	US	USCO	CO013	40.015	-105.271	178680	20250613230000	https://www.dailycamera.com/2025/06/13/flatiron-flyer-measles-colorado-denver-boulder/
1249589415	20250613	202506	2025	2025.4466	USA	UNITED STATES	USA								FRA	FRENCH	FRA								0	040	040	04	1	1.0	2	1	2	-2.37341772151899	3	White House, District of Columbia, United States	US	USDC		38.8951	-77.0364	531871	1	France	FR	FR		46	2	FR	3	White House, District of Columbia, United States	US	USDC		38.8951	-77.0364	531871	20250613230000	https://www.columbian.com/news/2025/jun/13/israeli-strikes-on-iran-lead-to-new-test-of-trumps-ability-to-deliver-on-america-first-agenda/
1249589416	20250613	202506	2025	2025.4466	USA	TEXAS	USA								FRA	PARIS	FRA								1	042	042	04	1	1.9	6	1	6	2.7431421446384	3	Cincinnati, Ohio, United States	US	USOH	OH061	39.162	-84.4569	1066650	3	Cincinnati, Ohio, United States	US	USOH	OH061	39.162	-84.4569	1066650	3	Cincinnati, Ohio, United States	US	USOH	OH061	39.162	-84.4569	1066650	20250613230000	https://www.publishersweekly.com:443/pw/by-topic/industry-news/tip-sheet/article/98008-celebrating-the-later-work-of-edmund-white.html
1249589417	20250613	202506	2025	2025.4466	USA	UNITED STATES	USA								FRA	FRENCH	FRA								0	042	042	04	1	1.9	1	1	1	0	1	Israel	IS	IS		31.5	34.75	IS	3	White House, District of Columbia, United States	US	USDC		38.8951	-77.0364	531871	3	White House, District of Columbia, United States	US	USDC		38.8951	-77.0364	531871	20250613230000	https://960weli.iheart.com/featured/the-clay-travis-and-buck-sexton-show/content/2025-06-13-1119-the-clay-travis-and-buck-hour-3-an-israeli-pov/
1249589418	20250613	202506	2025	2025.4466	USA	UNITED STATES	USA								FRA	PARIS	FRA								1	042	042	04	1	1.9	2	1	2	2.7431421446384	2	New York, United States	US	USNY		42.1497	-74.9384	NY	2	New York, United States	US	USNY		42.1497	-74.9384	NY	2	New York, United States	US	USNY		42.1497	-74.9384	NY	20250613230000	https://www.publishersweekly.com:443/pw/by-topic/industry-news/tip-sheet/article/98008-celebrating-the-later-work-of-edmund-white.html
1249589419	20250613	202506	2025	2025.4466	USA	UNITED STATES	USA								FRA	PARIS	FRA								1	042	042	04	1	1.9	2	1	2	2.7431421446384	1	Spain	SP	SP		40	-4	SP	2	New York, United States	US	USNY		42.1497	-74.9384	NY	2	New York, United States	US	USNY		42.1497	-74.9384	NY	20250613230000	https://www.publishersweekly.com:443/pw/by-topic/industry-news/tip-sheet/article/98008-celebrating-the-later-work-of-edmund-white.html
1249589420	20250613	202506	2025	2025.4466	USA	UNITED STATES	USA								GOV	AUTHORITIES						GOV			0	013	013	01	1	0.4	1	1	1	-7.86516853932585	2	New Jersey, United States	US	USNJ		40.314	-74.5089	NJ	4	El Diablo, Chihuahua, Mexico	MX	MX06	19734	30.3167	-106.233	-3851595	4	El Diablo, Chihuahua, Mexico	MX	MX06	19734	30.3167	-106.233	-3851595	20250613230000	https://www.yahoo.com/news/did-mexican-cop-kill-25-214808130.html
1249589421	20250613	202506	2025	2025.4466	USA	UNITED STATES	USA								GOV	AUTHORITIES						GOV			0	013	013	01	1	0.4	1	1	1	-7.86516853932585	2	New Jersey, United States	US	USNJ		40.314	-74.5089	NJ	2	New Jersey, United States	US	USNJ		40.314	-74.5089	NJ	2	New Jersey, United States	US	USNJ		40.314	-74.5089	NJ	20250613230000	https://www.yahoo.com/news/did-mexican-cop-kill-25-214808130.html
1249589422	20250613	202506	2025	2025.4466	USA	UNITED STATES	USA								GOV	PRESIDENT						GOV			0	0332	033	03	1	5.2	2	1	2	0.89418777943369	3	Los Angeles, California, United States	US	USCA	CA037	34.0522	-118.244	1662328	3	Los Angeles, California, United States	US	USCA		34.0522	-118.244	1662328	3	Los Angeles, California, United States	US	USCA		34.0522	-118.244	1662328	20250613230000	https://www.yahoo.com/news/cnn-data-guru-ice-raids-183040942.html
1249589423	20250613	202506	2025	2025.4466	USA	THE US	USA								GOV	GOVERNMENT						GOV			0	040	040	04	1	1.0	2	1	2	1.81451612903226	4	New Delhi, Delhi, India	IN	IN07	17911	28.6	77.2	-2106102	4	New Delhi, Delhi, India	IN	IN07	17911	28.6	77.2	-2106102	4	New Delhi, Delhi, India	IN	IN07	17911	28.6	77.2	-2106102	20250613230000	https://www.dailyexcelsior.com/india-keen-to-conclude-interim-trade-deal-with-usa-by-july-9-this-year/
1249589424	20250613	202506	2025	2025.4466	USA	UNITED STATES	USA								GOV	TRADE MINIST						GOV			1	040	040	04	1	1.0	2	1	2	1.81451612903226	3	Washington, District of Columbia, United States	US	USDC	DC001	38.8951	-77.0364	531871	4	New Delhi, Delhi, India	IN	IN07	17911	28.6	77.2	-2106102	4	New Delhi, Delhi, India	IN	IN07	17911	28.6	77.2	-2106102	20250613230000	https://www.dailyexcelsior.com/india-keen-to-conclude-interim-trade-deal-with-usa-by-july-9-this-year/
1249589425	20250613	202506	2025	2025.4466	USA	UNITED STATES	USA								GOV	PRESIDENT						GOV			1	043	043	04	1	2.8	3	1	3	-7.15705765407555	2	Arizona, United States	US	USAZ		33.7712	-111.388	AZ	4	Beijing, Beijing, China	CH	CH22	13001	39.9289	116.388	-1898541	4	Beijing, Beijing, China	CH	CH22	13001	39.9289	116.388	-1898541	20250613230000	https://www.foxnews.com/politics/israels-drone-strikes-iran-show-why-us-must-halt-chinas-land-grab-here-experts
1249589426	20250613	202506	2025	2025.4466	USA	TENNESSEE	USA								GOV	PRESIDENT						GOV			1	051	051	05	1	3.4	8	1	8	13.2231404958678	2	Tennessee, United States	US	USTN		35.7449	-86.7489	TN	2	Tennessee, United States	US	USTN		35.7449	-86.7489	TN	2	Tennessee, United States	US	USTN		35.7449	-86.7489	TN	20250613230000	https://www.wbbjtv.com/2025/06/13/tennessee-center-for-health-workforce-development-awards-2000-to-a-south-side-high-school-graduate/
1249589427	20250613	202506	2025	2025.4466	USA	SOUTH DAKOTA	USA								GOV	ADMINISTRATION						GOV			1	071	071	07	2	7.4	5	1	5	-0.33003300330033	2	South Dakota, United States	US	USSD		44.2853	-99.4632	SD	1	China	CH	CH		35	105	CH	2	South Dakota, United States	US	USSD		44.2853	-99.4632	SD	20250613230000	https://www.yahoo.com/news/essential-air-funding-might-cut-203526063.html
1249589428	20250613	202506	2025	2025.4466	USA	UNITED STATES	USA								GOV	ADMINISTRATION						GOV			1	071	071	07	2	7.4	2	1	2	-0.33003300330033	2	South Dakota, United States	US	USSD		44.2853	-99.4632	SD	2	South Dakota, United States	US	USSD		44.2853	-99.4632	SD	2	South Dakota, United States	US	USSD		44.2853	-99.4632	SD	20250613230000	https://www.yahoo.com/news/essential-air-funding-might-cut-203526063.html
1249589429	20250613	202506	2025	2025.4466	USA	UNITED STATES	USA								GOV	AUTHORITIES						GOV			0	090	090	09	2	-2.0	1	1	1	-7.86516853932585	2	New Jersey, United States	US	USNJ		40.314	-74.5089	NJ	4	El Diablo, Chihuahua, Mexico	MX	MX06	19734	30.3167	-106.233	-3851595	4	El Diablo, Chihuahua, Mexico	MX	MX06	19734	30.3167	-106.233	-3851595	20250613230000	https://www.yahoo.com/news/did-mexican-cop-kill-25-214808130.html
1249589430	20250613	202506	2025	2025.4466	USA	UNITED STATES	USA								GOV	AUTHORITIES						GOV			0	090	090	09	2	-2.0	1	1	1	-7.86516853932585	2	New Jersey, United States	US	USNJ		40.314	-74.5089	NJ	2	New Jersey, United States	US	USNJ		40.314	-74.5089	NJ	2	New Jersey, United States	US	USNJ		40.314	-74.5089	NJ	20250613230000	https://www.yahoo.com/news/did-mexican-cop-kill-25-214808130.html
1249589431	20250613	202506	2025	2025.4466	USA	UNITED STATES	USA								GOV	GOVERNOR						GOV			0	111	111	11	3	-2.0	4	1	4	-2.22222222222223	2	Pennsylvania, United States	US	USPA		40.5773	-77.264	PA	2	Pennsylvania, United States	US	USPA		40.5773	-77.264	PA	2	Pennsylvania, United States	US	USPA		40.5773	-77.264	PA	20250613230000	https://www.inquirer.com/news/pennsylvania/governor-shapiro-donald-trump-pennsylvania-national-guard-20250613.html
1249589432	20250613	202506	2025	2025.4466	USA	ARIZONA	USA								GOV	GOVERNOR						GOV			0	129	129	12	3	-5.0	2	1	2	-7.15705765407555	2	Arizona, United States	US	USAZ		33.7712	-111.388	AZ	4	Beijing, Beijing, China	CH	CH22	13001	39.9289	116.388	-1898541	4	Beijing, Beijing, China	CH	CH22	13001	39.9289	116.388	-1898541	20250613230000	https://www.foxnews.com/politics/israels-drone-strikes-iran-show-why-us-must-halt-chinas-land-grab-here-experts
1249589433	20250613	202506	2025	2025.4466	USA	ARIZONA	USA								GOV	GOVERNOR						GOV			0	129	129	12	3	-5.0	2	1	2	-7.15705765407555	2	Arizona, United States	US	USAZ		33.7712	-111.388	AZ	4	Beijing, Beijing, China	CH	CH22	13001	39.9289	116.388	-1898541	2	Arizona, United States	US	USAZ		33.7712	-111.388	AZ	20250613230000	https://www.foxnews.com/politics/israels-drone-strikes-iran-show-why-us-must-halt-chinas-land-grab-here-experts
1249589434	20250613	202506	2025	2025.4466	USA	UNITED STATES	USA								GOV	GOVERNOR						GOV			0	129	129	12	3	-5.0	1	1	1	-7.15705765407555	2	Arizona, United States	US	USAZ		33.7712	-111.388	AZ	2	Arizona, United States	US	USAZ		33.7712	-111.388	AZ	2	Arizona, United States	US	USAZ		33.7712	-111.388	AZ	20250613230000	https://www.foxnews.com/politics/israels-drone-strikes-iran-show-why-us-must-halt-chinas-land-grab-here-experts
1249589435	20250613	202506	2025	2025.4466	USA	UNITED STATES	USA								GOV	AUTHORITIES						GOV			1	173	173	17	4	-5.0	2	1	2	-8.41300191204589	3	Ventura County, California, United States	US	USCA	CA111	34.4667	-119.018	277320	3	Simi Valley, California, United States	US	USCA		34.2694	-118.781	1661450	3	Ventura County, California, United States	US	USCA		34.4667	-119.018	277320	20250613230000	https://www.foxla.com/news/simi-valley-police-arrest-4-linked-3-million-jewelry-heist
1249589436	20250613	202506	2025	2025.4466	USA	UNITED STATES	USA								GOVMIL	NATIONAL SECURITY COUNCIL						GOV	MIL		0	040	040	04	1	1.0	2	1	2	-2.37341772151899	3	White House, District of Columbia, United States	US	USDC		38.8951	-77.0364	531871	3	White House, District of Columbia, United States	US	USDC		38.8951	-77.0364	531871	1	France	FR	FR		46	2	FR	20250613230000	https://www.columbian.com/news/2025/jun/13/israeli-strikes-on-iran-lead-to-new-test-of-trumps-ability-to-deliver-on-america-first-agenda/
1249589437	20250613	202506	2025	2025.4466	USA	TENNESSEE	USA								HLH	PHYSICIAN						HLH			1	051	051	05	1	3.4	6	1	6	6.96517412935323	3	Bolivar, Tennessee, United States	US	USTN	TN069	35.2562	-88.9878	1269372	3	Bolivar, Tennessee, United States	US	USTN	TN069	35.2562	-88.9878	1269372	3	Bolivar, Tennessee, United States	US	USTN	TN069	35.2562	-88.9878	1269372	20250613230000	https://www.wbbjtv.com/2025/06/13/dr-clarence-gooch-honored-for-decades-of-service/
1249589438	20250613	202506	2025	2025.4466	USA	TENNESSEE	USA								HLH	PHYSICIAN						HLH			1	051	051	05	1	3.4	2	1	2	6.96517412935323	2	Tennessee, United States	US	USTN		35.7449	-86.7489	TN	2	Tennessee, United States	US	USTN		35.7449	-86.7489	TN	2	Tennessee, United States	US	USTN		35.7449	-86.7489	TN	20250613230000	https://www.wbbjtv.com/2025/06/13/dr-clarence-gooch-honored-for-decades-of-service/
1249589439	20250613	202506	2025	2025.4466	USA	UNITED STATES	USA								HTI	HAITI	HTI								1	173	173	17	4	-5.0	4	1	4	-4.2	3	Miami, Florida, United States	US	USFL	FL086	25.7743	-80.1937	295004	3	Miami, Florida, United States	US	USFL	FL086	25.7743	-80.1937	295004	3	Miami, Florida, United States	US	USFL	FL086	25.7743	-80.1937	295004	20250613230000	https://thefederalist.com/2025/06/13/judge-blocks-trump-election-integrity-eo-after-yet-another-alleged-case-of-noncitizen-voting/
1249589440	20250613	202506	2025	2025.4466	USA	MIAMI	USA								HTI	HAITIAN	HTI								1	173	173	17	4	-5.0	6	1	6	-4.2	1	Haiti	HA	HA		19	-72.416667	HA	1	Haiti	HA	HA		19	-72.416667	HA	1	Haiti	HA	HA		19	-72.416667	HA	20250613230000	https://thefederalist.com/2025/06/13/judge-blocks-trump-election-integrity-eo-after-yet-another-alleged-case-of-noncitizen-voting/
1249589441	20250613	202506	2025	2025.4466	USA	UNITED STATES	USA								IND	AHMEDABAD	IND								1	042	042	04	1	1.9	2	1	2	-2.89156626506024	4	London, London, City of, United Kingdom	UK	UKH9	40110	51.5	-0.116667	-2601889	1	United States	US	US		39.828175	-98.5795	US	4	London, London, City of, United Kingdom	UK	UKH9	40110	51.5	-0.116667	-2601889	20250613230000	https://www.deccanchronicle.com/nation/current-affairs/dvr-black-box-recovered-dgca-orders-enhanced-inspection-of-air-india-boeings-1885072
1249589442	20250613	202506	2025	2025.4466	USA	NEW YORK	USA								IRN	IRAN	IRN								1	040	040	04	1	1.0	5	1	5	-6.12244897959184	1	Iran	IR	IR		32	53	IR	1	Israel	IS	IS		31.5	34.75	IS	1	Israel	IS	IS		31.5	34.75	IS	20250613230000	https://www.kuna.net.kw/ArticleDetails.aspx?id=3235934&language=en
1249589443	20250613	202506	2025	2025.4466	USA	THE US	USA								IRN	IRAN	IRN								1	046	046	04	1	7.0	2	1	2	-1.81818181818182	4	Gaza, Israel (general), Israel	IS	IS00	18315	31.4167	34.3333	-797156	1	Iran	IR	IR		32	53	IR	4	Gaza, Israel (general), Israel	IS	IS00	18315	31.4167	34.3333	-797156	20250613230000	https://www.aa.com.tr/en/americas/turkish-fm-says-advancing-iran-nuclear-talks-initiated-by-trump-only-way-to-resolve-conflict/3597351
1249589444	20250613	202506	2025	2025.4466	USA	UNITED STATES	USA								IRN	IRAN	IRN								0	051	051	05	1	3.4	2	1	2	-4.98575498575498	4	Tehran, Tehran, Iran	IR	IR26	41130	35.75	51.5148	10074674	4	Tehran, Tehran, Iran	IR	IR26	41130	35.75	51.5148	10074674	4	Dubai, Dubayy, United Arab Emirates	AE	AE03	28575	25.2522	55.28	-782831	20250613230000	https://dunyanews.tv/en/World/889240-gulf-countries-fear-israeliran-spillover
1249589445	20250613	202506	2025	2025.4466	USA	UNITED STATES	USA								IRN	IRAN	IRN								0	0874	087	08	2	10.0	2	1	2	-4.98575498575498	4	Tehran, Tehran, Iran	IR	IR26	41130	35.75	51.5148	10074674	4	Tehran, Tehran, Iran	IR	IR26	41130	35.75	51.5148	10074674	4	Dubai, Dubayy, United Arab Emirates	AE	AE03	28575	25.2522	55.28	-782831	20250613230000	https://dunyanews.tv/en/World/889240-gulf-countries-fear-israeliran-spillover
1249589446	20250613	202506	2025	2025.4466	USA	THE US	USA								IRN	IRAN	IRN								0	110	110	11	3	-2.0	2	1	2	-7.86516853932584	1	Japan	JA	JA		36	138	JA	1	Japan	JA	JA		36	138	JA	1	Japan	JA	JA		36	138	JA	20250613230000	https://dunyanews.tv/en/World/889241-how-the-world-is-reacting-to-israel-attacks-on-iran-nuclear-military-
1249589447	20250613	202506	2025	2025.4466	USA	UNITED STATES	USA								ISR	ISRAEL	ISR								0	010	010	01	1	0.0	1	1	1	-4.04624277456648	3	Harvard University, Massachusetts, United States	US	USMA	MA017	42.3784	-71.1164	618399	4	Gaza, Israel (general), Israel	IS	IS00	18315	31.4167	34.3333	-797156	4	Gaza, Israel (general), Israel	IS	IS00	18315	31.4167	34.3333	-797156	20250613230000	https://www.algemeiner.com/2025/06/13/pro-hamas-campus-groups-condemn-israeli-strikes-iran/
1249589448	20250613	202506	2025	2025.4466	USA	UNITED STATES	USA								ISR	ISRAEL	ISR								0	010	010	01	1	0.0	1	1	1	-4.04624277456648	3	Harvard University, Massachusetts, United States	US	USMA	MA017	42.3784	-71.1164	618399	3	Harvard University, Massachusetts, United States	US	USMA		42.3784	-71.1164	618399	3	Harvard University, Massachusetts, United States	US	USMA		42.3784	-71.1164	618399	20250613230000	https://www.algemeiner.com/2025/06/13/pro-hamas-campus-groups-condemn-israeli-strikes-iran/
1249589449	20250613	202506	2025	2025.4466	USA	UNITED STATES	USA								ISR	ISRAELI	ISR								0	013	013	01	1	0.4	1	1	1	-2.37341772151899	3	White House, District of Columbia, United States	US	USDC		38.8951	-77.0364	531871	4	Gaza, Israel (general), Israel	IS	IS00	18315	31.4167	34.3333	-797156	4	Gaza, Israel (general), Israel	IS	IS00	18315	31.4167	34.3333	-797156	20250613230000	https://www.columbian.com/news/2025/jun/13/israeli-strikes-on-iran-lead-to-new-test-of-trumps-ability-to-deliver-on-america-first-agenda/
1249589450	20250613	202506	2025	2025.4466	USA	UNITED STATES	USA								ISR	ISRAEL	ISR								0	040	040	04	1	1.0	2	1	2	-1.5625	4	Tehran, Tehran, Iran	IR	IR26	41130	35.75	51.5148	10074674	1	Israel	IS	IS		31.5	34.75	IS	4	Tehran, Tehran, Iran	IR	IR26	41130	35.75	51.5148	10074674	20250613230000	https://www.rnz.co.nz/news/world/564120/we-knew-everything-trump-says-about-israel-s-strikes-on-iran
1249589451	20250613	202506	2025	2025.4466	USA	UNITED STATES	USA								ISR	ISRAEL	ISR								0	1124	112	11	3	-2.0	1	1	1	-4.04624277456648	3	Harvard University, Massachusetts, United States	US	USMA	MA017	42.3784	-71.1164	618399	4	Gaza, Israel (general), Israel	IS	IS00	18315	31.4167	34.3333	-797156	4	Gaza, Israel (general), Israel	IS	IS00	18315	31.4167	34.3333	-797156	20250613230000	https://www.algemeiner.com/2025/06/13/pro-hamas-campus-groups-condemn-israeli-strikes-iran/
1249589452	20250613	202506	2025	2025.4466	USA	UNITED STATES	USA								ISR	ISRAEL	ISR								0	1124	112	11	3	-2.0	1	1	1	-4.04624277456648	3	Harvard University, Massachusetts, United States	US	USMA	MA017	42.3784	-71.1164	618399	3	Harvard University, Massachusetts, United States	US	USMA		42.3784	-71.1164	618399	3	Harvard University, Massachusetts, United States	US	USMA		42.3784	-71.1164	618399	20250613230000	https://www.algemeiner.com/2025/06/13/pro-hamas-campus-groups-condemn-israeli-strikes-iran/
1249589453	20250613	202506	2025	2025.4466	USA	UNITED STATES	USA								ITA	PIEDMONT	ITA								0	051	051	05	1	3.4	4	1	4	-0.766283524904209	2	New Hampshire, United States	US	USNH		43.4108	-71.5653	NH	3	Piedmont, Virginia, United States	US	USVA	VA121	37.1001	-80.2189	1472274	2	New Hampshire, United States	US	USNH		43.4108	-71.5653	NH	20250613230000	https://www.wfmynews2.com/article/news/crime/2-charged-over-100-dogs-rescued-from-suspected-davidson-county-puppy-mill/83-2f9657eb-544c-4813-bac8-f4ba52359661
1249589454	20250613	202506	2025	2025.4466	USA	UNITED STATES	USA								ITA	ITALY	ITA								0	057	057	05	1	8.0	2	1	2	2.35250186706498	1	United States	US	US		39.828175	-98.5795	US	4	Rome, Lazio, Italy	IT	IT07	18350	41.9	12.4833	-126693	1	United States	US	US		39.828175	-98.5795	US	20250613230000	https://www.textileworld.com/textile-world/nonwovens-technical-textiles/2025/06/inda-edana-joining-forces-for-enhanced-coordinated-strategy-in-global-nonwovens/
1249589455	20250613	202506	2025	2025.4466	USA	UNITED STATES	USA								ITA	PIEDMONT	ITA								0	073	073	07	2	7.4	4	1	4	-0.766283524904209	2	New Hampshire, United States	US	USNH		43.4108	-71.5653	NH	3	Piedmont, Virginia, United States	US	USVA	VA121	37.1001	-80.2189	1472274	2	New Hampshire, United States	US	USNH		43.4108	-71.5653	NH	20250613230000	https://www.wfmynews2.com/article/news/crime/2-charged-over-100-dogs-rescued-from-suspected-davidson-county-puppy-mill/83-2f9657eb-544c-4813-bac8-f4ba52359661
1249589456	20250613	202506	2025	2025.4466	USA	UNITED STATES	USA								JEW	JEWISH				JEW					0	112	112	11	3	-2.0	1	1	1	-4.04624277456648	3	Harvard University, Massachusetts, United States	US	USMA	MA017	42.3784	-71.1164	618399	4	Gaza, Israel (general), Israel	IS	IS00	18315	31.4167	34.3333	-797156	4	Gaza, Israel (general), Israel	IS	IS00	18315	31.4167	34.3333	-797156	20250613230000	https://www.algemeiner.com/2025/06/13/pro-hamas-campus-groups-condemn-israeli-strikes-iran/
1249589457	20250613	202506	2025	2025.4466	USA	UNITED STATES	USA								JEW	JEWISH				JEW					0	112	112	11	3	-2.0	1	1	1	-4.04624277456648	3	Harvard University, Massachusetts, United States	US	USMA	MA017	42.3784	-71.1164	618399	4	Gaza, Israel (general), Israel	IS	IS00	18315	31.4167	34.3333	-797156	3	Harvard University, Massachusetts, United States	US	USMA		42.3784	-71.1164	618399	20250613230000	https://www.algemeiner.com/2025/06/13/pro-hamas-campus-groups-condemn-israeli-strikes-iran/
1249589458	20250613	202506	2025	2025.4466	USA	UNITED STATES	USA								JUD	JUDGE						JUD			1	013	013	01	1	0.4	2	1	2	-4.04097894137735	2	Illinois, United States	US	USIL		40.3363	-89.0022	IL	2	Illinois, United States	US	USIL		40.3363	-89.0022	IL	2	Illinois, United States	US	USIL		40.3363	-89.0022	IL	20250613230000	https://www.yahoo.com/news/ex-illinois-house-speaker-michael-220600809.html
1249589459	20250613	202506	2025	2025.4466	USA	UNITED STATES	USA								JUD	JUDGE						JUD			1	043	043	04	1	2.8	10	1	10	-6.96278511404562	1	United States	US	US		39.828175	-98.5795	US	1	United States	US	US		39.828175	-98.5795	US	1	United States	US	US		39.828175	-98.5795	US	20250613230000	https://www.wokv.com/news/national/federal-judge/TUJFTFJQE5DOTMOU6RSTIRA2Q4/
1249589460	20250613	202506	2025	2025.4466	USA	ALASKA	USA								JUD	APPEALS COURT						JUD			1	120	120	12	3	-4.0	2	1	2	0.36496350364963	3	North Slope, Alaska, United States	US	USAK	AK185	69	-152	1895952	2	Alaska, United States	US	USAK		61.385	-152.268	AK	3	North Slope, Alaska, United States	US	USAK		69	-152	1895952	20250613230000	https://www.ketchikandailynews.com/news/alaska/us-appeals-court-refuses-to-overturn-biden-approval-of-willow-oil-project/article_e8c0e78f-49bb-458b-b16e-e8dc068f6821.html
1249589461	20250613	202506	2025	2025.4466	USA	ALASKA	USA								JUD	APPEALS COURT						JUD			1	120	120	12	3	-4.0	8	1	8	0.36496350364963	3	North Slope, Alaska, United States	US	USAK	AK185	69	-152	1895952	2	Alaska, United States	US	USAK		61.385	-152.268	AK	2	Alaska, United States	US	USAK		61.385	-152.268	AK	20250613230000	https://www.ketchikandailynews.com/news/alaska/us-appeals-court-refuses-to-overturn-biden-approval-of-willow-oil-project/article_e8c0e78f-49bb-458b-b16e-e8dc068f6821.html
1249589462	20250613	202506	2025	2025.4466	USA	UNITED STATES	USA								JUD	FEDERAL COURT						JUD			0	173	173	17	4	-5.0	4	1	4	-6.96278511404562	1	United States	US	US		39.828175	-98.5795	US	1	United States	US	US		39.828175	-98.5795	US	1	United States	US	US		39.828175	-98.5795	US	20250613230000	https://www.wokv.com/news/national/federal-judge/TUJFTFJQE5DOTMOU6RSTIRA2Q4/
1249589463	20250613	202506	2025	2025.4466	USA	NEBRASKA	USA								LAB	WORKER						LAB			1	043	043	04	1	2.8	1	1	1	-12.6520681265207	2	Nebraska, United States	US	USNE		41.1289	-98.2883	NE	2	Nebraska, United States	US	USNE		41.1289	-98.2883	NE	2	Nebraska, United States	US	USNE		41.1289	-98.2883	NE	20250613230000	https://www.yahoo.com/news/federal-officials-arrest-four-protesters-212859302.html
1249589464	20250613	202506	2025	2025.4466	USA	THE US	USA								LBYREB	LIBYA	LBY					REB			0	080	080	08	2	5.0	1	1	1	-4.17124039517014	1	Iraq	IZ	IZ		33	44	IZ	1	Iraq	IZ	IZ		33	44	IZ	1	Iraq	IZ	IZ		33	44	IZ	20250613230000	https://www.yahoo.com/news/israel-strikes-may-iran-more-212141210.html
1249589465	20250613	202506	2025	2025.4466	USA	THE US	USA								LBYREB	LIBYA	LBY					REB			0	080	080	08	2	5.0	4	1	4	-4.17124039517014	1	Libya	LY	LY		25	17	LY	1	Libya	LY	LY		25	17	LY	1	Libya	LY	LY		25	17	LY	20250613230000	https://www.yahoo.com/news/israel-strikes-may-iran-more-212141210.html
1249589466	20250613	202506	2025	2025.4466	USA	FLORIDA	USA								LEG	LEGISLATOR						LEG			1	020	020	02	1	3.0	3	1	3	-3.45710627400769	3	Wauchula, Florida, United States	US	USFL	FL049	27.5473	-81.8115	292949	3	Wauchula, Florida, United States	US	USFL	FL049	27.5473	-81.8115	292949	3	Wauchula, Florida, United States	US	USFL	FL049	27.5473	-81.8115	292949	20250613230000	https://www.yahoo.com/news/lawmakers-seal-lean-budget-deal-221435453.html
1249589467	20250613	202506	2025	2025.4466	USA	UNITED STATES	USA								LEG	SENATE						LEG			1	042	042	04	1	1.9	2	1	2	3.125	3	Dayton, Ohio, United States	US	USOH	OH113	39.7589	-84.1916	1064514	3	Dayton, Ohio, United States	US	USOH	OH113	39.7589	-84.1916	1064514	3	Dayton, Ohio, United States	US	USOH	OH113	39.7589	-84.1916	1064514	20250613230000	https://www.yahoo.com/news/wright-flyer-iii-now-ohio-201359971.html
1249589468	20250613	202506	2025	2025.4466	USA	OHIO	USA								LEG	SENATE						LEG			1	042	042	04	1	1.9	1	1	1	3.125	3	Dayton, Ohio, United States	US	USOH	OH113	39.7589	-84.1916	1064514	3	Dayton, Ohio, United States	US	USOH	OH113	39.7589	-84.1916	1064514	2	Ohio, United States	US	USOH		40.3736	-82.7755	OH	20250613230000	https://www.yahoo.com/news/wright-flyer-iii-now-ohio-201359971.html
1249589469	20250613	202506	2025	2025.4466	USA	UNITED STATES	USA								LEG	SENATE						LEG			1	042	042	04	1	1.9	4	1	4	3.125	2	Ohio, United States	US	USOH		40.3736	-82.7755	OH	3	Dayton, Ohio, United States	US	USOH	OH113	39.7589	-84.1916	1064514	2	Ohio, United States	US	USOH		40.3736	-82.7755	OH	20250613230000	https://www.yahoo.com/news/wright-flyer-iii-now-ohio-201359971.html
1249589470	20250613	202506	2025	2025.4466	USA	UNITED STATES	USA								LEG	SENATE						LEG			0	110	110	11	3	-2.0	3	1	3	-5.87449933244324	2	New York, United States	US	USNY		42.1497	-74.9384	NY	2	New York, United States	US	USNY		42.1497	-74.9384	NY	2	New York, United States	US	USNY		42.1497	-74.9384	NY	20250613230000	https://www.lifenews.com/2025/06/13/call-kathy-hochul-and-tell-her-to-keep-assisted-suicide-out-of-new-york/
1249589471	20250613	202506	2025	2025.4466	USA	UNITED STATES	USA								LEG	SENATOR						LEG			1	120	120	12	3	-4.0	1	1	1	-5.03978779840849	3	Los Angeles, California, United States	US	USCA	CA037	34.0522	-118.244	1662328	2	California, United States	US	USCA		36.17	-119.746	CA	2	California, United States	US	USCA		36.17	-119.746	CA	20250613230000	https://thefederalist.com/2025/06/13/heres-how-the-media-are-lying-right-now-alex-padilla-just-asking-a-question-edition/
1249589472	20250613	202506	2025	2025.4466	USA	UNITED STATES	USA								LEG	SENATE PRESIDENT						LEG			0	190	190	19	4	-10.0	4	1	4	-3.45710627400769	3	Wauchula, Florida, United States	US	USFL	FL049	27.5473	-81.8115	292949	3	Wauchula, Florida, United States	US	USFL	FL049	27.5473	-81.8115	292949	3	Wauchula, Florida, United States	US	USFL	FL049	27.5473	-81.8115	292949	20250613230000	https://www.yahoo.com/news/lawmakers-seal-lean-budget-deal-221435453.html
1249589473	20250613	202506	2025	2025.4466	USA	BOSTON	USA								MDV	MALE	MDV								1	193	193	19	4	-10.0	8	1	8	-12	3	Boston, Massachusetts, United States	US	USMA	MA025	42.3584	-71.0598	617565	3	Boston, Massachusetts, United States	US	USMA	MA025	42.3584	-71.0598	617565	3	Boston, Massachusetts, United States	US	USMA	MA025	42.3584	-71.0598	617565	20250613230000	https://www.yahoo.com/news/boston-shooting-leaves-male-victim-204448976.html
1249589474	20250613	202506	2025	2025.4466	USA	UNITED STATES	USA								MED	TABLOID						MED			1	010	010	01	1	0.0	1	1	1	0	3	Hollywood, California, United States	US	USCA	CA037	34.0983	-118.327	1660757	3	Hollywood, California, United States	US	USCA	CA037	34.0983	-118.327	1660757	3	Hollywood, California, United States	US	USCA	CA037	34.0983	-118.327	1660757	20250613230000	https://www.hollywoodreporter.com/lifestyle/arts/la-literati-toast-on-the-rag-1236264124/
1249589475	20250613	202506	2025	2025.4466	USA	UNITED STATES	USA								MED	TABLOID						MED			1	010	010	01	1	0.0	1	1	1	0	3	Echo Park, California, United States	US	USCA	CA037	34.09	-118.259	2453030	3	Echo Park, California, United States	US	USCA		34.09	-118.259	2453030	3	Echo Park, California, United States	US	USCA		34.09	-118.259	2453030	20250613230000	https://www.hollywoodreporter.com/lifestyle/arts/la-literati-toast-on-the-rag-1236264124/
1249589476	20250613	202506	2025	2025.4466	USA	UNITED STATES	USA								MED	TELEVISION						MED			0	010	010	01	1	0.0	2	1	2	-5.22565320665083	2	Colorado, United States	US	USCO		39.0646	-105.327	CO	1	China	CH	CH		35	105	CH	2	Colorado, United States	US	USCO		39.0646	-105.327	CO	20250613230000	https://gazette.com/colorado_politics/mike-lindell-trial-defamation-jury/article_2e930563-43cd-5cb3-a695-6012392383a6.html
1249589477	20250613	202506	2025	2025.4466	USA	UNITED STATES	USA								MED	PUBLICATION						MED			0	011	011	01	1	-0.1	2	1	2	-6.67351129363449	3	Newark, New Jersey, United States	US	USNJ	NJ013	40.7357	-74.1724	878762	2	New Jersey, United States	US	USNJ		40.314	-74.5089	NJ	2	New Jersey, United States	US	USNJ		40.314	-74.5089	NJ	20250613230000	https://www.yahoo.com/news/ice-breakout-jersey-symptom-democratic-203044939.html
1249589478	20250613	202506	2025	2025.4466	USA	UNITED STATES	USA								MED	MEDIA						MED			1	013	013	01	1	0.4	4	1	4	-3.79403794037941	3	South River, New Jersey, United States	US	USNJ	NJ023	40.4465	-74.386	880748	3	South River, New Jersey, United States	US	USNJ		40.4465	-74.386	880748	3	South River, New Jersey, United States	US	USNJ		40.4465	-74.386	880748	20250613230000	https://www.vice.com/en/article/school-forced-to-cancel-classes-after-senior-prank-goes-too-far/
1249589479	20250613	202506	2025	2025.4466	USA	COLUMBUS	USA								MED	MEDIA						MED			1	015	015	01	1	0.0	10	1	10	-7.03517587939699	1	United States	US	US		39.828175	-98.5795	US	1	United States	US	US		39.828175	-98.5795	US	1	United States	US	US		39.828175	-98.5795	US	20250613230000	https://www.wosu.org/news/2025-06-13/columbus-social-media-influencer-pleads-guilty-to-charges-related-to-ponzi-scheme
1249589480	20250613	202506	2025	2025.4466	USA	UNITED STATES	USA								MED	PUBLICATION						MED			0	124	124	12	3	-4.0	2	1	2	-6.67351129363449	3	Newark, New Jersey, United States	US	USNJ	NJ013	40.7357	-74.1724	878762	2	New Jersey, United States	US	USNJ		40.314	-74.5089	NJ	3	Newark, New Jersey, United States	US	USNJ	NJ013	40.7357	-74.1724	878762	20250613230000	https://www.yahoo.com/news/ice-breakout-jersey-symptom-democratic-203044939.html
1249589481	20250613	202506	2025	2025.4466	USA	UNITED STATES	USA								MEX	MEXICO	MEX								1	043	043	04	1	2.8	4	1	4	-5.67612687813022	3	Butler County, Ohio, United States	US	USOH	OH017	39.4501	-84.5666	1074021	4	El Diablo, Chihuahua, Mexico	MX	MX06	19734	30.3167	-106.233	-3851595	4	El Diablo, Chihuahua, Mexico	MX	MX06	19734	30.3167	-106.233	-3851595	20250613230000	https://www.fox19.com/2025/06/13/butler-county-murder-trial-mexican-police-officer-ends-guilty-verdict/
1249589482	20250613	202506	2025	2025.4466	USA	UNITED STATES	USA								MEX	MEXICAN	MEX								1	190	190	19	4	-10.0	2	1	2	-5.67612687813022	3	Butler County, Ohio, United States	US	USOH	OH017	39.4501	-84.5666	1074021	3	Butler County, Ohio, United States	US	USOH		39.4501	-84.5666	1074021	3	Butler County, Ohio, United States	US	USOH		39.4501	-84.5666	1074021	20250613230000	https://www.fox19.com/2025/06/13/butler-county-murder-trial-mexican-police-officer-ends-guilty-verdict/
1249589483	20250613	202506	2025	2025.4466	USA	OHIO	USA								MEXCOP	MEXICO	MEX					COP			1	190	190	19	4	-10.0	5	1	5	-5.67612687813022	4	Zapotitlan Palmas, Oaxaca, Mexico	MX	MX20	20555	17.9	-97.8167	-1709215	4	Zapotitlan Palmas, Oaxaca, Mexico	MX	MX20	20555	17.9	-97.8167	-1709215	4	Zapotitlan Palmas, Oaxaca, Mexico	MX	MX20	20555	17.9	-97.8167	-1709215	20250613230000	https://www.fox19.com/2025/06/13/butler-county-murder-trial-mexican-police-officer-ends-guilty-verdict/
1249589484	20250613	202506	2025	2025.4466	USA	OHIO	USA								MEXCOP	MEXICO	MEX					COP			1	190	190	19	4	-10.0	1	1	1	-5.67612687813022	3	Butler County, Ohio, United States	US	USOH	OH017	39.4501	-84.5666	1074021	4	Zapotitlan Palmas, Oaxaca, Mexico	MX	MX20	20555	17.9	-97.8167	-1709215	3	Butler County, Ohio, United States	US	USOH		39.4501	-84.5666	1074021	20250613230000	https://www.fox19.com/2025/06/13/butler-county-murder-trial-mexican-police-officer-ends-guilty-verdict/
1249589485	20250613	202506	2025	2025.4466	USA	OHIO	USA								MEXCOP	MEXICO	MEX					COP			1	190	190	19	4	-10.0	1	1	1	-5.67612687813022	3	Butler County, Ohio, United States	US	USOH	OH017	39.4501	-84.5666	1074021	3	Butler County, Ohio, United States	US	USOH		39.4501	-84.5666	1074021	3	Butler County, Ohio, United States	US	USOH		39.4501	-84.5666	1074021	20250613230000	https://www.fox19.com/2025/06/13/butler-county-murder-trial-mexican-police-officer-ends-guilty-verdict/
1249589486	20250613	202506	2025	2025.4466	USA	OHIO	USA								MEXCOP	MEXICO	MEX					COP			1	190	190	19	4	-10.0	4	1	4	-5.67612687813022	2	Ohio, United States	US	USOH		40.3736	-82.7755	OH	4	El Diablo, Chihuahua, Mexico	MX	MX06	19734	30.3167	-106.233	-3851595	2	Ohio, United States	US	USOH		40.3736	-82.7755	OH	20250613230000	https://www.fox19.com/2025/06/13/butler-county-murder-trial-mexican-police-officer-ends-guilty-verdict/
1249589487	20250613	202506	2025	2025.4466	USA	THE US	USA								MIL	NAVAL						MIL			0	010	010	01	1	0.0	3	1	3	-0.60753341433779	3	Chicago, Illinois, United States	US	USIL	IL031	41.85	-87.6501	423587	3	Chicago, Illinois, United States	US	USIL	IL031	41.85	-87.6501	423587	3	Chicago, Illinois, United States	US	USIL	IL031	41.85	-87.6501	423587	20250613230000	https://www.cnn.com/2025/06/13/us/angelina-resendiz-navy-sailor-death
1249589488	20250613	202506	2025	2025.4466	USA	WASHINGTON	USA								MIL	ARMY						MIL			1	017	017	01	1	0.0	10	1	10	1.5576323987539	2	Vermont, United States	US	USVT		44.0407	-72.7093	VT	2	Vermont, United States	US	USVT		44.0407	-72.7093	VT	2	Vermont, United States	US	USVT		44.0407	-72.7093	VT	20250613230000	https://www.yahoo.com/news/military-parade-set-saturday-202948830.html
1249589489	20250613	202506	2025	2025.4466	USA	LOS ANGELES	USA								MIL	MILITARY						MIL			1	072	072	07	2	8.3	7	1	7	-4.62633451957296	3	Baltimore, Maryland, United States	US	USMD	MD510	39.2904	-76.6122	597040	3	Baltimore, Maryland, United States	US	USMD	MD510	39.2904	-76.6122	597040	3	Baltimore, Maryland, United States	US	USMD	MD510	39.2904	-76.6122	597040	20250613230000	https://www.baltimoresun.com/2025/06/13/why-baltimore-ice-protests-remained-non-violent/
1249589490	20250613	202506	2025	2025.4466	USA	LOS ANGELES	USA								MIL	MILITARY						MIL			1	072	072	07	2	8.3	3	1	3	-4.62633451957296	2	Minnesota, United States	US	USMN		45.7326	-93.9196	MN	2	Minnesota, United States	US	USMN		45.7326	-93.9196	MN	2	Minnesota, United States	US	USMN		45.7326	-93.9196	MN	20250613230000	https://www.baltimoresun.com/2025/06/13/why-baltimore-ice-protests-remained-non-violent/
1249589491	20250613	202506	2025	2025.4466	USA	THE US	USA								MIL	MILITARY						MIL			0	0874	087	08	2	10.0	10	1	10	-6.49558941459503	4	Lagos, Lagos, Nigeria	NI	NI05	191416	6.45306	3.39583	-2017355	4	Lagos, Lagos, Nigeria	NI	NI05	191416	6.45306	3.39583	-2017355	4	Lagos, Lagos, Nigeria	NI	NI05	191416	6.45306	3.39583	-2017355	20250613230000	https://www.okayafrica.com/today-in-africa-news-brief-2025/
1249589492	20250613	202506	2025	2025.4466	USA	VIRGINIA	USA								MIL	NAVY						MIL			1	182	182	18	4	-9.5	6	1	6	-0.60753341433779	3	Chicago, Illinois, United States	US	USIL	IL031	41.85	-87.6501	423587	3	Chicago, Illinois, United States	US	USIL	IL031	41.85	-87.6501	423587	3	Chicago, Illinois, United States	US	USIL	IL031	41.85	-87.6501	423587	20250613230000	https://www.cnn.com/2025/06/13/us/angelina-resendiz-navy-sailor-death
1249589493	20250613	202506	2025	2025.4466	USA	UNITED STATES	USA								MNCUSA	BOEING	USA					MNC			1	042	042	04	1	1.9	2	1	2	-2.89156626506024	4	London, London, City of, United Kingdom	UK	UKH9	40110	51.5	-0.116667	-2601889	4	Ahmedabad, Gujarat, India	IN	IN09	17644	23.0333	72.6167	-2088270	1	United States	US	US		39.828175	-98.5795	US	20250613230000	https://www.deccanchronicle.com/nation/current-affairs/dvr-black-box-recovered-dgca-orders-enhanced-inspection-of-air-india-boeings-1885072
1249589494	20250613	202506	2025	2025.4466	USA	UNITED STATES	USA								MNCUSA	BOEING	USA					MNC			1	042	042	04	1	1.9	2	1	2	-2.89156626506024	1	United States	US	US		39.828175	-98.5795	US	4	Ahmedabad, Gujarat, India	IN	IN09	17644	23.0333	72.6167	-2088270	1	United States	US	US		39.828175	-98.5795	US	20250613230000	https://www.deccanchronicle.com/nation/current-affairs/dvr-black-box-recovered-dgca-orders-enhanced-inspection-of-air-india-boeings-1885072
1249589495	20250613	202506	2025	2025.4466	USA	VIRGINIA	USA								NMR	NORTH AMERICA	NMR								1	043	043	04	1	2.8	6	1	6	1.03359173126615	2	Virginia, United States	US	USVA		37.768	-78.2057	VA	2	Virginia, United States	US	USVA		37.768	-78.2057	VA	2	Virginia, United States	US	USVA		37.768	-78.2057	VA	20250613230000	https://ew.com/def-leppard-guitarist-vivian-campbell-remission-cancer-11754697
1249589496	20250613	202506	2025	2025.4466	USA	UNITED STATES	USA								OPP	PROTESTER						OPP			0	010	010	01	1	0.0	4	1	4	-1.07066381156317	3	Twin Falls County, Idaho, United States	US	USID	ID083	42.3505	-114.644	399334	3	Twin Falls County, Idaho, United States	US	USID		42.3505	-114.644	399334	3	Twin Falls County, Idaho, United States	US	USID		42.3505	-114.644	399334	20250613230000	https://www.kmvt.com/2025/06/13/magic-valley-plans-weekend-protests/
1249589497	20250613	202506	2025	2025.4466	USA	LOS ANGELES	USA								OPP	PROTESTER						OPP			0	020	020	02	1	3.0	3	1	3	-6.32279534109817	3	Los Angeles County, California, United States	US	USCA	CA037	34.3667	-118.201	277283	3	Los Angeles County, California, United States	US	USCA		34.3667	-118.201	277283	3	Los Angeles County, California, United States	US	USCA		34.3667	-118.201	277283	20250613230000	https://www.messenger-inquirer.com/news/national/marines-deploy-in-la-ahead-of-mass-anti-trump-protests/article_aae94cb2-0bad-5d53-bd08-00bbba686f20.html
1249589498	20250613	202506	2025	2025.4466	USA	TWIN FALLS	USA								OPP	DEMONSTRATOR						OPP			1	025	025	02	1	-0.3	1	1	1	-1.07066381156317	3	Twin Falls, Idaho, United States	US	USID	ID083	42.563	-114.461	398273	3	Porter Park, California, United States	US	USCA		32.7678	-117.016	247697	3	Porter Park, California, United States	US	USCA		32.7678	-117.016	247697	20250613230000	https://www.kmvt.com/2025/06/13/magic-valley-plans-weekend-protests/
1249589499	20250613	202506	2025	2025.4466	USA	TWIN FALLS	USA								OPP	DEMONSTRATOR						OPP			1	025	025	02	1	-0.3	1	1	1	-1.07066381156317	3	Twin Falls, Idaho, United States	US	USID	ID083	42.563	-114.461	398273	3	Twin Falls County, Idaho, United States	US	USID		42.3505	-114.644	399334	3	Twin Falls County, Idaho, United States	US	USID		42.3505	-114.644	399334	20250613230000	https://www.kmvt.com/2025/06/13/magic-valley-plans-weekend-protests/
1249589500	20250613	202506	2025	2025.4466	USA	IDAHO	USA								OPP	PROTESTER						OPP			1	027	027	02	1	4.0	4	1	4	-1.07066381156317	2	Idaho, United States	US	USID		44.2394	-114.51	ID	2	Idaho, United States	US	USID		44.2394	-114.51	ID	2	Idaho, United States	US	USID		44.2394	-114.51	ID	20250613230000	https://www.kmvt.com/2025/06/13/magic-valley-plans-weekend-protests/
1249589501	20250613	202506	2025	2025.4466	USA	UNITED STATES	USA								OPP	DETAINEE						OPP			1	040	040	04	1	1.0	2	1	2	-5.38720538720539	1	United States	US	US		39.828175	-98.5795	US	1	United States	US	US		39.828175	-98.5795	US	4	Caracas, Distrito Federal, Venezuela	VE	VE25	31959	10.5	-66.9167	-938457	20250613230000	https://thefrontierpost.com/supporters-of-deported-venezuelans-denied-visit-to-salvadoran-jail/
1249589502	20250613	202506	2025	2025.4466	USA	UNITED STATES	USA								OPP	DETAINEE						OPP			1	040	040	04	1	1.0	4	1	4	-5.38720538720539	1	United States	US	US		39.828175	-98.5795	US	1	United States	US	US		39.828175	-98.5795	US	1	United States	US	US		39.828175	-98.5795	US	20250613230000	https://thefrontierpost.com/supporters-of-deported-venezuelans-denied-visit-to-salvadoran-jail/
1249589503	20250613	202506	2025	2025.4466	USA	FLORIDA	USA								OPP	PROTESTER						OPP			1	130	130	13	3	-4.4	8	1	8	-10.5473965287049	1	Germany	GM	GM		51.5	10.5	GM	1	Germany	GM	GM		51.5	10.5	GM	1	Germany	GM	GM		51.5	10.5	GM	20250613230000	https://www.yahoo.com/news/people-absolutely-floored-florida-sheriff-220448871.html
1249589504	20250613	202506	2025	2025.4466	USA	NEVADA	USA								REL	BELIEVER									0	012	012	01	1	-0.4	2	1	2	-1.36986301369863	2	Nevada, United States	US	USNV		38.4199	-117.122	NV	2	Nevada, United States	US	USNV		38.4199	-117.122	NV	2	Nevada, United States	US	USNV		38.4199	-117.122	NV	20250613230000	https://www.scmp.com/opinion/article/3314416/sorry-there-are-no-ufos-just-vast-us-deep-state-conspiracy
1249589505	20250613	202506	2025	2025.4466	USA	UNITED STATES	USA								REL	BISHOP									0	043	043	04	1	2.8	5	1	5	3.14852840520192	3	Grand Park, California, United States	US	USCA	CA059	33.8075	-117.911	1765119	3	Grand Park, California, United States	US	USCA		33.8075	-117.911	1765119	3	Grand Park, California, United States	US	USCA		33.8075	-117.911	1765119	20250613230000	https://www.foxla.com/news/a-united-church-la-faith-leaders-different-denominations-bring-flowers-instead-fear
1249589506	20250613	202506	2025	2025.4466	USA	UNITED STATES	USA								SAU	SAUDI	SAU								0	061	061	06	2	6.4	3	1	3	-4.32276657060519	1	United States	US	US		39.828175	-98.5795	US	4	Ras Al Khafji, Ash Sharqiyah, Saudi Arabia	SA	SA06	25307	28.439	48.4913	-3092029	4	Ras Al Khafji, Ash Sharqiyah, Saudi Arabia	SA	SA06	25307	28.439	48.4913	-3092029	20250613230000	https://www.hellenicshippingnews.com/tankers-saudi-arabia-crude-oil-exports-keep-declining/
1249589507	20250613	202506	2025	2025.4466	USA	LOS ANGELES	USA								USACOP	UNITED STATES	USA					COP			1	060	060	06	2	6.0	1	1	1	-11.7021276595745	3	Palmdale, California, United States	US	USCA	CA037	34.5794	-118.116	1652769	3	Palmdale, California, United States	US	USCA	CA037	34.5794	-118.116	1652769	3	Los Angeles, California, United States	US	USCA		34.0522	-118.244	1662328	20250613230000	https://www.yahoo.com/news/two-arrested-fatal-stabbing-84-203253798.html
1249589508	20250613	202506	2025	2025.4466	USA	LOS ANGELES	USA								USACOP	LOS ANGELES	USA					COP			1	060	060	06	2	6.0	4	1	4	-11.7021276595745	3	Los Angeles, California, United States	US	USCA	CA037	34.0522	-118.244	1662328	3	Los Angeles, California, United States	US	USCA		34.0522	-118.244	1662328	3	Los Angeles, California, United States	US	USCA		34.0522	-118.244	1662328	20250613230000	https://www.yahoo.com/news/two-arrested-fatal-stabbing-84-203253798.html
1249589509	20250613	202506	2025	2025.4466	USA	UNITED STATES	USA								USACOP	UNITED STATES	USA					COP			1	182	182	18	4	-9.5	2	1	2	-11.4754098360656	2	Alabama, United States	US	USAL		32.799	-86.8073	AL	2	Alabama, United States	US	USAL		32.799	-86.8073	AL	2	Alabama, United States	US	USAL		32.799	-86.8073	AL	20250613230000	https://www.al.com/news/2025/06/86-year-old-man-killed-during-crash-in-choctaw-county.html
1249589510	20250613	202506	2025	2025.4466	USA	UNITED STATES	USA								USACVL	UNITED STATES	USA					CVL			1	020	020	02	1	3.0	4	1	4	-0.67114093959732	2	Iowa, United States	US	USIA		42.0046	-93.214	IA	2	Iowa, United States	US	USIA		42.0046	-93.214	IA	2	Iowa, United States	US	USIA		42.0046	-93.214	IA	20250613230000	https://www.tsln.com/news/iowa-governor-vetoes-property-rights-protection-bil/
1249589511	20250613	202506	2025	2025.4466	USA	NEW YORK	USA								USAEDU	NEW YORK	USA					EDU			0	010	010	01	1	0.0	3	1	3	1.12554112554113	3	Chicago, Illinois, United States	US	USIL	IL031	41.85	-87.6501	423587	3	Chicago, Illinois, United States	US	USIL	IL031	41.85	-87.6501	423587	3	Chicago, Illinois, United States	US	USIL	IL031	41.85	-87.6501	423587	20250613230000	https://www.zmescience.com/other/art-other/ai-based-method-restores-priceless-renaissance-art-in-under-4-hours-rather-than-months/
1249589512	20250613	202506	2025	2025.4466	USA	UNITED STATES	USA								USAEDU	UNITED STATES	USA					EDU			0	071	071	07	2	7.4	4	1	4	-4.60526315789474	3	Binghamton, California, United States	US	USCA	CA095	38.3513	-121.823	252630	3	Binghamton, California, United States	US	USCA	CA095	38.3513	-121.823	252630	3	Binghamton, California, United States	US	USCA	CA095	38.3513	-121.823	252630	20250613230000	https://www.yahoo.com/news/people-protesting-more-usual-jaw-221606152.html
1249589513	20250613	202506	2025	2025.4466	USA	UNITED STATES	USA								USAGOV	THE WHITE HOUSE	USA					GOV			0	043	043	04	1	2.8	1	1	1	0	1	Israel	IS	IS		31.5	34.75	IS	1	Israel	IS	IS		31.5	34.75	IS	1	Israel	IS	IS		31.5	34.75	IS	20250613230000	https://960weli.iheart.com/featured/the-clay-travis-and-buck-sexton-show/content/2025-06-13-1119-the-clay-travis-and-buck-hour-3-an-israeli-pov/
1249589514	20250613	202506	2025	2025.4466	USA	UNITED STATES	USA								USAGOV	JOE BIDEN	USA					GOV			0	112	112	11	3	-2.0	4	1	4	-7.24907063197026	2	Colorado, United States	US	USCO		39.0646	-105.327	CO	2	Colorado, United States	US	USCO		39.0646	-105.327	CO	2	Colorado, United States	US	USCO		39.0646	-105.327	CO	20250613230000	https://www.dailycamera.com/2025/06/13/mike-lindell-trial-jury-deliberations-election-conspiracy-defamation-dominion/
1249589515	20250613	202506	2025	2025.4466	USA	IOWA	USA								USAGOV	UNITED STATES	USA					GOV			1	129	129	12	3	-5.0	2	1	2	-0.67114093959732	2	Iowa, United States	US	USIA		42.0046	-93.214	IA	2	Iowa, United States	US	USIA		42.0046	-93.214	IA	2	Iowa, United States	US	USIA		42.0046	-93.214	IA	20250613230000	https://www.tsln.com/news/iowa-governor-vetoes-property-rights-protection-bil/
1249589516	20250613	202506	2025	2025.4466	USA	MONTANA	USA								USAJUD	UNITED STATES	USA					JUD			0	190	190	19	4	-10.0	1	1	1	-4.24481737413622	3	Parker County, Texas, United States	US	USTX	TX367	32.7668	-97.8003	1383969	3	Parker County, Texas, United States	US	USTX		32.7668	-97.8003	1383969	2	Montana, United States	US	USMT		46.9048	-110.326	MT	20250613230000	https://www.catholicworldreport.com/2025/06/13/pro-life-sentiments-are-on-the-rise-according-to-gallup-poll/
1249589517	20250613	202506	2025	2025.4466	USA	UNITED STATES	USA								USAJUD	UNITED STATES	USA					JUD			1	190	190	19	4	-10.0	8	1	8	-4.03726708074534	3	Fulton County, Georgia, United States	US	USGA	GA121	33.7668	-84.4499	1694833	2	Georgia, United States	US	USGA		32.9866	-83.6487	GA	3	Fulton County, Georgia, United States	US	USGA		33.7668	-84.4499	1694833	20250613230000	https://gazette.com/news/wex/georgia-supreme-court-to-hear-fani-willis-state-senate-subpoena-fight/article_1d630c8a-cae0-5770-9791-e9c48ea1010d.html
1249589518	20250613	202506	2025	2025.4466	USA	UNITED STATES	USA								USALEG	UNITED STATES	USA					LEG			0	013	013	01	1	0.4	2	1	2	-5.65275908479139	2	California, United States	US	USCA		36.17	-119.746	CA	2	Alabama, United States	US	USAL		32.799	-86.8073	AL	2	California, United States	US	USCA		36.17	-119.746	CA	20250613230000	https://www.yahoo.com/news/social-media-erupts-dem-senator-201949391.html
1249589519	20250613	202506	2025	2025.4466	USA	MAINE	USA								USALEG	UNITED STATES	USA					LEG			1	046	046	04	1	7.0	2	1	2	-0.36656891495601	2	Maine, United States	US	USME		44.6074	-69.3977	ME	2	Maine, United States	US	USME		44.6074	-69.3977	ME	2	Maine, United States	US	USME		44.6074	-69.3977	ME	20250613230000	https://www.yahoo.com/news/ban-state-seizure-wabanaki-land-212702233.html
1249589520	20250613	202506	2025	2025.4466	USA	UNITED STATES	USA								USALEG	UNITED STATES	USA					LEG			0	190	190	19	4	-10.0	2	1	2	-3.45710627400769	3	Wauchula, Florida, United States	US	USFL	FL049	27.5473	-81.8115	292949	3	Wauchula, Florida, United States	US	USFL	FL049	27.5473	-81.8115	292949	3	Wauchula, Florida, United States	US	USFL	FL049	27.5473	-81.8115	292949	20250613230000	https://www.yahoo.com/news/lawmakers-seal-lean-budget-deal-221435453.html
1249589521	20250613	202506	2025	2025.4466	USA	UNITED STATES	USA								USAMED	THE ASSOCIATED PRESS	USA					MED			0	013	013	01	1	0.4	4	1	4	-6.48072190319935	3	Newark, New Jersey, United States	US	USNJ	NJ013	40.7357	-74.1724	878762	3	Newark, New Jersey, United States	US	USNJ	NJ013	40.7357	-74.1724	878762	3	Newark, New Jersey, United States	US	USNJ	NJ013	40.7357	-74.1724	878762	20250613230000	https://www.boston.com/news/national-news/2025/06/13/dhs-4-escaped-from-immigration-detention-center-in-new-jersey/
1249589522	20250613	202506	2025	2025.4466	USA	WASHINGTON	USA								USAMIL	THE US	USA					MIL			1	051	051	05	1	3.4	10	1	10	3.92156862745098	2	Tennessee, United States	US	USTN		35.7449	-86.7489	TN	2	Tennessee, United States	US	USTN		35.7449	-86.7489	TN	2	Tennessee, United States	US	USTN		35.7449	-86.7489	TN	20250613230000	https://wjla.com/news/local/national-mall-army-birthday-parade-celebration-festival-dc-washington-festival-helicopters-tanks-weapons-protests-route-country
1249589523	20250613	202506	2025	2025.4466	USA	PENNSYLVANIA	USA								USAMIL	PENNSYLVANIA	USA					MIL			1	192	192	19	4	-9.5	6	1	6	-2.22222222222223	2	Texas, United States	US	USTX		31.106	-97.6475	TX	2	Texas, United States	US	USTX		31.106	-97.6475	TX	2	Texas, United States	US	USTX		31.106	-97.6475	TX	20250613230000	https://www.inquirer.com/news/pennsylvania/governor-shapiro-donald-trump-pennsylvania-national-guard-20250613.html
1249589524	20250613	202506	2025	2025.4466	USA	NEW YORK	USA								VUT	VANUATU	VUT								1	016	016	01	1	-2.0	8	1	8	-3.44827586206897	1	Vanuatu	NH	NH		-16	167	NH	1	Vanuatu	NH	NH		-16	167	NH	1	Vanuatu	NH	NH		-16	167	NH	20250613230000	https://www.dailypost.vu/news/new-york-court-dismisses-claims-against-vanuatu-maritime-services/article_0451e8ec-04ba-505f-866d-4077869eeefb.html
1249589525	20250613	202506	2025	2025.4466	USACOP	DETROIT	USA					COP													0	030	030	03	1	4.0	6	1	6	-3.41207349081365	1	Jordan	JO	JO		31	36	JO	0								1	Jordan	JO	JO		31	36	JO	20250613230000	https://www.wxyz.com/news/detroit-police-hosting-brunch-for-fathers-who-lost-children-to-violence-crimes
1249589526	20250613	202506	2025	2025.4466	USACOP	DETROIT	USA					COP													1	043	043	04	1	2.8	16	1	10	-3.41207349081365	1	Jordan	JO	JO		31	36	JO	0								1	Jordan	JO	JO		31	36	JO	20250613230000	https://www.wxyz.com/news/detroit-police-hosting-brunch-for-fathers-who-lost-children-to-violence-crimes
1249589527	20250613	202506	2025	2025.4466	USACOP	UNITED STATES	USA					COP			CHL	CHILEAN	CHL								1	173	173	17	4	-5.0	2	1	2	-8.41300191204589	2	California, United States	US	USCA		36.17	-119.746	CA	2	California, United States	US	USCA		36.17	-119.746	CA	2	California, United States	US	USCA		36.17	-119.746	CA	20250613230000	https://www.foxla.com/news/simi-valley-police-arrest-4-linked-3-million-jewelry-heist
1249589528	20250613	202506	2025	2025.4466	USACOP	UNITED STATES	USA					COP			CHLCVL	CHILE	CHL					CVL			1	173	173	17	4	-5.0	4	1	4	-8.41300191204589	2	California, United States	US	USCA		36.17	-119.746	CA	2	California, United States	US	USCA		36.17	-119.746	CA	2	California, United States	US	USCA		36.17	-119.746	CA	20250613230000	https://www.foxla.com/news/simi-valley-police-arrest-4-linked-3-million-jewelry-heist
1249589529	20250613	202506	2025	2025.4466	USACOP	DETROIT	USA					COP			JOR	JORDAN	JOR								1	042	042	04	1	1.9	4	1	4	-3.41207349081365	1	Jordan	JO	JO		31	36	JO	1	Jordan	JO	JO		31	36	JO	1	Jordan	JO	JO		31	36	JO	20250613230000	https://www.wxyz.com/news/detroit-police-hosting-brunch-for-fathers-who-lost-children-to-violence-crimes
1249589530	20250613	202506	2025	2025.4466	USACOP	UNITED STATES	USA					COP			USA	UNITED STATES	USA								1	173	173	17	4	-5.0	1	1	1	-11.7021276595745	3	Los Angeles County, California, United States	US	USCA	CA037	34.3667	-118.201	277283	3	Palmdale, California, United States	US	USCA	CA037	34.5794	-118.116	1652769	3	Palmdale, California, United States	US	USCA	CA037	34.5794	-118.116	1652769	20250613230000	https://www.yahoo.com/news/two-arrested-fatal-stabbing-84-203253798.html
1249589531	20250613	202506	2025	2025.4466	USACOP	UNITED STATES	USA					COP			USA	UNITED STATES	USA								1	173	173	17	4	-5.0	1	1	1	-11.7021276595745	3	Los Angeles County, California, United States	US	USCA	CA037	34.3667	-118.201	277283	3	Los Angeles County, California, United States	US	USCA		34.3667	-118.201	277283	3	Palmdale, California, United States	US	USCA	CA037	34.5794	-118.116	1652769	20250613230000	https://www.yahoo.com/news/two-arrested-fatal-stabbing-84-203253798.html
1249589532	20250613	202506	2025	2025.4466	USACOP	UNITED STATES	USA					COP			USA	UNITED STATES	USA								1	173	173	17	4	-5.0	2	1	2	-11.7021276595745	3	Los Angeles County, California, United States	US	USCA	CA037	34.3667	-118.201	277283	3	Los Angeles County, California, United States	US	USCA		34.3667	-118.201	277283	3	Los Angeles County, California, United States	US	USCA		34.3667	-118.201	277283	20250613230000	https://www.yahoo.com/news/two-arrested-fatal-stabbing-84-203253798.html
1249589533	20250613	202506	2025	2025.4466	USACVL	IOWA	USA					CVL													1	020	020	02	1	3.0	6	1	6	-0.67114093959732	2	Iowa, United States	US	USIA		42.0046	-93.214	IA	0								2	Iowa, United States	US	USIA		42.0046	-93.214	IA	20250613230000	https://www.tsln.com/news/iowa-governor-vetoes-property-rights-protection-bil/
1249589534	20250613	202506	2025	2025.4466	USACVL	UNITED STATES	USA					CVL			USA	CHARLOTTE	USA								1	051	051	05	1	3.4	1	1	1	7.31034482758621	3	Mecklenburg County, North Carolina, United States	US	USNC	NC119	35.2668	-80.8498	1008570	3	Mecklenburg County, North Carolina, United States	US	USNC		35.2668	-80.8498	1008570	3	Mecklenburg County, North Carolina, United States	US	USNC		35.2668	-80.8498	1008570	20250613230000	https://www.globenewswire.com/news-release/2025/06/13/3099339/0/en/Charlotte-Plumbing-Masters-Earns-Recognition-as-a-Trusted-Plumbing-Services-Provider-Across-Mecklenburg-County.html
1249589535	20250613	202506	2025	2025.4466	USACVL	UNITED STATES	USA					CVL			USA	CHARLOTTE	USA								1	051	051	05	1	3.4	1	1	1	7.31034482758621	3	Charlotte, North Carolina, United States	US	USNC	NC119	35.2271	-80.8431	1019610	3	Mecklenburg County, North Carolina, United States	US	USNC		35.2668	-80.8498	1008570	3	Mecklenburg County, North Carolina, United States	US	USNC		35.2668	-80.8498	1008570	20250613230000	https://www.globenewswire.com/news-release/2025/06/13/3099339/0/en/Charlotte-Plumbing-Masters-Earns-Recognition-as-a-Trusted-Plumbing-Services-Provider-Across-Mecklenburg-County.html
1249589536	20250613	202506	2025	2025.4466	USAEDU	UNITED STATES	USA					EDU			USA	UNITED STATES	USA								1	013	013	01	1	0.4	2	1	2	-4.63576158940397	3	Washington, District of Columbia, United States	US	USDC	DC001	38.8951	-77.0364	531871	3	Washington, District of Columbia, United States	US	USDC	DC001	38.8951	-77.0364	531871	3	Washington, District of Columbia, United States	US	USDC	DC001	38.8951	-77.0364	531871	20250613230000	https://www.yahoo.com/news/far-extremists-prepare-violence-no-210050971.html
1249589537	20250613	202506	2025	2025.4466	USAGOV	UNITED STATES	USA					GOV													1	010	010	01	1	0.0	5	1	5	-3.79403794037941	3	South River, New Jersey, United States	US	USNJ	NJ023	40.4465	-74.386	880748	0								3	South River, New Jersey, United States	US	USNJ		40.4465	-74.386	880748	20250613230000	https://www.vice.com/en/article/school-forced-to-cancel-classes-after-senior-prank-goes-too-far/
1249589538	20250613	202506	2025	2025.4466	USAGOV	IOWA	USA					GOV													1	129	129	12	3	-5.0	6	1	6	-0.67114093959732	2	Iowa, United States	US	USIA		42.0046	-93.214	IA	0								2	Iowa, United States	US	USIA		42.0046	-93.214	IA	20250613230000	https://www.tsln.com/news/iowa-governor-vetoes-property-rights-protection-bil/
1249589539	20250613	202506	2025	2025.4466	USAGOV	THE WHITE HOUSE	USA					GOV			FRA	FRENCH	FRA								0	042	042	04	1	1.9	3	1	3	0	3	White House, District of Columbia, United States	US	USDC		38.8951	-77.0364	531871	3	White House, District of Columbia, United States	US	USDC		38.8951	-77.0364	531871	3	White House, District of Columbia, United States	US	USDC		38.8951	-77.0364	531871	20250613230000	https://960weli.iheart.com/featured/the-clay-travis-and-buck-sexton-show/content/2025-06-13-1119-the-clay-travis-and-buck-hour-3-an-israeli-pov/
1249589540	20250613	202506	2025	2025.4466	USAGOV	THE WHITE HOUSE	USA					GOV			FRA	FRENCH	FRA								0	042	042	04	1	1.9	1	1	1	0	1	Israel	IS	IS		31.5	34.75	IS	3	White House, District of Columbia, United States	US	USDC		38.8951	-77.0364	531871	3	White House, District of Columbia, United States	US	USDC		38.8951	-77.0364	531871	20250613230000	https://960weli.iheart.com/featured/the-clay-travis-and-buck-sexton-show/content/2025-06-13-1119-the-clay-travis-and-buck-hour-3-an-israeli-pov/
1249589541	20250613	202506	2025	2025.4466	USAGOV	UNITED STATES	USA					GOV			GOV	TRADE MINIST						GOV			1	040	040	04	1	1.0	2	1	2	1.81451612903226	3	Washington, District of Columbia, United States	US	USDC	DC001	38.8951	-77.0364	531871	4	New Delhi, Delhi, India	IN	IN07	17911	28.6	77.2	-2106102	4	New Delhi, Delhi, India	IN	IN07	17911	28.6	77.2	-2106102	20250613230000	https://www.dailyexcelsior.com/india-keen-to-conclude-interim-trade-deal-with-usa-by-july-9-this-year/
1249589542	20250613	202506	2025	2025.4466	USAGOV	US OFFICIAL	USA					GOV			IRN	IRANIAN	IRN								0	193	193	19	4	-10.0	8	1	8	-1.5625	4	Tehran, Tehran, Iran	IR	IR26	41130	35.75	51.5148	10074674	4	Tehran, Tehran, Iran	IR	IR26	41130	35.75	51.5148	10074674	4	Tehran, Tehran, Iran	IR	IR26	41130	35.75	51.5148	10074674	20250613230000	https://www.rnz.co.nz/news/world/564120/we-knew-everything-trump-says-about-israel-s-strikes-on-iran
1249589543	20250613	202506	2025	2025.4466	USAGOV	US OFFICIAL	USA					GOV			IRN	IRANIAN	IRN								0	193	193	19	4	-10.0	2	1	2	-1.5625	1	Israel	IS	IS		31.5	34.75	IS	1	Israel	IS	IS		31.5	34.75	IS	1	Israel	IS	IS		31.5	34.75	IS	20250613230000	https://www.rnz.co.nz/news/world/564120/we-knew-everything-trump-says-about-israel-s-strikes-on-iran
1249589544	20250613	202506	2025	2025.4466	USAGOV	UNITED STATES	USA					GOV			LEG	SENATE						LEG			0	051	051	05	1	3.4	1	1	1	2.3076923076923	3	Washington, District of Columbia, United States	US	USDC	DC001	38.8951	-77.0364	531871	3	Washington, District of Columbia, United States	US	USDC	DC001	38.8951	-77.0364	531871	3	Washington, District of Columbia, United States	US	USDC	DC001	38.8951	-77.0364	531871	20250613230000	https://capitalpress.com/2025/06/13/specialty-crop-group-praises-senate-committee-budget-action/
1249589545	20250613	202506	2025	2025.4466	USAGOV	IDAHO	USA					GOV			OPP	PROTESTER						OPP			1	027	027	02	1	4.0	3	1	3	-1.07066381156317	3	Twin Falls, Idaho, United States	US	USID	ID083	42.563	-114.461	398273	3	Twin Falls County, Idaho, United States	US	USID		42.3505	-114.644	399334	3	Twin Falls County, Idaho, United States	US	USID		42.3505	-114.644	399334	20250613230000	https://www.kmvt.com/2025/06/13/magic-valley-plans-weekend-protests/
1249589546	20250613	202506	2025	2025.4466	USAGOV	IDAHO	USA					GOV			OPP	PROTESTER						OPP			1	027	027	02	1	4.0	3	1	3	-1.07066381156317	2	Idaho, United States	US	USID		44.2394	-114.51	ID	2	Idaho, United States	US	USID		44.2394	-114.51	ID	2	Idaho, United States	US	USID		44.2394	-114.51	ID	20250613230000	https://www.kmvt.com/2025/06/13/magic-valley-plans-weekend-protests/
1249589547	20250613	202506	2025	2025.4466	USAGOV	UNITED STATES	USA					GOV			USA	UNITED STATES	USA								1	010	010	01	1	0.0	2	1	2	-3.79403794037941	3	South River, New Jersey, United States	US	USNJ	NJ023	40.4465	-74.386	880748	3	South River, New Jersey, United States	US	USNJ		40.4465	-74.386	880748	3	South River, New Jersey, United States	US	USNJ		40.4465	-74.386	880748	20250613230000	https://www.vice.com/en/article/school-forced-to-cancel-classes-after-senior-prank-goes-too-far/
1249589548	20250613	202506	2025	2025.4466	USAGOV	THE WHITE HOUSE	USA					GOV			USA	UNITED STATES	USA								0	042	042	04	1	1.9	1	1	1	0	1	Israel	IS	IS		31.5	34.75	IS	1	Israel	IS	IS		31.5	34.75	IS	1	Israel	IS	IS		31.5	34.75	IS	20250613230000	https://960weli.iheart.com/featured/the-clay-travis-and-buck-sexton-show/content/2025-06-13-1119-the-clay-travis-and-buck-hour-3-an-israeli-pov/
1249589549	20250613	202506	2025	2025.4466	USAGOV	UNITED STATES	USA					GOV			USA	PENNSYLVANIA	USA								1	192	192	19	4	-9.5	2	1	2	-2.22222222222223	2	Texas, United States	US	USTX		31.106	-97.6475	TX	2	Texas, United States	US	USTX		31.106	-97.6475	TX	2	Texas, United States	US	USTX		31.106	-97.6475	TX	20250613230000	https://www.inquirer.com/news/pennsylvania/governor-shapiro-donald-trump-pennsylvania-national-guard-20250613.html
1249589550	20250613	202506	2025	2025.4466	USAGOV	UNITED STATES	USA					GOV			USAGOV	THE WHITE HOUSE	USA					GOV			1	051	051	05	1	3.4	2	1	2	-2.37341772151899	3	White House, District of Columbia, United States	US	USDC		38.8951	-77.0364	531871	3	Washington, District of Columbia, United States	US	USDC	DC001	38.8951	-77.0364	531871	3	Washington, District of Columbia, United States	US	USDC	DC001	38.8951	-77.0364	531871	20250613230000	https://www.columbian.com/news/2025/jun/13/israeli-strikes-on-iran-lead-to-new-test-of-trumps-ability-to-deliver-on-america-first-agenda/
1249589551	20250613	202506	2025	2025.4466	USAGOVGOVMIL	THE WHITE HOUSE	USA					GOV	GOV	MIL											0	046	046	04	1	7.0	2	1	2	-1.5625	3	White House, District of Columbia, United States	US	USDC		38.8951	-77.0364	531871	0								3	White House, District of Columbia, United States	US	USDC		38.8951	-77.0364	531871	20250613230000	https://www.rnz.co.nz/news/world/564120/we-knew-everything-trump-says-about-israel-s-strikes-on-iran
1249589552	20250613	202506	2025	2025.4466	USAGOVGOVMIL	THE WHITE HOUSE	USA					GOV	GOV	MIL	IRN	IRAN	IRN								0	046	046	04	1	7.0	2	1	2	-1.5625	4	Tehran, Tehran, Iran	IR	IR26	41130	35.75	51.5148	10074674	4	Tehran, Tehran, Iran	IR	IR26	41130	35.75	51.5148	10074674	4	Tehran, Tehran, Iran	IR	IR26	41130	35.75	51.5148	10074674	20250613230000	https://www.rnz.co.nz/news/world/564120/we-knew-everything-trump-says-about-israel-s-strikes-on-iran
1249589553	20250613	202506	2025	2025.4466	USAGOVGOVMIL	THE WHITE HOUSE	USA					GOV	GOV	MIL	IRN	IRAN	IRN								0	046	046	04	1	7.0	2	1	2	-1.5625	3	White House, District of Columbia, United States	US	USDC		38.8951	-77.0364	531871	4	Tehran, Tehran, Iran	IR	IR26	41130	35.75	51.5148	10074674	4	Tehran, Tehran, Iran	IR	IR26	41130	35.75	51.5148	10074674	20250613230000	https://www.rnz.co.nz/news/world/564120/we-knew-everything-trump-says-about-israel-s-strikes-on-iran
1249589554	20250613	202506	2025	2025.4466	USAGOVHLH	HAWAII	USA					GOV	HLH												1	043	043	04	1	2.8	10	1	10	-8.28729281767958	0								0								0								20250613230000	https://www.staradvertiser.com/2025/06/13/breaking-news/hawaii-kai-man-found-not-guilty-by-reason-of-insanity-in-deadly-stabbing/
1249589555	20250613	202506	2025	2025.4466	USAJUD	UNITED STATES	USA					JUD			JUD	HIGH COURT						JUD			1	020	020	02	1	3.0	6	1	6	-4.03726708074534	3	Fulton County, Georgia, United States	US	USGA	GA121	33.7668	-84.4499	1694833	2	Georgia, United States	US	USGA		32.9866	-83.6487	GA	3	Fulton County, Georgia, United States	US	USGA		33.7668	-84.4499	1694833	20250613230000	https://gazette.com/news/wex/georgia-supreme-court-to-hear-fani-willis-state-senate-subpoena-fight/article_1d630c8a-cae0-5770-9791-e9c48ea1010d.html
1249589556	20250613	202506	2025	2025.4466	USAJUD	UNITED STATES	USA					JUD			USA	UNITED STATES	USA								0	013	013	01	1	0.4	2	1	2	-4.04097894137735	2	Illinois, United States	US	USIL		40.3363	-89.0022	IL	2	Illinois, United States	US	USIL		40.3363	-89.0022	IL	2	Illinois, United States	US	USIL		40.3363	-89.0022	IL	20250613230000	https://www.yahoo.com/news/ex-illinois-house-speaker-michael-220600809.html
1249589557	20250613	202506	2025	2025.4466	USAJUD	UNITED STATES	USA					JUD			USA	UNITED STATES	USA								0	020	020	02	1	3.0	4	1	4	-4.04097894137735	2	Illinois, United States	US	USIL		40.3363	-89.0022	IL	3	Chicago, Illinois, United States	US	USIL	IL031	41.85	-87.6501	423587	3	Chicago, Illinois, United States	US	USIL	IL031	41.85	-87.6501	423587	20250613230000	https://www.yahoo.com/news/ex-illinois-house-speaker-michael-220600809.html
1249589558	20250613	202506	2025	2025.4466	USAJUD	UNITED STATES	USA					JUD			USA	UNITED STATES	USA								1	100	100	10	3	-5.0	1	1	1	0.787401574803153	2	New York, United States	US	USNY		42.1497	-74.9384	NY	2	New York, United States	US	USNY		42.1497	-74.9384	NY	2	New York, United States	US	USNY		42.1497	-74.9384	NY	20250613230000	https://www.cherokeephoenix.org/news/tribe-s-job-corps-program-avoids-closure-for-now/article_45b1afbd-9a3f-45a7-a909-5556a223dc53.html
1249589559	20250613	202506	2025	2025.4466	USAJUD	UNITED STATES	USA					JUD			USA	UNITED STATES	USA								0	111	111	11	3	-2.0	2	1	2	-5.22565320665083	2	Colorado, United States	US	USCO		39.0646	-105.327	CO	2	Colorado, United States	US	USCO		39.0646	-105.327	CO	2	Colorado, United States	US	USCO		39.0646	-105.327	CO	20250613230000	https://gazette.com/colorado_politics/mike-lindell-trial-defamation-jury/article_2e930563-43cd-5cb3-a695-6012392383a6.html
1249589560	20250613	202506	2025	2025.4466	USAJUD	UNITED STATES	USA					JUD			USA	UNITED STATES	USA								0	112	112	11	3	-2.0	2	1	2	-7.24907063197026	2	Colorado, United States	US	USCO		39.0646	-105.327	CO	2	Colorado, United States	US	USCO		39.0646	-105.327	CO	2	Colorado, United States	US	USCO		39.0646	-105.327	CO	20250613230000	https://www.dailycamera.com/2025/06/13/mike-lindell-trial-jury-deliberations-election-conspiracy-defamation-dominion/
1249589561	20250613	202506	2025	2025.4466	USAJUD	UNITED STATES	USA					JUD			USA	UNITED STATES	USA								1	190	190	19	4	-10.0	8	1	8	-4.03726708074534	2	Georgia, United States	US	USGA		32.9866	-83.6487	GA	2	Georgia, United States	US	USGA		32.9866	-83.6487	GA	2	Georgia, United States	US	USGA		32.9866	-83.6487	GA	20250613230000	https://gazette.com/news/wex/georgia-supreme-court-to-hear-fani-willis-state-senate-subpoena-fight/article_1d630c8a-cae0-5770-9791-e9c48ea1010d.html
1249589562	20250613	202506	2025	2025.4466	USALEG	MAINE	USA					LEG													1	040	040	04	1	1.0	3	1	3	-0.36656891495601	2	Maine, United States	US	USME		44.6074	-69.3977	ME	0								2	Maine, United States	US	USME		44.6074	-69.3977	ME	20250613230000	https://www.yahoo.com/news/ban-state-seizure-wabanaki-land-212702233.html
1249589563	20250613	202506	2025	2025.4466	USALEG	MAINE	USA					LEG													1	046	046	04	1	7.0	3	1	3	-0.36656891495601	2	Maine, United States	US	USME		44.6074	-69.3977	ME	0								2	Maine, United States	US	USME		44.6074	-69.3977	ME	20250613230000	https://www.yahoo.com/news/ban-state-seizure-wabanaki-land-212702233.html
1249589564	20250613	202506	2025	2025.4466	USALEG	UNITED STATES	USA					LEG													1	180	180	18	4	-9.0	1	1	1	-6.67351129363449	3	White House, District of Columbia, United States	US	USDC		38.8951	-77.0364	531871	0								3	White House, District of Columbia, United States	US	USDC		38.8951	-77.0364	531871	20250613230000	https://www.yahoo.com/news/ice-breakout-jersey-symptom-democratic-203044939.html
1249589565	20250613	202506	2025	2025.4466	USALEG	ILLINOIS	USA					LEG			COP	PRISON						COP			1	173	173	17	4	-5.0	6	1	6	-4.04097894137735	2	Illinois, United States	US	USIL		40.3363	-89.0022	IL	2	Illinois, United States	US	USIL		40.3363	-89.0022	IL	2	Illinois, United States	US	USIL		40.3363	-89.0022	IL	20250613230000	https://www.yahoo.com/news/ex-illinois-house-speaker-michael-220600809.html
1249589566	20250613	202506	2025	2025.4466	USALEG	UNITED STATES	USA					LEG			USA	MAINE	USA								1	040	040	04	1	1.0	4	1	4	-0.36656891495601	2	Maine, United States	US	USME		44.6074	-69.3977	ME	2	Maine, United States	US	USME		44.6074	-69.3977	ME	2	Maine, United States	US	USME		44.6074	-69.3977	ME	20250613230000	https://www.yahoo.com/news/ban-state-seizure-wabanaki-land-212702233.html
1249589567	20250613	202506	2025	2025.4466	USALEG	UNITED STATES	USA					LEG			USA	MAINE	USA								1	046	046	04	1	7.0	2	1	2	-0.36656891495601	2	Maine, United States	US	USME		44.6074	-69.3977	ME	2	Maine, United States	US	USME		44.6074	-69.3977	ME	2	Maine, United States	US	USME		44.6074	-69.3977	ME	20250613230000	https://www.yahoo.com/news/ban-state-seizure-wabanaki-land-212702233.html
1249589568	20250613	202506	2025	2025.4466	USALEG	UNITED STATES	USA					LEG			USA	UNITED STATES	USA								0	190	190	19	4	-10.0	2	1	2	-3.45710627400769	3	Wauchula, Florida, United States	US	USFL	FL049	27.5473	-81.8115	292949	3	Wauchula, Florida, United States	US	USFL	FL049	27.5473	-81.8115	292949	3	Wauchula, Florida, United States	US	USFL	FL049	27.5473	-81.8115	292949	20250613230000	https://www.yahoo.com/news/lawmakers-seal-lean-budget-deal-221435453.html
1249589569	20250613	202506	2025	2025.4466	USAMED	THE ASSOCIATED PRESS	USA					MED			EDU	COLLEGE						EDU			0	042	042	04	1	1.9	4	1	4	-4.39770554493308	4	Ahmedabad, Gujarat, India	IN	IN09	17644	23.0333	72.6167	-2088270	4	Ahmedabad, Gujarat, India	IN	IN09	17644	23.0333	72.6167	-2088270	4	Ahmedabad, Gujarat, India	IN	IN09	17644	23.0333	72.6167	-2088270	20250613230000	https://www.yahoo.com/news/why-did-air-india-plane-220342083.html
1249589570	20250613	202506	2025	2025.4466	USAMED	THE ASSOCIATED PRESS	USA					MED			EDU	COLLEGE						EDU			0	042	042	04	1	1.9	6	1	6	-4.39770554493308	4	London, London, City of, United Kingdom	UK	UKH9	40110	51.5	-0.116667	-2601889	4	London, London, City of, United Kingdom	UK	UKH9	40110	51.5	-0.116667	-2601889	4	London, London, City of, United Kingdom	UK	UKH9	40110	51.5	-0.116667	-2601889	20250613230000	https://www.yahoo.com/news/why-did-air-india-plane-220342083.html
1249589571	20250613	202506	2025	2025.4466	USAMED	THE ASSOCIATED PRESS	USA					MED			EDU	COLLEGE						EDU			0	043	043	04	1	2.8	4	1	4	-4.39770554493308	4	Ahmedabad, Gujarat, India	IN	IN09	17644	23.0333	72.6167	-2088270	4	Ahmedabad, Gujarat, India	IN	IN09	17644	23.0333	72.6167	-2088270	4	Ahmedabad, Gujarat, India	IN	IN09	17644	23.0333	72.6167	-2088270	20250613230000	https://www.yahoo.com/news/why-did-air-india-plane-220342083.html
1249589572	20250613	202506	2025	2025.4466	USAMED	THE ASSOCIATED PRESS	USA					MED			EDU	COLLEGE						EDU			0	043	043	04	1	2.8	6	1	6	-4.39770554493308	4	London, London, City of, United Kingdom	UK	UKH9	40110	51.5	-0.116667	-2601889	4	London, London, City of, United Kingdom	UK	UKH9	40110	51.5	-0.116667	-2601889	4	London, London, City of, United Kingdom	UK	UKH9	40110	51.5	-0.116667	-2601889	20250613230000	https://www.yahoo.com/news/why-did-air-india-plane-220342083.html
1249589573	20250613	202506	2025	2025.4466	USAMED	THE ASSOCIATED PRESS	USA					MED			GOV	ADMINISTRATION						GOV			1	010	010	01	1	0.0	2	1	2	-5.03597122302159	2	California, United States	US	USCA		36.17	-119.746	CA	3	Los Angeles, California, United States	US	USCA		34.0522	-118.244	1662328	3	Los Angeles, California, United States	US	USCA		34.0522	-118.244	1662328	20250613230000	https://www.foxla.com/news/trump-administration-leaked-medicaid-immigration-status-to-dhs
1249589574	20250613	202506	2025	2025.4466	USAMED	THE ASSOCIATED PRESS	USA					MED			GOV	ADMINISTRATION						GOV			1	010	010	01	1	0.0	1	1	1	-5.03597122302159	2	California, United States	US	USCA		36.17	-119.746	CA	2	California, United States	US	USCA		36.17	-119.746	CA	3	Los Angeles, California, United States	US	USCA		34.0522	-118.244	1662328	20250613230000	https://www.foxla.com/news/trump-administration-leaked-medicaid-immigration-status-to-dhs
1249589575	20250613	202506	2025	2025.4466	USAMED	THE ASSOCIATED PRESS	USA					MED			GOV	ADMINISTRATION						GOV			1	060	060	06	2	6.0	3	1	3	-5.03597122302159	2	California, United States	US	USCA		36.17	-119.746	CA	2	California, United States	US	USCA		36.17	-119.746	CA	2	California, United States	US	USCA		36.17	-119.746	CA	20250613230000	https://www.foxla.com/news/trump-administration-leaked-medicaid-immigration-status-to-dhs
1249589576	20250613	202506	2025	2025.4466	USAMED	THE ASSOCIATED PRESS	USA					MED			USAGOV	UNITED STATES	USA					GOV			1	010	010	01	1	0.0	2	1	2	-5.03597122302159	2	California, United States	US	USCA		36.17	-119.746	CA	2	California, United States	US	USCA		36.17	-119.746	CA	2	California, United States	US	USCA		36.17	-119.746	CA	20250613230000	https://www.foxla.com/news/trump-administration-leaked-medicaid-immigration-status-to-dhs
1249589577	20250613	202506	2025	2025.4466	USAMED	THE ASSOCIATED PRESS	USA					MED			USAGOV	UNITED STATES	USA					GOV			1	060	060	06	2	6.0	2	1	2	-5.03597122302159	2	California, United States	US	USCA		36.17	-119.746	CA	2	California, United States	US	USCA		36.17	-119.746	CA	2	California, United States	US	USCA		36.17	-119.746	CA	20250613230000	https://www.foxla.com/news/trump-administration-leaked-medicaid-immigration-status-to-dhs
1249589578	20250613	202506	2025	2025.4466	VEN	VENEZUELAN	VEN								CVL	MIGRANT						CVL			1	120	120	12	3	-4.0	10	1	10	-5.38720538720539	4	Caracas, Distrito Federal, Venezuela	VE	VE25	31959	10.5	-66.9167	-938457	1	El Salvador	ES	ES		13.833333	-88.916667	ES	1	El Salvador	ES	ES		13.833333	-88.916667	ES	20250613230000	https://thefrontierpost.com/supporters-of-deported-venezuelans-denied-visit-to-salvadoran-jail/
1249589579	20250613	202506	2025	2025.4466	VEN	VENEZUELAN	VEN								SLV	EL SALVADOR	SLV								1	063	063	06	2	7.4	8	1	8	-5.38720538720539	4	Caracas, Distrito Federal, Venezuela	VE	VE25	31959	10.5	-66.9167	-938457	4	Caracas, Distrito Federal, Venezuela	VE	VE25	31959	10.5	-66.9167	-938457	4	Caracas, Distrito Federal, Venezuela	VE	VE25	31959	10.5	-66.9167	-938457	20250613230000	https://thefrontierpost.com/supporters-of-deported-venezuelans-denied-visit-to-salvadoran-jail/
1249589580	20250613	202506	2025	2025.4466	VEN	VENEZUELA	VEN								SLV	EL SALVADOR	SLV								1	063	063	06	2	7.4	2	1	2	-5.38720538720539	4	Caracas, Distrito Federal, Venezuela	VE	VE25	31959	10.5	-66.9167	-938457	1	El Salvador	ES	ES		13.833333	-88.916667	ES	4	Caracas, Distrito Federal, Venezuela	VE	VE25	31959	10.5	-66.9167	-938457	20250613230000	https://thefrontierpost.com/supporters-of-deported-venezuelans-denied-visit-to-salvadoran-jail/
1249589581	20250613	202506	2025	2025.4466	VNM	VIETNAM	VNM								NGOCHR	HABITAT FOR HUMANITY				CHR		NGO			1	051	051	05	1	3.4	8	1	8	4.39560439560439	3	Vandalia, Ohio, United States	US	USOH	OH113	39.8906	-84.1988	1049271	3	Vandalia, Ohio, United States	US	USOH	OH113	39.8906	-84.1988	1049271	3	Vandalia, Ohio, United States	US	USOH	OH113	39.8906	-84.1988	1049271	20250613230000	https://www.whio.com/news/local/vietnam-veteran-gets-new-home-vandalia-thanks-habitat-humanity/TRIKVQRI7ZCO7GEBNC573222A4/
1249589582	20250613	202506	2025	2025.4466	VUT	VANUATU	VUT																		0	010	010	01	1	0.0	2	1	2	0.3125	4	Lelepa, Shefa, Vanuatu	NH	NH18	40197	-17.6	168.217	-2137587	0								4	Lelepa, Shefa, Vanuatu	NH	NH18	40197	-17.6	168.217	-2137587	20250613230000	https://www.dailypost.vu/news/cash-transfer-the-ghost-initiative-that-disappeared-with-millions/article_60618d5a-e38b-50b6-a9f2-b8c385d80fa0.html
1249589583	20250613	202506	2025	2025.4466	VUT	VANUATU	VUT																		1	013	013	01	1	0.4	2	1	2	-3.14606741573033	1	Vanuatu	NH	NH		-16	167	NH	0								1	Vanuatu	NH	NH		-16	167	NH	20250613230000	https://www.dailypost.vu/news/vanuatu-pushes-legal-limits-to-demand-climate-accountability/article_bb7a62b7-d796-56fc-888b-d1a907ce5cbe.html
1249589584	20250613	202506	2025	2025.4466	VUT	VANUATU	VUT																		1	051	051	05	1	3.4	10	1	10	-3.14606741573033	1	Vanuatu	NH	NH		-16	167	NH	0								1	Vanuatu	NH	NH		-16	167	NH	20250613230000	https://www.dailypost.vu/news/vanuatu-pushes-legal-limits-to-demand-climate-accountability/article_bb7a62b7-d796-56fc-888b-d1a907ce5cbe.html
1249589585	20250613	202506	2025	2025.4466	VUT	VANUATU	VUT																		1	057	057	05	1	8.0	10	1	10	-3.14606741573033	1	Vanuatu	NH	NH		-16	167	NH	0								1	Vanuatu	NH	NH		-16	167	NH	20250613230000	https://www.dailypost.vu/news/vanuatu-pushes-legal-limits-to-demand-climate-accountability/article_bb7a62b7-d796-56fc-888b-d1a907ce5cbe.html
1249589586	20250613	202506	2025	2025.4466	VUT	VANUATU	VUT																		0	073	073	07	2	7.4	6	1	6	-1.80722891566265	4	Efate, Shefa, Vanuatu	NH	NH18	40197	-17.6667	168.417	-2136968	0								4	Efate, Shefa, Vanuatu	NH	NH18	40197	-17.6667	168.417	-2136968	20250613230000	https://www.dailypost.vu/news/2-309-girls-vaccinated-against-hpv-since-2024/article_a656d8b3-8c7d-5e86-aa77-fff97c12240b.html
1249589587	20250613	202506	2025	2025.4466	VUT	VANUATU	VUT								CVL	COMMUNITY						CVL			1	010	010	01	1	0.0	10	1	10	-3.14606741573033	1	Vanuatu	NH	NH		-16	167	NH	1	Vanuatu	NH	NH		-16	167	NH	1	Vanuatu	NH	NH		-16	167	NH	20250613230000	https://www.dailypost.vu/news/vanuatu-pushes-legal-limits-to-demand-climate-accountability/article_bb7a62b7-d796-56fc-888b-d1a907ce5cbe.html
1249589588	20250613	202506	2025	2025.4466	VUT	VANUATU	VUT								GOV	GOVERNMENT						GOV			0	040	040	04	1	1.0	8	1	8	-0.29585798816568	4	Efate, Shefa, Vanuatu	NH	NH18	40197	-17.6667	168.417	-2136968	4	Efate, Shefa, Vanuatu	NH	NH18	40197	-17.6667	168.417	-2136968	4	Efate, Shefa, Vanuatu	NH	NH18	40197	-17.6667	168.417	-2136968	20250613230000	https://www.dailypost.vu/news/salili-eviction-displaces-300-families-appeal-for-help/article_ac5c67d4-4d26-5e5c-b3a6-731b9bdc199c.html
1249589589	20250613	202506	2025	2025.4466	VUT	VANUATU	VUT								GOV	GOVERNMENT						GOV			0	120	120	12	3	-4.0	10	1	10	-0.29585798816568	4	Efate, Shefa, Vanuatu	NH	NH18	40197	-17.6667	168.417	-2136968	4	Efate, Shefa, Vanuatu	NH	NH18	40197	-17.6667	168.417	-2136968	4	Efate, Shefa, Vanuatu	NH	NH18	40197	-17.6667	168.417	-2136968	20250613230000	https://www.dailypost.vu/news/salili-eviction-displaces-300-families-appeal-for-help/article_ac5c67d4-4d26-5e5c-b3a6-731b9bdc199c.html
1249589590	20250613	202506	2025	2025.4466	VUT	VANUATU	VUT								IGOUNO	UNITED NATIONS		UNO				IGO			1	051	051	05	1	3.4	10	1	10	-3.14606741573033	1	Vanuatu	NH	NH		-16	167	NH	1	Vanuatu	NH	NH		-16	167	NH	1	Vanuatu	NH	NH		-16	167	NH	20250613230000	https://www.dailypost.vu/news/vanuatu-pushes-legal-limits-to-demand-climate-accountability/article_bb7a62b7-d796-56fc-888b-d1a907ce5cbe.html
1249589591	20250613	202506	2025	2025.4466	YEM	YEMEN	YEM								IRN	TEHRAN	IRN								0	052	052	05	1	3.5	10	1	10	-7.86516853932584	4	Tehran, Tehran, Iran	IR	IR26	41130	35.75	51.5148	10074674	4	Tehran, Tehran, Iran	IR	IR26	41130	35.75	51.5148	10074674	4	Tehran, Tehran, Iran	IR	IR26	41130	35.75	51.5148	10074674	20250613230000	https://dunyanews.tv/en/World/889241-how-the-world-is-reacting-to-israel-attacks-on-iran-nuclear-military-
1249589592	20250613	202506	2025	2025.4466	dak	SIOUX			dak						USA	DAKOTA	USA								1	051	051	05	1	3.4	10	1	10	1.87793427230047	0								0								0								20250613230000	https://www.dakotanewsnow.com/2025/06/13/banquet-celebrates-40-years-operation/
1249589593	20250613	202506	2025	2025.4466	idg	INDIGENOUS			idg																1	050	050	05	1	3.5	4	1	4	-1.02214650766609	1	France	FR	FR		46	2	FR	0								1	France	FR	FR		46	2	FR	20250613230000	https://www.cbc.ca/news/canada/montreal/quebec-city-third-link-chapais-farm-land-indignous-communities-1.7560698
1249589594	20250613	202506	2025	2025.4466	idg	INDIGENOUS			idg						USA	MISSOURI	USA								1	090	090	09	2	-2.0	10	1	10	1.9438444924406	2	Missouri, United States	US	USMO		38.4623	-92.302	MO	2	Missouri, United States	US	USMO		38.4623	-92.302	MO	2	Missouri, United States	US	USMO		38.4623	-92.302	MO	20250613230000	https://unfspinnaker.com/109866/latest/unf-students-participate-in-timucuan-preserve-excavation/
1249589595	20250613	202506	2025	2025.4466	larJUD	LARI			lar			JUD			lar	LARI			lar						0	010	010	01	1	0.0	3	1	3	-4.04097894137735	3	Chicago, Illinois, United States	US	USIL	IL031	41.85	-87.6501	423587	3	Chicago, Illinois, United States	US	USIL	IL031	41.85	-87.6501	423587	3	Chicago, Illinois, United States	US	USIL	IL031	41.85	-87.6501	423587	20250613230000	https://www.yahoo.com/news/ex-illinois-house-speaker-michael-220600809.html
1249589596	20250613	202506	2025	2025.4466	ogoOPP	OGONI			ogo			OPP			GOV	PRESIDENT						GOV			0	120	120	12	3	-4.0	6	1	6	-6.49558941459503	4	Niger Delta, Nigeria (general), Nigeria	NI	NI00	23074	4.83333	6	-2020890	4	Niger Delta, Nigeria (general), Nigeria	NI	NI00	23074	4.83333	6	-2020890	4	Niger Delta, Nigeria (general), Nigeria	NI	NI00	23074	4.83333	6	-2020890	20250613230000	https://www.okayafrica.com/today-in-africa-news-brief-2025/
1249589597	20250613	202506	2025	2025.4466	ogoOPP	OGONI			ogo			OPP			GOV	PRESIDENT						GOV			0	120	120	12	3	-4.0	2	1	2	-6.49558941459503	4	Niger Delta, Nigeria (general), Nigeria	NI	NI00	23074	4.83333	6	-2020890	1	Chad	CD	CD		15	19	CD	4	Niger Delta, Nigeria (general), Nigeria	NI	NI00	23074	4.83333	6	-2020890	20250613230000	https://www.okayafrica.com/today-in-africa-news-brief-2025/
1249589598	20250613	202506	2025	2025.4466	ogoOPP	OGONI			ogo			OPP			TCDGOV	CHAD	TCD					GOV			0	120	120	12	3	-4.0	2	1	2	-6.49558941459503	4	Niger Delta, Nigeria (general), Nigeria	NI	NI00	23074	4.83333	6	-2020890	1	Chad	CD	CD		15	19	CD	4	Niger Delta, Nigeria (general), Nigeria	NI	NI00	23074	4.83333	6	-2020890	20250613230000	https://www.okayafrica.com/today-in-africa-news-brief-2025/
1249589599	20250613	202506	2025	2025.4466	scn	SICILIAN			scn						USA	AMERICAN	USA								1	030	030	03	1	4.0	1	1	1	2.7431421446384	2	New York, United States	US	USNY		42.1497	-74.9384	NY	2	Texas, United States	US	USTX		31.106	-97.6475	TX	2	New York, United States	US	USNY		42.1497	-74.9384	NY	20250613230000	https://www.publishersweekly.com:443/pw/by-topic/industry-news/tip-sheet/article/98008-celebrating-the-later-work-of-edmund-white.html
1249589600	20250613	202506	2025	2025.4466	scn	SICILIAN			scn						USA	AMERICAN	USA								1	030	030	03	1	4.0	1	1	1	2.7431421446384	2	Texas, United States	US	USTX		31.106	-97.6475	TX	2	New York, United States	US	USNY		42.1497	-74.9384	NY	2	Texas, United States	US	USTX		31.106	-97.6475	TX	20250613230000	https://www.publishersweekly.com:443/pw/by-topic/industry-news/tip-sheet/article/98008-celebrating-the-later-work-of-edmund-white.html
1249589601	20250613	202506	2025	2025.4466	scn	SICILIAN			scn						USA	AMERICAN	USA								1	030	030	03	1	4.0	3	1	3	2.7431421446384	2	Texas, United States	US	USTX		31.106	-97.6475	TX	2	Texas, United States	US	USTX		31.106	-97.6475	TX	2	Texas, United States	US	USTX		31.106	-97.6475	TX	20250613230000	https://www.publishersweekly.com:443/pw/by-topic/industry-news/tip-sheet/article/98008-celebrating-the-later-work-of-edmund-white.html
1249589602	20250613	202506	2025	2025.4466	sco	SCOTTISH			sco																1	042	042	04	1	1.9	10	1	10	-2.35294117647059	2	Kentucky, United States	US	USKY		37.669	-84.6514	KY	0								2	Kentucky, United States	US	USKY		37.669	-84.6514	KY	20250613230000	https://960weli.iheart.com/featured/coast-to-coast-am/content/2025-06-13-this-weeks-weird-news-61325/
